Year,Month,Day,sBD1_005,sBD1_007,sBD1_009,sBD1_014,sBD1_021,sBD1_024,sBD1_037,sBD1_042,sBD1_043,sBD1_044,sBD1_055,sBD1_061,sBD1_062,sBD1_065,sBD1_071,sBD1_078,sBD1_082,sBD1_094,BD2_002,BD2_007,BD2_009,BD2_012,BD2_024,BD2_026,BD2_027,BD2_028,BD2_031,BD2_032,BD2_033,BD2_037,BD2_042,BD2_043,BD2_045,BD2_046,BD2_048,BD2_050
2020,1,1,5.17274754069122e-05,0.000158114739203921,2.29134329925139e-05,6.31794553282622e-06,1.7229478655958e-05,0,0,7.65095306635665e-05,0,0.00235204044739645,0.0020043868074284,0.002886459886828,0.00425868696605708,0.00545217526016888,0.00302165721435732,0.00152984326556759,0,0.00133170332426377,0.00244807109694699,0,0,0,0,0,0.00353472698861921,3.37279920523172e-06,0.000261996233981035,0.00858981125171158,0.00577508195358935,0,0.0018310328073923,0.00118990479344642,2.30891817934008e-05,0.00594805563176888,0,0
2020,1,6,6.29307323563962e-05,0.000180898972922573,2.63536670504976e-05,7.75330421985984e-06,2.28180034831402e-05,0,0,9.40552188447265e-05,0,0.00239336830199647,0.00210408769036503,0.00317222980988874,0.00443485461797788,0.00556651480497551,0.00319646136512809,0.00155501435524614,0,0.00139348330016148,0.00260080794501299,0,0,0,0,0,0.003662968056196,4.06405904635856e-06,0.00030055921790033,0.0089074119201991,0.00614214933376279,0,0.00191584991878966,0.00127805115987715,2.50175346889066e-05,0.00616082509446489,0,0
2020,1,11,7.55134057822819e-05,0.000204699980660419,2.99887963791743e-05,9.39847635959182e-06,2.96432422493316e-05,0,0,0.000114243671354882,0,0.00242760306836425,0.00220722133845851,0.00348583281988155,0.00461307196543257,0.00567914770125553,0.00337095848097596,0.00157975263530985,0,0.00145754593962408,0.00275748155952336,0,0,0,0,0,0.00379275602707288,4.90397901262448e-06,0.000344126081357274,0.00922051798357621,0.00651649263433227,0,0.00200292992737453,0.00136766038162069,2.7079793782419e-05,0.00637810948968298,0,0
2020,1,16,8.95512758595279e-05,0.000229512366934577,3.3823005508259e-05,1.12788179519832e-05,3.78718455543912e-05,0,0,0.000137359143512615,0,0.00245445465324374,0.00231372502150421,0.00382927892051639,0.00479314522590003,0.00578995687677683,0.00354411107628625,0.00160400567382242,0,0.00152403348380942,0.00291756038030374,0,0,0,0,0,0.00392392940210445,5.86436695459771e-06,0.000392749042392464,0.00952804196893251,0.00689663682581893,0,0.00209225400833264,0.00145840566606696,2.92788672833906e-05,0.00659982423744604,0,0
2020,1,21,0.000105134216468097,0.000255325498744238,3.78622429517611e-05,1.34117387424734e-05,4.76705232236078e-05,0,0,0.000163684599243747,0,0.0024737149180211,0.00242356999586288,0.00420458769801952,0.00497473397593634,0.00589873458986407,0.0037150850727135,0.00162777337882994,0,0.0015928482904354,0.00308047334639647,0,0,0,0,0,0.00405635522877676,7.02567458128405e-06,0.000447044169313023,0.0098286311767676,0.00728100744801475,0,0.00218372639131639,0.00154988096337888,3.16309237477713e-05,0.0068258654548306,0,0
2020,1,26,0.00012233073358746,0.000282128742674617,4.21115968441694e-05,1.58247205204004e-05,5.91973055505083e-05,0,0,0.000193533777631643,0,0.00248523325874104,0.00253688393855104,0.00461353459251202,0.00515759411897817,0.00600537156435431,0.00388254373401752,0.00165099732582121,0,0.00166412674982024,0.00324562560436119,0,0,0,0,0,0.0041897981588003,8.3774293595078e-06,0.000507610986946475,0.0101210575408049,0.00766790099465615,0,0.00227728089746398,0.00164163790690367,3.4131375116855e-05,0.00705610857291894,0,0
2020,1,31,0.000141246803276861,0.00030990991932064,4.65790008534961e-05,1.85495055213375e-05,7.26475262563534e-05,0,0,0.000227212045015879,0,0.00248897416629617,0.00265352081574331,0.00505787465228793,0.00534137094271498,0.00610974825804772,0.00404585051234227,0.00167367486675541,0,0.00173824124887303,0.00341234119574135,0,0,0,0,0,0.00432408971512741,9.93044727578222e-06,0.000574923684820965,0.0104041733850137,0.00805554991315332,0,0.00237284235088399,0.00173342515103023,3.67924509941024e-05,0.00729040698070378,0,0
2020,2,5,0.00016199091814532,0.000338652730784699,5.12650619707766e-05,2.16131494773431e-05,8.81623642543623e-05,0,0,0.00026509604908087,0,0.00248489839379284,0.00277355049913635,0.00553917508727404,0.00552574884662843,0.0062116824215965,0.00420402324610477,0.00169576064843003,0,0.00181498966956942,0.00357998230998154,0,0,0,0,0,0.00445901062669873,1.17767296921044e-05,0.000649310075722444,0.0106767041605812,0.00844196832381831,0,0.00247031851735352,0.00182469116951876,3.96243364113689e-05,0.00752859071236605,0,0
2020,2,10,0.000184715305758668,0.000368343471824019,5.61787739058532e-05,2.50515565024154e-05,0.000105933340608457,0,0,0.000307517749717366,0,0.00247299682935942,0.00289684509836964,0.00605850196075011,0.00571042115686241,0.00631099106836666,0.00435628940783393,0.00171723309539211,0,0.00189458281293133,0.0037477937713204,0,0,0,0,0,0.00459440537456256,1.39323347007311e-05,0.00073163308563003,0.01093743409793,0.00882532315019651,0,0.00256964961461461,0.0019152170807856,4.26293998602978e-05,0.00777046519514648,0,0
2020,2,15,0.000209522360598465,0.000398965946740728,6.13231974742596e-05,2.88992640772341e-05,0.000126163195706786,0,0,0.000354839791603778,0,0.00245340745852067,0.00302345888703209,0.00661671927400462,0.0058950309554388,0.00640762274500478,0.00450182285410992,0.00173807902402271,0,0.00197703002233026,0.00391502860752275,0,0,0,0,0,0.0047299899565787,1.63957036148491e-05,0.000822296893040482,0.0111851685357443,0.00920335515245128,0,0.00267068572361245,0.00200479179891263,4.5820763564514e-05,0.00801581007567177,0,0
2020,2,20,0.000236609313679143,0.000430498536088045,6.67088296945703e-05,3.31970078628085e-05,0.000149024450742831,0,0,0.000407439580628594,0,0.00242630505960515,0.00315327849682295,0.00721442768163234,0.00607927789216685,0.00650138184493399,0.00464018684857156,0.00175825601496041,0,0.00206269773858423,0.00408090195941105,0,0,0,0,0,0.00486555479151736,1.9296964451119e-05,0.000921906962463253,0.0114188068852115,0.00957411156930843,0,0.0027732804206821,0.00209325794029937,4.92077069541194e-05,0.00826437814305695,0,0
2020,2,25,0.000266188175154646,0.000462924616829237,7.23377713448768e-05,3.79933052070846e-05,0.00017467241565397,0,0,0.000465662846551426,0,0.00239193247757681,0.00328637295998153,0.00785143048625069,0.00626283128449231,0.0065922114532692,0.0047706695203827,0.0017777480986588,0,0.00215146465508566,0.00424464706294531,0,0,0,0,0,0.00500086975231159,2.25970525285291e-05,0.00103096150618538,0.011637267823056,0.00993543348164623,0,0.00287731383347546,0.00218055452735268,5.2785049087071e-05,0.00851589436737004,0,0
2020,3,1,0.000298471902375572,0.000496223554820572,7.82184693884641e-05,4.33379850289445e-05,0.000203306962684096,0,0,0.000529930440283327,0,0.00235058784119971,0.00342242396430081,0.00852731139001499,0.00644539014013869,0.00667998871456286,0.00489300638873559,0.0017965384525039,0,0.00224350104596645,0.00440543704162917,0,0,0,0,0,0.00513570258403589,2.64049741167703e-05,0.00115005537035986,0.011839592756749,0.0102851623539636,0,0.00298264209543649,0.00226651434352921,5.65693741390748e-05,0.00877005507209661,0,0
2020,3,6,0.000333744788564358,0.000530368360098442,8.43546435232571e-05,4.92813738966355e-05,0.00023518353596341,0,0,0.000600628217004059,0,0.00230264447208277,0.00356138578942371,0.00924081213713974,0.0066266277589311,0.00676463937867935,0.00500685826835174,0.00181461477745216,0,0.00233896772620103,0.00456246331341981,0,0,0,0,0,0.00526978828327871,3.07726992002937e-05,0.00127986547561017,0.0120248666752508,0.0106212494371812,0,0.00308913710414295,0.00235112544191064,6.05658483421626e-05,0.0090265272590667,0,0
2020,3,11,0.000372295980261688,0.000565336965800199,9.07571814428297e-05,5.58896795969864e-05,0.00027042582636133,0,0,0.000678122569088559,0,0.00224850564146539,0.00370317936656067,0.00999020471243267,0.00680624829279634,0.00684606350512211,0.00511225521222115,0.00183193727682202,0,0.00243795637105557,0.00471489543837065,0,0,0,0,0,0.00540292963170458,3.58319431491752e-05,0.00142092557419655,0.0121921901093816,0.0109416180717431,0,0.00319661560648181,0.00243461323175444,6.47891310964759e-05,0.00928494810389318,0,0
2020,3,16,0.00041448249597857,0.000601104208449589,9.74287775562272e-05,6.32114741247147e-05,0.000309167626480777,0,0,0.000762803322813631,0,0.00218864208109678,0.00384777369740165,0.0107730146765846,0.00698396026774114,0.00692417632926719,0.00520941838878305,0.00184850238312062,0,0.00254062642555779,0.00486189778588959,0,0,0,0,0,0.00553477971293499,4.15639931204424e-05,0.00157373383631372,0.0123409054914295,0.0112443449653116,0,0.00330492885717997,0.00251710579469163,6.92468626974188e-05,0.00954492463930983,0,0
2020,3,21,0.000460619683455383,0.000637643051486303,0.000104379082861352,7.132840969516e-05,0.000351637490576122,0,0,0.000855057929798951,0,0.00212355797169585,0.00399494938747057,0.0115859731793465,0.0071594858341206,0.00699894051931016,0.00529820807778526,0.00186429236752879,0,0.00264709569201291,0.00500259332593948,0,0,0,0,0,0.00566511289985196,4.80868235155659e-05,0.00173880576412461,0.0124703727103347,0.0115274192700261,0,0.00341385118284566,0.00259878200959198,7.39390867358682e-05,0.00980603364288367,0,0
2020,3,26,0.000511204628979477,0.000674925687814783,0.000111614243831898,8.03204786891333e-05,0.000397963813860445,0,0,0.000955246954409822,0,0.00205381252369032,0.00414464597086225,0.0124251565525846,0.00733256306478672,0.00707026462904981,0.00537940396789239,0.00187930262637074,0,0.00275749651844682,0.00513613799861823,0,0,0,0,0,0.00579367902905761,5.55172803893302e-05,0.00191666522705958,0.0125800144195699,0.0117892835975078,0,0.0035232236683094,0.00268002539728583,7.88873359087337e-05,0.0100678217444064,0,0
2020,3,31,0.000566553919369435,0.000712920340796828,0.000119144442586087,9.02662276436234e-05,0.000448349732848521,0,0,0.00106372397055051,0,0.00198001568204306,0.00429669114632348,0.0132857767951632,0.00750294818044069,0.0071381216599443,0.00545335783369134,0.00189350061874501,0,0.00287200790047916,0.00526170601540591,0,0,0,0,0,0.00592020709322423,6.39470423805985e-05,0.00210788768670466,0.012669329820082,0.0120279586728937,0,0.00363286906679858,0.00276137492620143,8.4087425354599e-05,0.0103298057668454,0,0
2020,4,5,0.000627159788171547,0.000751596569780567,0.000126975325248427,0.000101258881197987,0.00050293234557298,0,0,0.00118084544242562,0,0.00190284884694795,0.00445093112971641,0.014162338278089,0.00767041767286421,0.00720247953336017,0.00552086996679597,0.0019068885039386,0,0.00299074521919173,0.0053784448979668,0,0,0,0,0,0.00604444074809249,7.34898229386837e-05,0.00231272803636987,0.0127381585120204,0.0122419861222537,0,0.00374258159996979,0.00284313479603647,8.95567197178601e-05,0.0105914733130606,0,0
2020,4,10,0.000693458624307044,0.000790919734840369,0.000135119648760407,0.000113371173826128,0.000561917480374234,0,0,0.00130690393419713,0,0.00182304937045213,0.00460715870722535,0.0150486185583516,0.00783477029591937,0.00726331835688715,0.00558269099213675,0.00191945294211406,0,0.00311380492670832,0.00548553074383933,0,0,0,0,0,0.00616612196086208,8.42544900910701e-05,0.00253174904272088,0.0127863704584314,0.0124301326321356,0,0.0038521490639329,0.00292595775614008,9.52951437011097e-05,0.0108522836085779,0,0
2020,4,15,0.000765904564014058,0.000830853769744948,0.000143579539026979,0.000126729814690637,0.000625397435963281,0,0,0.00144223521482218,0,0.00174130328125589,0.00476532372048372,0.0159376926096974,0.00799582889378072,0.0073206307882695,0.00563991597094812,0.00193119356230609,0,0.00324136381394458,0.00558216630009106,0,0,0,0,0,0.00628501282715321,9.63459041359207e-05,0.00276524449045924,0.0128139501798359,0.0125912243978587,0,0.00396134974544,0.00301044475170969,0.000101317352951866,0.0111116686085626,0,0
2020,4,20,0.000844842994794411,0.000871360595999802,0.000152366322778144,0.000141426945418315,0.000693665372516247,0,0,0.00158708203240333,0,0.0016581361809419,0.00492506268264596,0.0168220112377869,0.00815344203583598,0.0073744238367104,0.00569344058128151,0.00194210051904249,0,0.00337357935318552,0.00566758199254793,0,0,0,0,0,0.00640083577547694,0.000109979246895367,0.00301352772029715,0.0128208360993191,0.0127242681654772,0,0.00406998411700845,0.00309745827240194,0.000107620687702254,0.0113690343747846,0,0
2020,4,25,0.000930706733967936,0.000912399141075436,0.00016149296669722,0.000157587264357414,0.000767015868671446,0,0,0.00174168140955426,0,0.0015743694320038,0.00508634542674026,0.0176934887828496,0.00830748542809784,0.00742471350219426,0.00574470914354036,0.00195216757750062,0,0.00351069875959851,0.0057410674861206,0,0,0,0,0,0.00651336942552414,0.000125282705684481,0.0032766655620793,0.0128074655995402,0.0128285181736846,0,0.00417780192660903,0.00318754077856326,0.000114225757248117,0.0116237627258102,0,0
2020,4,30,0.00102381878735401,0.00095392653737529,0.000170962781017585,0.000175302442480004,0.000845782116501379,0,0,0.00190623496711045,0,0.00149085624427678,0.00524893669201399,0.0185436114930223,0.00845786307183813,0.00747153307387334,0.00579511679553325,0.00196139478107675,0,0.0036527595229185,0.00580196640212815,0,0,0,0,0,0.00662236776250926,0.000142377862045751,0.00355482812761616,0.0127740859861766,0.0129035825980342,0,0.0042846557272567,0.00328173988273108,0.000121142556291479,0.0118752131609462,0,0
2020,5,5,0.00112442791782775,0.000995897858299993,0.000180790308553806,0.000194719036197975,0.000930256814233631,0,0,0.00208090174820655,0,0.00140818755120014,0.00541253256951333,0.019363565492884,0.00860450814151247,0.00751492813345065,0.00584587061781368,0.00196977769660901,0,0.00379980975698967,0.0058496664602982,0,0,0,0,0,0.00672762080992948,0.000161479640631438,0.00384820286776708,0.0127213689832175,0.0129491754464045,0,0.00439024576125244,0.00338075490144231,0.000128362884046732,0.0121227250556006,0,0
2020,5,10,0.001232771314552,0.00103826505199785,0.00019098158068924,0.000215961748665742,0.00102095701939139,0,0,0.00226582799767094,0,0.00132712786358002,0.00557705384111962,0.0201443821583397,0.00874738355590539,0.00755495789495161,0.00589860441333718,0.00197733401804498,0,0.00395208761860057,0.00588364692508908,0,0,0,0,0,0.00682890657945919,0.000182759938018702,0.00415665151839203,0.0126497633538285,0.0129650921690608,0,0.00449437859910051,0.00348544852871548,0.000135908171432627,0.0123656201227621,0,0
2020,5,15,0.0013489658881708,0.00108097727501243,0.000201548548496141,0.00023911704630802,0.00111825341699137,0,0,0.00246106984903994,0,0.00124843506143041,0.00574221478050727,0.0208770978564644,0.00888648221880433,0.00759169523662083,0.00595462842306204,0.00198404662272447,0,0.00410967884557271,0.00590347948262703,0,0,0,0,0,0.00692602155408904,0.000206336215363669,0.00448001162219955,0.0125601679406771,0.0129516955084947,0,0.00459684484506126,0.00359675165638846,0.000143776159075779,0.0126032051322617,0,0
2020,5,20,0.00147298999458691,0.00112398078232485,0.000212502098485092,0.000264354042797637,0.00122285734778903,0,0,0.00266671589952449,0,0.00117279160401979,0.00590785207295165,0.0215529242200565,0.0090218269084073,0.00762522665905313,0.00601559292858875,0.00198993176960769,0,0.00427270218352775,0.00590883577166467,0,0,0,0,0,0.00701878276743329,0.000232514746763902,0.00481814827412858,0.0124534457093596,0.0129092880549849,0,0.00469740742534198,0.00371551128020757,0.000151977105056063,0.0128347748764027,0,0
2020,5,25,0.0016048366549469,0.00116721883104349,0.000223850786327487,0.000291779385214329,0.00133524262343206,0,0,0.0028826677665537,0,0.00110099392461075,0.00607372704065613,0.0221634244489408,0.00915346979807685,0.00765565216450991,0.00608320663716848,0.00199499011147938,0,0.00444128383727227,0.00589949544625136,0,0,0,0,0,0.00710702495860571,0.000261481109504005,0.00517079887361619,0.0123305509141475,0.0128385360412352,0,0.00479586026035018,0.00384260490115979,0.000160520517343173,0.0130596153674758,0,0
2020,5,30,0.00174432940390713,0.0012106316013673,0.000235607725719302,0.000321535517902979,0.00145594907285192,0,0,0.00310890126241201,0,0.00103339571679012,0.00623952697145806,0.0227006981690047,0.00928149159495646,0.00768308505262779,0.00615874567378862,0.00199924621312639,0,0.00461554538470066,0.00587535370424751,0,0,0,0,0,0.00719058048831928,0.000293371406537025,0.00553741948168095,0.0121925893467539,0.0127403525052409,0,0.00489200223002699,0.00397881712072316,0.000169410101828596,0.0132770072496403,0,0
2020,6,4,0.00189124480302303,0.00125415613748207,0.000247782416527282,0.000353734137041836,0.00158558875321947,0,0,0.00334528474629333,0,0.000970670051518117,0.00640500638270211,0.0231575066953075,0.00940600028733687,0.0077076516280702,0.00624374717468433,0.00200269260453106,0,0.00479552985065905,0.005836443027517,0,0,0,0,0,0.00726930708123188,0.000328466407257159,0.00591758055445322,0.0120408243968178,0.0126159956722213,0,0.00498561213886633,0.00412475053298593,0.000178649571885467,0.0134862294047109,0,0
2020,6,9,0.00204512443202966,0.00129772631180512,0.000260385652334411,0.000388512135774232,0.00172469213688716,0,0,0.00359164040116148,0,0.000913420967062213,0.00657002035086726,0.0235275622420523,0.00952712949646376,0.00772949081610702,0.00633948177358033,0.00200534375979224,0,0.00498131882449427,0.00578292507255068,0,0,0,0,0,0.00734308296428548,0.000366921173302677,0.0063105229815781,0.0118765660392958,0.0124666631170911,0,0.00507649929049309,0.00428097089808017,0.000188242772311517,0.0136865627285666,0,0
2020,6,14,0.00220577028560039,0.00134127281533484,0.000273428115528855,0.000425975641978669,0.00187354515408648,0,0,0.0038477393736267,0,0.000862268533335356,0.00673432026763396,0.0238055080235197,0.00964503643366608,0.00774875368263512,0.0064476452056992,0.00200722682313614,0,0.00517300135753139,0.00571506737541514,0,0,0,0,0,0.0074118002815193,0.0004090294810561,0.00671557297593577,0.0117012560743897,0.0122938462169359,0,0.00516452247773224,0.00444798553190661,0.000198194024365937,0.0138772940522474,0,0
2020,6,19,0.00237251217217235,0.00138472317681021,0.000286921370162937,0.000466242139043381,0.00203251371745379,0,0,0.00411329374299229,0,0.000817574684171135,0.00689771802562316,0.0239871968672762,0.00975989946919906,0.00776560285577214,0.0065693521983287,0.002008339745051,0,0.0053706323083236,0.0056333040581116,0,0,0,0,0,0.0074753686015295,0.000455025109617535,0.00713189350589102,0.0115162301598655,0.0120991627252408,0,0.00524940269138426,0.00462598380410384,0.000208518058003151,0.0140577201793609,0,0
2020,6,24,0.00254502945573532,0.00142800181310268,0.00030087620276222,0.000509391311752555,0.00220187427098786,0,0,0.00438796656101636,0,0.000779953615366591,0.00705986365939961,0.0240696232148061,0.00987191532496953,0.00778021184686788,0.00670587603341287,0.00200871021824319,0,0.00557425263829066,0.00553817097565236,0,0,0,0,0,0.0075337230791974,0.000505063189186585,0.0075584800532183,0.0113229769475175,0.0118842860754499,0,0.0053310698433526,0.00481524010703479,0.000219204152534299,0.0142271520092248,0,0
2020,6,29,0.00272293332361892,0.00147103011295402,0.000315300341915216,0.000555556446374162,0.00238145873715476,0,0,0.004671347849742,0,0.000749530021741942,0.00722067304358661,0.0240511716523055,0.00998129590926631,0.00779277524232127,0.00685834734912441,0.00200835454891276,0,0.00578388848139527,0.00543032998932535,0,0,0,0,0,0.00758680221981918,0.000559375336451081,0.00799430120883217,0.0111230932992747,0.0116512728097683,0,0.00540928519210939,0.00501557716263909,0.000230264958619138,0.0143849187132598,0,0
2020,7,4,0.00290560011410752,0.00151372655581872,0.000330205445718225,0.000604801202168884,0.00257126368748589,0,0,0.00496299630175733,0,0.000726965398232856,0.00737980369356606,0.0239316313724313,0.0100882648176688,0.00780346580115459,0.00702745719494103,0.00200729116421732,0,0.00599957764414963,0.00531055582773855,0,0,0,0,0,0.00763457726695539,0.00061819626469048,0.00843820444832105,0.0109181348542833,0.0114024730693767,0,0.00548392304243749,0.00522667814747056,0.000241692545197323,0.0145303719305526,0,0
2020,7,9,0.00309283110372588,0.00155600686717231,0.00034560153327513,0.000657199432538432,0.00277071592823422,0,0,0.00526239805244209,0,0.000712398151706798,0.00753712454274843,0.0237120839818586,0.0101930535303597,0.00781253532973687,0.0072143127371196,0.00200554531882683,0,0.00622126491971311,0.0051797074111913,0,0,0,0,0,0.00767700926930806,0.000681752575943848,0.00888883618678477,0.0107096341386997,0.0111394425189023,0,0.00555486227458613,0.00544799738302034,0.000253496657055655,0.0146628899472605,0,0
2020,7,14,0.00328431920458752,0.00159778421121071,0.000361497968498083,0.000712833080083146,0.00297951343785651,0,0,0.00556900356784156,0,0.000706176977696375,0.00769223531408812,0.0233950452168241,0.0102958973420208,0.00782017216274226,0.00741961638435245,0.00200313605503661,0,0.00644894932155553,0.00503876145786131,0,0,0,0,0,0.00771409639562843,0.000750193099675655,0.00934491869903828,0.0104993178829764,0.0108647350875345,0,0.00562197676303657,0.0056788293720249,0.000265678397544236,0.0147818818236576,0,0
2020,7,19,0.0034798631388049,0.001638969421396,0.000377903794671066,0.000771744089826742,0.00319657577219758,0,0,0.00588221166457039,0,0.000708537946235546,0.00784514001806175,0.0229842546876331,0.0103970310662428,0.00782653580175201,0.00764367968113122,0.00200009396681582,0,0.0066825889963767,0.004888728939684,0,0,0,0,0,0.00774586264167313,0.000823677076724022,0.00980491141364794,0.0102886994327471,0.0105806194228411,0,0.00568514937213277,0.0059183683222212,0.000278232419905931,0.0148867914321365,0,0
2020,7,24,0.00367969613895181,0.00167947126880666,0.000394827491111258,0.000833988153783909,0.00342104489641923,0,0,0.00620137702983657,0,0.000719800173881958,0.00799562531645,0.022484708420405,0.0104966845618163,0.00783188269306454,0.00788713852973275,0.00199643673972487,0,0.00692212292871785,0.00473073183289622,0,0,0,0,0,0.00777232055256874,0.000902418260674102,0.0102673696313923,0.0100794219868289,0.0102893106158965,0,0.00574430617440432,0.00616534592932222,0.000291162894593373,0.0149771013694134,0,0
2020,7,29,0.0038838376396419,0.00171919676773158,0.000412278093751163,0.000899605812274326,0.00365183836799428,0,0,0.00652581371274469,0,0.000740124291343458,0.00814351675140157,0.0219025084302469,0.010595078133292,0.00783643775976576,0.00815017409464281,0.00199219275546048,0,0.00716747939247624,0.00456584783967455,0,0,0,0,0,0.00779354485729689,0.000986533465244606,0.0107306637564143,0.00987287413249041,0.00999305593301251,0,0.00579937534657996,0.00641857163929459,0.000304465137429079,0.0150523367065261,0,0
2020,8,3,0.00409275415520415,0.0017580515174152,0.000430260486875767,0.000968617378260363,0.00388788967691919,0,0,0.00685479897942761,0,0.000769824556082051,0.00828862456710031,0.0212447779948288,0.0106924178626824,0.00784047977518316,0.00843285665178788,0.0019873905916666,0,0.00741853997417717,0.00439524595285078,0,0,0,0,0,0.0078095452088531,0.00107611272863658,0.0111931879133833,0.00967050402734353,0.00969391996508986,0,0.00585025187171755,0.00667642130405185,0.000318132273686143,0.0151120685409874,0,0
2020,8,8,0.00430707684328417,0.00179594007832295,0.000448780221874448,0.00104101377914478,0.00412803563830857,0,0,0.00718757748455192,0,0.000809029879886125,0.00843068145377393,0.0205193367087422,0.0107888909330304,0.0078441606241401,0.00873546568299575,0.00198205870140491,0,0.00767518877553182,0.004220058941003,0,0,0,0,0,0.00782040310882387,0.00117123743295376,0.0116531840025156,0.00947391725355118,0.00939429096329982,0,0.00589691940062087,0.00693744048043232,0.000332170805321643,0.0151559173166473,0,0
2020,8,13,0.00452766502622186,0.00183276638076144,0.000467846453340888,0.00111684151684272,0.00437083061388286,0,0,0.00752336570649744,0,0.000857871059828151,0.00856970528112852,0.0197348079137057,0.0108846610076852,0.00784776108734384,0.00905729035018612,0.00197622641274827,0,0.00793727973864366,0.00404141902250478,0,0,0,0,0,0.00782619230948605,0.00127195969621461,0.0121088195002838,0.0092845352934596,0.0090964162005176,0,0.00593934243955515,0.00719983301427167,0.000346562025755788,0.0151835558784208,0,0
2020,8,18,0.004755492047079,0.00186843416316465,0.000487466626470293,0.0011960732001658,0.00461545174489035,0,0,0.0078613565893898,0,0.000916721584415925,0.00870555967411458,0.0189002861665371,0.0109798637314101,0.00785141632622071,0.00939819247613875,0.00196992384021588,0,0.00820464392359791,0.00386043129829611,0,0,0,0,0,0.00782699385727057,0.00137832450593185,0.0125585145266636,0.00910372208761548,0.0088023082700232,0,0.0059775326336094,0.00746185466578923,0.000361308141468016,0.0151947122310438,0,0
2020,8,23,0.00499205211048213,0.0019028474368551,0.000507635478570538,0.00127871809905918,0.00486094133341511,0,0,0.00820072433200295,0,0.000985671692895538,0.00883800810889921,0.0180250109565239,0.0110746024208198,0.00785542425800884,0.00975745777423895,0.00196318179413407,0,0.00847708651625093,0.00367819323923267,0,0,0,0,0,0.00782290217895158,0.00149034361017204,0.0130003634369432,0.00893244335017679,0.00851395433404895,0,0.00601148992064502,0.00772171795583572,0.000376405117401681,0.0151891719734,0,0
2020,8,28,0.00523865372436664,0.00193591097361712,0.000528359226434353,0.00136477164554917,0.00510682319661784,0,0,0.00854062926149319,0,0.00106503565770216,0.0089671882555295,0.0171184447662486,0.0111689440120316,0.00785998904237905,0.0101347803430978,0.00195603320416542,0,0.00875438885280753,0.00349572347017876,0,0,0,0,0,0.00781401515027102,0.00160788957706132,0.0134327002272184,0.00877207524921015,0.0082334076350428,0,0.00604120254761406,0.0079775850330331,0.000391836953634422,0.0151667803827049,0,0
2020,9,2,0.00549707467686938,0.00196752858504455,0.000549636684227126,0.00145417168677213,0.00535258561795678,0,0,0.00888022272903343,0,0.00115480103426544,0.00909281712062253,0.0161899885123721,0.0112629153327613,0.00786531465037809,0.0105288370226285,0.00194850712808155,0,0.00903630560723503,0.00331396763512142,0,0,0,0,0,0.00780047434389368,0.00173096999064018,0.0138536882164213,0.00862369452397765,0.00796227096161288,0,0.00606675475675072,0.00822766858498982,0.000407597167051951,0.0151274441258875,0,0
2020,9,7,0.00576890950565228,0.00199761290529565,0.000571471405713853,0.00154691614424426,0.0055983883153727,0,0,0.00921865196472177,0,0.00125546584742586,0.00921493931613273,0.0152488828539778,0.0113564997643572,0.00787161617229726,0.0109389598508092,0.00194063727075849,0,0.009322564265316,0.00313381463378843,0,0,0,0,0,0.00778233545519335,0.0018594320253336,0.0142616397968287,0.00848831004801877,0.00770236517308875,0,0.00608815573614075,0.00847025911730681,0.000423677429969896,0.015071132578866,0,0
2020,9,12,0.00605594221922429,0.0020260714435331,0.000593857490645084,0.00164298520853742,0.00584468426522979,0,0,0.00955506483065132,0,0.00136713107058433,0.00933346157362373,0.0143038801423488,0.0114496343564239,0.00787907822153267,0.0113643500175247,0.00193245629114089,0,0.00961286414160499,0.00295612151339291,0,0,0,0,0,0.00775974407938951,0.0019931406074165,0.014654890855538,0.00836680750037612,0.0074554081483896,0,0.00610551138703578,0.00870372887315641,0.000440065215593213,0.0149978643796324,0,0
2020,9,17,0.00636006277317222,0.00205281720134202,0.00061679786530356,0.00174232115139667,0.00609254997878377,0,0,0.00988861441373043,0,0.00148987224665651,0.0094484871597747,0.0133633085064303,0.0115422074527332,0.00788780829744542,0.0118032263931038,0.00192399707151196,0,0.00990687539029711,0.00278166919349213,0,0,0,0,0,0.00773276560676349,0.00213182913033276,0.0150318893812192,0.00826007063802376,0.00722259448952086,0,0.00611888371307708,0.00892657091155816,0.000456750548275901,0.0149077677032869,0,0
2020,9,22,0.00668303811135107,0.00207776656434338,0.000640279118797157,0.00184488935839301,0.00634294112628872,0,0,0.0102184634036881,0,0.00162406996683575,0.00956005727620319,0.0124349302061441,0.0116340568820731,0.00789799175179375,0.0122545939114953,0.00191529262147045,0,0.0102042380212455,0.00261109107759764,0,0,0,0,0,0.00770154575998863,0.0022752958157657,0.0153909962486843,0.00816883896143134,0.00700540248224855,0,0.00612837207651809,0.00913739041184036,0.000473713275912179,0.0148009730433592,0,0
2020,9,27,0.0070263750355135,0.00210083982928177,0.000664298251989697,0.00195062012836194,0.00659789993490916,0,0,0.0105437882066148,0,0.00176982218072913,0.00966803335885923,0.0115257628265485,0.011724968761583,0.00790980736253456,0.0127170393770133,0.00190637598219075,0,0.0105045609355661,0.00244502337691459,0,0,0,0,0,0.0076661975729349,0.00242325910244387,0.0157307895124979,0.00809377271493811,0.00680523561101569,0,0.00613409470486733,0.00933494161068288,0.000490947161569868,0.014677742475319,0,0
2020,10,2,0.00739178661092289,0.00212195959152549,0.000688848972939916,0.00205944833828988,0.00685964673819727,0,0,0.010863782750276,0,0.00192733587879439,0.009772482144698,0.0106421349441101,0.0118146769530211,0.0079233570637072,0.0131888388558077,0.00189728013129644,0,0.0108074209985296,0.00228395680382417,0,0,0,0,0,0.00762683082244382,0.0025754180744512,0.0160499274234262,0.00803539965803242,0.00662294666674087,0,0.00613619330920788,0.00951802317987785,0.000508429836350489,0.014538334810269,0,0
2020,10,7,0.00778051056574133,0.00214106009888088,0.000713916436365015,0.00217131980481999,0.00713076835760904,0,0,0.0111776619441673,0,0.00209672467115428,0.00987336384468935,0.00978944150644232,0.0119028632043894,0.00793873200071093,0.013668461929849,0.00188803788867195,0,0.0111123621706678,0.00212835491539985,0,0,0,0,0,0.00758354933034069,0.0027314179416598,0.0163471110223521,0.00799429626573035,0.00645977546512764,0,0.00613477447148706,0.00968574789921415,0.000526141978270305,0.0143831060805005,0,0
2020,10,12,0.00819332083677125,0.00215807387462391,0.000739494148318953,0.00228609143441098,0.00741425297666145,0,0,0.011484664764717,0,0.00227807426010577,0.00997092752274598,0.00897247150858794,0.0119891580005057,0.00795610577554408,0.0141543855533274,0.00187868182352947,0,0.0114188947211388,0.00197857862362059,0,0,0,0,0,0.00753642114290576,0.00289094286513031,0.0166212386542693,0.0079706806822568,0.0063165552380634,0,0.00613001653137266,0.00983723222540639,0.000544068228533109,0.0142124664407912,0,0
2020,10,17,0.00863094325043142,0.00217294182169257,0.000765561476949353,0.00240368117080492,0.0077132504478075,0,0,0.0117840569440149,0,0.0024714058457784,0.010065016717896,0.00819502581781595,0.0120731421365754,0.00797544149158161,0.0146449061031275,0.00186924416304013,0,0.0117264945502866,0.00183490917626579,0,0,0,0,0,0.00748557271600358,0.00305356297882003,0.0168712975354276,0.00796499326889083,0.00619381265170302,0,0.0061220483239882,0.00997173552736121,0.000562189067582584,0.0140268841329854,0,0
2020,10,22,0.00909387896133185,0.00218561110559485,0.000792103734452018,0.00252392976390472,0.00803083591285011,0,0,0.0120751332487816,0,0.00267675553200133,0.0101558903587716,0.00746007333998382,0.0121543490187183,0.00799681622588677,0.0151382332884605,0.00185975670282865,0,0.0120346026509163,0.00169765678197089,0,0,0,0,0,0.00743110701038919,0.00321887495118384,0.0170963923149879,0.00797737809486841,0.0060924550669983,0,0.00611107582300021,0.0100887739599292,0.000580489417874787,0.0138268983184739,0,0
2020,10,27,0.00958193940547685,0.00219603553297207,0.000819102020692139,0.00264664891333528,0.00837057062429545,0,0,0.0123572193447985,0,0.00289393147266389,0.0102435445810353,0.00676985045845913,0.0122322676849053,0.00802023640831972,0.015632603898059,0.00185025071961961,0,0.0123426247399768,0.00156694566590479,0,0,0,0,0,0.0073731484385583,0.00338641385368188,0.0172957504465347,0.00800802464345743,0.00601295068924415,0,0.00609725078865513,0.0101878409761566,0.00059893866979016,0.0136130704875129,0,0
2020,11,1,0.010094781765491,0.00220417588908778,0.000846536020745102,0.00277164622654366,0.00873542938323317,0,0,0.0126296732505085,0,0.00312299488745223,0.0103281960199733,0.00612581124095034,0.012306346529013,0.0080456575273315,0.0161262974069212,0.00184075688631205,0,0.0126499310940096,0.00144289097408612,0,0,0,0,0,0.00731173457225358,0.00355575327541702,0.0174687936436576,0.0080570245554783,0.00595571768607782,0,0.00608073075294145,0.010268672704529,0.000617516902072565,0.0133860041078453,0,0
2020,11,6,0.0106313425014149,0.00221000023062352,0.000874382676725111,0.00289866370533038,0.00912803039242118,0,0,0.0128918863917648,0,0.00336351552595139,0.0104098545900068,0.00552886537272738,0.0123759976999025,0.00807312904401969,0.0166175480576497,0.00183130518974595,0,0.0129558406260583,0.00132560808386387,0,0,0,0,0,0.00724695554471869,0.00372639000568006,0.0176150666591556,0.00812432497972612,0.00592121406029901,0,0.00606171850827463,0.0103308739877038,0.000636204053326554,0.0131464185925535,0,0
2020,11,11,0.0111903885108329,0.00221348413068686,0.000902616721032325,0.00302742269648521,0.00955102101470066,0,0,0.0131432842775746,0,0.00361513785155076,0.0104887410093026,0.00497909829003966,0.0124406021367407,0.0081025577990094,0.0171047545051469,0.00182192485141031,0,0.0132597213939083,0.00121504157317837,0,0,0,0,0,0.00717888198983308,0.00389793130274925,0.0177342894451829,0.00820995824032748,0.00590975693861851,0,0.00604040922140302,0.0103743601343221,0.000654972170717657,0.0128950004590551,0,0
2020,11,16,0.0117702610311204,0.00221461087350629,0.000931212030054435,0.0031575940014404,0.0100060820151932,0,0,0.013383326823959,0,0.00387744503955964,0.0105650839101472,0.00447630035795405,0.0124995151914133,0.00813388250972595,0.0175858788331269,0.00181264425132811,0,0.0135607599612972,0.00111115309307659,0,0,0,0,0,0.00710763815416637,0.00406989235855497,0.0178263887960787,0.00831363201300489,0.00592138210663684,0,0.00601702125518915,0.0103990572526891,0.000673798412248562,0.0126325093854997,0,0
2020,11,21,0.0123689337695682,0.00221337159688967,0.000960137638333449,0.00328878789655557,0.0104937639118666,0,0,0.013611508359576,0,0.00414987456661896,0.0106390193152131,0.00401954145462327,0.0125520727790015,0.00816695938886436,0.0180595748147326,0.00180349085533803,0,0.0138582311416243,0.00101393559394983,0,0,0,0,0,0.00703328115217541,0.00424183848728586,0.017891182452677,0.00843515470006381,0.00595633588384239,0,0.0059917368084416,0.0104049018981768,0.000692658215379883,0.0123597334214438,0,0
2020,11,26,0.0129841050477966,0.00220976279266796,0.000989360617755339,0.00342059684429741,0.0110150592737381,0,0,0.0138273573523672,0,0.00443167810027933,0.0107107573617954,0.0036073762485869,0.0125975979881062,0.00820171419970682,0.0185244439530546,0.0017944911459767,0,0.0141513087639521,0.00092316118009228,0,0,0,0,0,0.00695584731895932,0.0044133309234809,0.0179290774828866,0.00857436618106731,0.00601467340230388,0,0.00596473594571162,0.0103919704621092,0.000711517510128376,0.0120774904141481,0,0
2020,12,1,0.0136129237575177,0.00220379420226209,0.00101885232844408,0.00355252676357985,0.0115694770583143,0,0,0.0140304359010746,0,0.0047222008281226,0.0107804720611152,0.00323831959147676,0.0126353948768805,0.00823800123837812,0.0189788514422844,0.00178567055714875,0,0.0144391920909504,0.00083873786749911,0,0,0,0,0,0.00687546389932583,0.00458395944709894,0.017940148532913,0.00873075858646166,0.0060964261817198,0,0.00593620005784197,0.0103603808976841,0.000730355836081975,0.0117866569534864,0,0
2020,12,6,0.0142525749599382,0.00219548407102366,0.00104857009051828,0.00368404664243107,0.0121561569004806,0,0,0.0142203390389169,0,0.00502045178687134,0.0108484117597221,0.00291040760547071,0.0126648107861845,0.00827564964356581,0.0194210894264011,0.00177705341275499,0,0.0147210311159835,0.000760476346285472,0,0,0,0,0,0.00679217326707203,0.00475337989705511,0.0179249554524879,0.00890407125476004,0.00620144288604493,0,0.00590634128060858,0.0103103651144047,0.000749141080631825,0.0114880698213947,0,0
2020,12,11,0.0148998948818621,0.00218484911415619,0.00107847823613504,0.00381459329377343,0.0127737971915274,0,0,0.0143966938989499,0,0.00532569292710151,0.0109147282481019,0.00262148789177323,0.0126851576098151,0.00831440926994238,0.0198497741848177,0.00176866286943128,0,0.0149959277587823,0.000688062136638584,0,0,0,0,0,0.00670607206217458,0.00492114811828581,0.0178839856364198,0.0090936295767666,0.00632948910894772,0,0.00587535726142185,0.0102422049081414,0.000767845432748489,0.0111825533673643,0,0
2020,12,16,0.0155517022920389,0.00217192591903325,0.00110853656098345,0.00394354958728443,0.0134205983596524,0,0,0.0145591587916119,0,0.00563663052375959,0.0109798159408354,0.00236910705285339,0.0126957796604092,0.00835411536032572,0.0202640443003459,0.00176052086353333,0,0.0152629625475115,0.000621309734239628,0,0,0,0,0,0.00661723986990963,0.00508696480912559,0.0178179195892547,0.00929910872100534,0.00648041739805018,0,0.00584346006460016,0.010156324699604,0.000786440549097325,0.0108711120106082,0,0
2020,12,21,0.0162045021065043,0.00215674949625734,0.00113870440479163,0.00407024446127243,0.0140956704483455,0,0,0.0147074222446567,0,0.00595221705464555,0.0110439290349067,0.00215089454290812,0.0126960454568263,0.00839450284227044,0.0206625624038621,0.00175264806248443,0,0.0155212638174228,0.000559984442846761,0,0,0,0,0,0.00652577245734894,0.00525051614774558,0.0177275787142555,0.00951969788343444,0.00665388040578252,0,0.00581076460230587,0.0100531864132088,0.000804898221664638,0.0105545683033961,0,0
2020,12,26,0.0168549093839703,0.00213935942259736,0.00116893532880837,0.0041939957335638,0.0147976667037947,0,0,0.0148412020541304,0,0.00627119214935506,0.0111073232565198,0.00196462084987872,0.0126853552751936,0.00843534033967643,0.0210442149551728,0.0017450638205852,0,0.0157698091022283,0.00050377167156434,0,0,0,0,0,0.00643172621931172,0.00541150877347409,0.0176139943614705,0.00975472448919009,0.0068495538060812,0,0.00577747942040583,0.00993349230943025,0.000823190557498389,0.0102338234570196,0,0
2020,12,31,0.0174996663543584,0.00211981539596221,0.00119918493846016,0.00431408269399139,0.0155253925264829,0,0,0.0149602443922879,0,0.006592518083395,0.0111703861144325,0.00180718393279154,0.0126631485158049,0.00847636867734799,0.0214081251617782,0.00173778613936619,0,0.0160077675155852,0.000452392837142241,0,0,0,0,0,0.00633524613431462,0.00556971494999725,0.0174781632360035,0.0100034438442899,0.00706697678448022,0,0.00574377948278571,0.00979788988810238,0.000841282719134066,0.00990980411558389,0,0
2021,1,5,0.0181353074795285,0.00209817860282887,0.0012294053538968,0.00442977271661656,0.0162790865319095,0,0,0.015064323014463,0,0.00691461684349538,0.0112334371886296,0.00167630821145841,0.0126289107866946,0.00851728093986696,0.0217534506879021,0.00173083163254638,0,0.0162340592665332,0.000405559561531544,0,0,0,0,0,0.00623640150518701,0.0057249006729587,0.0173211232191713,0.010264956672631,0.00730560548311668,0,0.00570981991866392,0.00964718459710431,0.000859148444587099,0.00958338238335014,0,0
2021,1,10,0.0187585709057587,0.00207450900480717,0.00125954777665967,0.00454032894594757,0.0170597972954105,0,0,0.0151532386019972,0,0.00723640493251227,0.0112968282916834,0.00156935886422311,0.0125821806075483,0.0085578201515155,0.022079554457146,0.00172421549564234,0,0.016447792204554,0.000362953230663665,0,0,0,0,0,0.0061353409493375,0.00587692399606873,0.0171441149369616,0.0105383045097159,0.00756487583893593,0,0.00567575218075722,0.00948241025777315,0.00087675500048916,0.00925546691456576,0,0
2021,1,15,0.0193665697700657,0.00204888881011675,0.00128956298649891,0.00464501406832689,0.0178690165743838,0,0,0.0152268182725331,0,0.0075565305622236,0.0113609129770148,0.00148398242251183,0.0125225556420086,0.00859764621221014,0.0223858532693269,0.00171795148025558,0,0.0166480402833515,0.000324286730007927,0,0,0,0,0,0.00603214450258319,0.00602569148020726,0.0169484643148933,0.0108225198007481,0.00784407373719397,0,0.00564171792908616,0.00930454928055725,0.000894073019997267,0.0089268453636632,0,0
2021,1,20,0.0199562848372874,0.00202138422779133,0.00131939993792296,0.00474307709859035,0.0187089343057493,0,0,0.0152849152824363,0,0.00787367387404271,0.0114260200963259,0.00141758826552178,0.0124496983723283,0.00863649056278936,0.0226717797366129,0.00171205187304756,0,0.0168338379270853,0.000289226165056356,0,0,0,0,0,0.00592698453047593,0.00617100950922591,0.0167353991748921,0.0111164068124032,0.00814251867875486,0,0.00560784681017011,0.00911493540012788,0.000911073503972176,0.00859845452922178,0,0
2021,1,25,0.0205250729901246,0.00199207638205067,0.00134900662361219,0.00483383617353486,0.0195821496804066,0,0,0.0153274089389973,0,0.00818657000584998,0.0114925862256488,0.00136792880773217,0.0123633411376248,0.00867404203092796,0.0229367650376397,0.00170652747939535,0,0.017004311004965,0.000257611795186087,0,0,0,0,0,0.00581999316723394,0.0063127826956528,0.0165064051859136,0.0114190005472722,0.00845932101088399,0,0.0055742646091954,0.00891480049879017,0.000927727652555107,0.00827104426372223,0,0
2021,1,30,0.0210704765546543,0.00196107241119716,0.0013783318662204,0.00491659637272665,0.0204919519955714,0,0,0.0153542047325632,0,0.00849418072904672,0.0115609480165821,0.00133296464251131,0.0122632777516575,0.00870996072335363,0.0231807045469829,0.00170138761170398,0,0.0171585739385429,0.000229083023860782,0,0,0,0,0,0.00571131574767447,0.006451004602795,0.0162628721203007,0.0117288914234448,0.0087935957178831,0,0.00554109859241233,0.00870554433513557,0.000944004962958548,0.0079453638569385,0,0
2021,2,4,0.0215901998863155,0.00192844710293956,0.00140732082360747,0.00499076264164284,0.0214416364460126,0,0,0.0153652346910405,0,0.0087951599587235,0.0116314532898841,0.00131033461831563,0.0121494200757458,0.00874395017418362,0.0234032685028241,0.00169664008233521,0,0.0172957612204718,0.00020337910154849,0,0,0,0,0,0.00560110460024923,0.00658565022191604,0.0160062297583093,0.0120447874144969,0.00914442025405482,0,0.00550843792130155,0.00848860956704995,0.000959877259723956,0.00762231949029094,0,0
2021,2,9,0.0220823591161711,0.00189430010570547,0.00143591842232439,0.00505574958843364,0.0224327677892717,0,0,0.0153604579515043,0,0.00908849463466815,0.0117044938306269,0.0012981969530207,0.0120217036190784,0.00877571497992467,0.0236045255141001,0.00169229120109713,0,0.0174150814306304,0.000180216761061042,0,0,0,0,0,0.00548955335223798,0.00671662646916963,0.0157379787739842,0.0123653297256779,0.00951071042698772,0,0.00547637991098453,0.00826559620587879,0.000975316253824474,0.00730248904748532,0,0
2021,2,14,0.0225453289131861,0.00185872093775206,0.00146407357417399,0.00511106796534416,0.0234672611265927,0,0,0.0153398615361147,0,0.00937333712610491,0.0117803301975634,0.00129460543957547,0.0118801918390171,0.00880494170285376,0.0237843811683532,0.00168834577722368,0,0.0175156904552685,0.000159429569808111,0,0,0,0,0,0.00537688301435098,0.0068439383866823,0.015459581813058,0.0126890429643554,0.00989116708752336,0,0.0054449723784996,0.00803812098706133,0.000990301027003453,0.00698659390979051,0,0
2021,2,19,0.0229777832307583,0.00182182677287591,0.00149173307058096,0.00515630247135349,0.0245456851167262,0,0,0.0153034613123832,0,0.00964875146556188,0.0118594015733201,0.00129796697317275,0.011725016018865,0.00883134066276652,0.0239428297652014,0.00168480712575899,0,0.017597021534652,0.000140753977586389,0,0,0,0,0,0.00526326295105066,0.00696756363406325,0.0151724878703047,0.0130143310494551,0.0102845059164084,0,0.00541431389452295,0.00780767808845451,0.00100479620063713,0.00667536227872449,0,0
2021,2,24,0.0233784234936037,0.00178371164283176,0.00151883846084895,0.00519109227408191,0.0256660167161163,0,0,0.01525130311121,0,0.00991398384738297,0.0119418672669432,0.00130693062320047,0.0115564025118934,0.00885463477101429,0.024080050419634,0.00168167707824743,0,0.0176582924220539,0.000124022530384339,0,0,0,0,0,0.00514892178748122,0.00708751578615455,0.0148782020804108,0.013339552287996,0.0106894522679176,0,0.00538445059036862,0.00757586529787279,0.00101877428641343,0.00636933513723437,0,0
2021,3,1,0.0237463957002803,0.0017444903742143,0.00154533984634661,0.00521521548245653,0.0268241493473016,0,0,0.0151834639701882,0,0.0101682483689006,0.012028000280128,0.00131967508690981,0.0113746051614435,0.00887455079597795,0.0241961315726481,0.00167895599761767,0,0.0176990347783805,0.000109103956525282,0,0,0,0,0,0.00503408241502526,0.0072037820811926,0.0145781448293681,0.0136632203249069,0.0111046264706042,0,0.00535542061585392,0.0073442061860555,0.00103221242492511,0.00606911834458932,0,0
2021,3,6,0.0240811431380892,0.00170426470777817,0.001571183513071,0.00522851351524147,0.0280161338410686,0,0,0.015100053464587,0,0.0104111774384008,0.0121180323851015,0.0013354644931018,0.0111800364386029,0.00889085614885255,0.0242914370204566,0.00167664279713645,0,0.0177187549194014,9.57286467657543e-05,0,0,0,0,0,0.00491899495417106,0.00731634868827995,0.0142737047910719,0.013983583659534,0.0115283976102024,0,0.00532727770319676,0.0071141650507481,0.00104508644449321,0.00577527563471896,0,0
2021,3,11,0.0243822336953043,0.00166313368908072,0.00159631844478619,0.00523090730066113,0.0292330742413784,0,0,0.015001215084287,0,0.010642316203333,0.0122119547198131,0.00135309445206859,0.010973159076299,0.00890332909689429,0.0243661268277879,0.00167473496329654,0,0.0177168549730372,8.38096365355299e-05,0,0,0,0,0,0.00480391741361548,0.00742522357002467,0.0139663344145022,0.0142987363375613,0.0119593065805297,0,0.00530000922494012,0.00688711823952508,0.00105737273783741,0.00548820254888323,0,0
2021,3,16,0.0246496683331121,0.00162123491959064,0.00162069418897449,0.00522241249365977,0.0304661798313438,0,0,0.0148871276118494,0,0.0108610406599411,0.0123099753157002,0.0013715550396819,0.0107544931091741,0.00891178118607635,0.0244205549832158,0.0016732285824927,0,0.0176930705568015,7.31979309582984e-05,0,0,0,0,0,0.00468908239684635,0.00753033741104054,0.0136573350468663,0.0146070484526677,0.0123955847065756,0,0.00527367185280053,0.00666425901123974,0.0010690487296261,0.00520836465646878,0,0
2021,3,21,0.02488332227496,0.00157863668275328,0.00164426164081331,0.00520320467107249,0.0317042339963366,0,0,0.0147580064549148,0,0.011067498574292,0.0124120268072413,0.00139014262349946,0.0105246152857944,0.00891599780320484,0.0244551159800306,0.00167211837132967,0,0.017647232260361,6.37609829192421e-05,0,0,0,0,0,0.0045747213035209,0.00763164300512178,0.0133480956579815,0.0149067218158294,0.0128353840131453,0,0.00524822006806018,0.00644681239230166,0.00108009294206,0.00493628876070563,0,0
2021,3,26,0.0250835119923719,0.00153547797977111,0.00166697325714752,0.00517347859837266,0.0329354013122389,0,0,0.0146141048852818,0,0.0112613100726173,0.0125180376557789,0.0014085047505048,0.0102842517854658,0.0089158532285131,0.0244702760544066,0.00167139771039731,0,0.0175791751603376,5.54076380583621e-05,0,0,0,0,0,0.00446115863091046,0.00772900553605768,0.0130397498035968,0.0151958867920772,0.0132772446770905,0,0.00522367216641896,0.00623560341797865,0.00109048505724416,0.00467225942413785,0,0
2021,3,31,0.0252505754099771,0.00149183105811086,0.00168878326483022,0.00513356980304022,0.0341468419298653,0,0,0.0144557151373217,0,0.0114424443249389,0.0126277372107913,0.001425906313055,0.0100341120778711,0.00891125560553838,0.0244662313063736,0.00167105868133997,0,0.0174888231148456,4.79601987998973e-05,0,0,0,0,0,0.00434864164747633,0.00782238774051003,0.0127335567311174,0.0154728900642531,0.0137188795850625,0,0.00520001907721949,0.00603159638180055,0.00110020867212986,0.00441649207697956,0,0
2021,4,5,0.0253849569913016,0.0014478307450361,0.00170964947571953,0.00508387751316872,0.0353257546516564,0,0,0.0142831693198228,0,0.0116110236643477,0.0127410016128602,0.00144252376366346,0.00977492764757776,0.00890207030586733,0.0244435252935124,0.00167109210703989,0,0.0173763400604754,4.1399837168934e-05,0,0,0,0,0,0.0042374584946562,0.00791167318978908,0.0124307117895414,0.0157360057571218,0.0141586360491068,0,0.00517720729969552,0.005835298970558,0.00110924531818356,0.00416928843557276,0,0
2021,4,10,0.025487238948084,0.00140359709509158,0.0017295273132102,0.00502486339747594,0.0364595584289451,0,0,0.0140968400978759,0,0.0117671669008123,0.0128573686070505,0.00145778268425993,0.00950760174711615,0.00888822673273378,0.0244025776147044,0.0016714875947284,0,0.0172418030134294,3.56224231198801e-05,0,0,0,0,0,0.00412789693323545,0.00799666485639578,0.0121322941039533,0.0159834646555472,0.014594586538053,0,0.00515523476026688,0.00564727223617981,0.00111757724177679,0.0039309645793445,0,0
2021,4,15,0.0255580202773831,0.00135919978943682,0.00174837885919391,0.00495704002742639,0.0375361713820567,0,0,0.0138971411049468,0,0.0119111088814427,0.0129763930506679,0.00147193867034445,0.00923299322497797,0.00886972753320876,0.0243436606314864,0.00167223358183286,0,0.0170855075802992,3.05435270327335e-05,0,0,0,0,0,0.00402020274248133,0.00807722388912103,0.0118393539924199,0.0162137245789588,0.0150248737560546,0,0.00513401732614309,0.00546769329534422,0.00112518777760878,0.00370166482575861,0,0
2021,4,20,0.0255980347692782,0.00131472551159599,0.00176616540914613,0.00488104398016368,0.0385457177271568,0,0,0.0136845395789853,0,0.0120431397459566,0.0130974554713963,0.0014848077929981,0.00895195336282627,0.00884658598217455,0.0242672803487248,0.00167331738436317,0,0.016907795909134,2.60430609994486e-05,0,0,0,0,0,0.00391470289659002,0.00815315511455342,0.0115527518323731,0.0164249397072897,0.015447521110408,0,0.00511352444048001,0.00529657248964235,0.00113206222021452,0.00348143114602635,0,0
2021,4,25,0.0256077773942554,0.00127028909705767,0.00178285701618929,0.00479754441988851,0.0394795141161269,0,0,0.013459508879067,0,0.0121636238030883,0.0132199911720735,0.00149677107685049,0.00866547496031221,0.00881885016164514,0.0241737851498268,0.00167472524763756,0,0.0167092057322534,2.21273806174128e-05,0,0,0,0,0,0.00381162960503189,0.00822433674226581,0.0112734236026444,0.0166159137438137,0.0158606072787989,0,0.00509371213405987,0.00513414633403743,0.0011381918358193,0.00327058010275058,0,0
2021,4,30,0.0255879580513285,0.00122599242083996,0.00179842018306424,0.00470726364718089,0.0403305613667312,0,0,0.013222595095185,0,0.012272891870649,0.0133431517598845,0.00150781181622151,0.00837451075582736,0.00878652622596649,0.0240637253714134,0.0016764423991449,0,0.0164904637571,1.87223406805307e-05,0,0,0,0,0,0.00371126877983298,0.00829042169643815,0.0110022914236501,0.0167851669268826,0.0162618454763923,0,0.00507449513264524,0.00497998152791948,0.00114356606698126,0.00306893171741911,0,0
2021,5,5,0.0255390210110437,0.00118191014840561,0.00181282476966289,0.00461089203208157,0.0410946922345394,0,0,0.0129743871127106,0,0.0123714242994202,0.0134660973835826,0.00151816349523377,0.00808000859724395,0.00874977081852725,0.0239373203634314,0.00167845310333858,0,0.0162520477428741,1.5786911414778e-05,0,0,0,0,0,0.00361385654139436,0.0083512612650861,0.010739991877823,0.0169314350833977,0.0166496049496062,0,0.00505580523206635,0.00483380891650567,0.00114817239749678,0.00287666095682694,0,0
2021,5,10,0.0254617596673425,0.00113814667603151,0.00182604946430342,0.00450923919112875,0.0417694067940579,0,0,0.0127154739044143,0,0.0124598214108781,0.0135877912534674,0.00152805579693265,0.00778289496716843,0.00870868125741038,0.0237949989569738,0.00168074071815571,0,0.0159949332755784,1.32425293007376e-05,0,0,0,0,0,0.00351966119024713,0.00840659042951307,0.0104872925809128,0.017053598551749,0.0170222427955588,0,0.0050375711513264,0.00469513004699836,0.00115200949875995,0.00269375921248089,0,0
2021,5,15,0.0253565955739807,0.00109475324232545,0.00183807008461202,0.00440302371730054,0.0423544053991149,0,0,0.0124465160861819,0,0.0125384788986836,0.0137072412850894,0.00153774396920393,0.0074842076780539,0.0086634864232382,0.0236372448660255,0.00168328775305525,0,0.0157199203130896,1.10732289508049e-05,0,0,0,0,0,0.00342888475307247,0.00845626364199642,0.0102448294200945,0.0171505691707131,0.0173777487103098,0,0.00501972258702092,0.00456348030864045,0.00115506652212873,0.00252023173482011,0,0
2021,5,20,0.0252238550831041,0.00105185659073512,0.00184886782130013,0.00429307479920925,0.0428504423176251,0,0,0.0121682043292472,0,0.0126081185226273,0.0138233407611404,0.00154732680430653,0.00718480104440097,0.00861434180632387,0.0234643473951904,0.0016860759283689,0,0.0154281474143898,9.18242074902825e-06,0,0,0,0,0,0.00334172736453901,0.00849990484725254,0.0100130741506599,0.0172215623467496,0.0177143620945955,0,0.00500216130542923,0.00443818444428548,0.00115734008244989,0.00235597132380581,0,0
2021,5,25,0.0250640790619932,0.00100949820663348,0.00185842718070734,0.00418017117580227,0.0432605239951364,0,0,0.0118812414168881,0,0.0126693976231785,0.0139349404229775,0.00155695030558994,0.00688569767495025,0.00856146006442892,0.0232768814509854,0.00168908623575961,0,0.0151205151743966,7.57945026197348e-06,0,0,0,0,0,0.00325849049617769,0.00853732910429827,0.00979254445916487,0.0172659789222946,0.0180307055896346,0,0.00498481751695826,0.00431861360436198,0.00115882559093359,0.00220097681905545,0,0
2021,5,30,0.0248775601493216,0.000967775029994229,0.00186673603145179,0.00406507343624502,0.0435881796855595,0,0,0.0115863770548138,0,0.0127228733499367,0.0140406602934422,0.00156669302460552,0.00658782034919045,0.00850508490574442,0.0230752565465877,0.00169229899958458,0,0.0147984585670551,6.22017625787815e-06,0,0,0,0,0,0.00317930327708914,0.00856838220919957,0.0095837321094378,0.0172831936891383,0.0183251273833267,0,0.00496757953490652,0.00420411519824947,0.0011595239810718,0.00205510279144811,0,0
2021,6,4,0.024664591507416,0.000926761072102261,0.00187378156990379,0.00394853782414261,0.0438378456997921,0,0,0.0112843808023186,0,0.0127692496107893,0.0141391554014833,0.00157653062109489,0.0062920475829608,0.00844554135721691,0.022859766929137,0.00169569393896196,0,0.0144629104148494,5.09812744224265e-06,0,0,0,0,0,0.0031043223591925,0.00859276329653088,0.00938678486383114,0.0172729641337849,0.0185962818172145,0,0.00495037410738522,0.00409384844579317,0.00115944150387828,0.00191819397751145,0,0
2021,6,9,0.0244252885931999,0.000886494482150085,0.00187956513870095,0.00383132234521463,0.0440143538243922,0,0,0.0109760442535406,0,0.0128091696763406,0.0142292452729697,0.00158646353677686,0.00599919052385061,0.00838310340795265,0.0226309041464815,0.00169925023034363,0,0.0141154668577425,4.14950098892736e-06,0,0,0,0,0,0.00303368146509219,0.00861034927999473,0.00920209763109603,0.0172351748182082,0.0188429488174233,0,0.0049331168585389,0.00398711038020421,0.00115857134514578,0.00179013826970984,0,0
2021,6,14,0.0241601459079373,0.00084704508862638,0.00188408007117791,0.00371414441074183,0.0441217514857766,0,0,0.0106621772577486,0,0.0128433651398772,0.0143095297450619,0.00159625957859046,0.00570999574065812,0.00831806166590154,0.0223892630529843,0.00170294657040041,0,0.0137573650681259,3.36265950989712e-06,0,0,0,0,0,0.00296747341582037,0.00862100137942864,0.00902972903125954,0.0171697794467065,0.0190639866273243,0,0.00491571499422656,0.00388331064168258,0.00115692027517546,0.00167085245864396,0,0
2021,6,19,0.0238688663093186,0.000808448756217327,0.00188733467280425,0.00359764076902026,0.0441636296954198,0,0,0.0103436395710417,0,0.0128725542630946,0.0143787000086273,0.00160578213773447,0.00542527903342605,0.00825076899995587,0.0221353427157804,0.00170676123902993,0,0.0133900441652804,2.71590073171527e-06,0,0,0,0,0,0.00290584213336812,0.00862453415821906,0.0088698015701647,0.0170771333296622,0.0192583547142432,0,0.00489804673353719,0.00378186684571285,0.0011544958868704,0.00156013717272198,0,0
2021,6,24,0.0235521855482663,0.00077077638221725,0.00188932873984071,0.00348246388216022,0.0441433345960649,0,0,0.0100212019538876,0,0.0128974484330156,0.0144353927004858,0.00161480871021926,0.0051456771394979,0.00818165105410445,0.0218697614856622,0.00171067216230276,0,0.0130150262028189,2.17005719283364e-06,0,0,0,0,0,0.00284888610589399,0.00862088943412425,0.00872240239110306,0.0169575678402821,0.0194251453406303,0,0.00488006456422637,0.00368207362624831,0.00115130371163208,0.00145777821726429,0,0
2021,6,29,0.0232098893329118,0.000734130443424869,0.00189006822493247,0.00336925225732312,0.0440625926915197,0,0,0.00969573360314804,0,0.0129188935293209,0.0144782991644382,0.00162291168997626,0.00487195155684562,0.00811096050758811,0.0215932110560848,0.00171465697516752,0,0.0126336873529489,1.7226079195214e-06,0,0,0,0,0,0.00279661553873759,0.00861001280827883,0.00858741844231984,0.0168115644108101,0.0195638418371552,0,0.00486164669836273,0.00358347117508505,0.00114735478160782,0.0013637232892181,0,0
2021,7,4,0.0228424847658942,0.000698474744076399,0.00188956671187526,0.00325852724972951,0.0439220012232634,0,0,0.00936805399557687,0,0.0129374144543017,0.0145061958779405,0.00162989126464817,0.00460461148088608,0.00803913166930853,0.0213063027295173,0.00171869308374141,0,0.0122476518003892,1.37989869974979e-06,0,0,0,0,0,0.00274899353975504,0.00859191986376618,0.00846457366292648,0.0166400240075348,0.0196738472086736,0,0.00484271188126653,0.00348550064267347,0.0011426600053883,0.00127763210390269,0,0
2021,7,9,0.0224501773331989,0.000663890796742411,0.00188783631987713,0.0031507887779041,0.0437223533915064,0,0,0.00903908768018197,0,0.0129539064441452,0.0145179281317612,0.00163527852390969,0.00434421028679522,0.00796647333096889,0.0210098242381958,0.00172275772701919,0,0.0118582826470904,1.10285427195932e-06,0,0,0,0,0,0.00270608916130771,0.00856658598341366,0.00835373720135698,0.0164439343086583,0.0197549282815234,0,0.00482315814176794,0.00338785674357415,0.00113722898328797,0.00119935457838891,0,0
2021,7,14,0.0220335957020867,0.000630416508696966,0.00188490083508038,0.00304656048027764,0.0434616204089913,0,0,0.00870957024555707,0,0.0129689128643512,0.014512426526172,0.00163875303490665,0.00409121817749023,0.00789341532038077,0.0207044454257449,0.00172682803784002,0,0.0114672544357047,8.81042766467414e-07,0,0,0,0,0,0.00266780623266913,0.00853409934950321,0.00825462769072197,0.0162242751809731,0.0198070660561017,0,0.00480293987663243,0.0032900705389923,0.00113107590324193,0.00112877051231996,0,0
2021,7,19,0.0215931288544416,0.000598096513831001,0.00188077342769126,0.00294619679280095,0.0431382340075121,0,0,0.0083803522675941,0,0.0129831227039786,0.0144889029410514,0.00163993126022279,0.00384609324439127,0.00782029096576723,0.0203912209124136,0.00173088110295861,0,0.0110760689346921,7.10178048314647e-07,0,0,0,0,0,0.00263411728798544,0.00849457305991344,0.00816689335851229,0.0159822574837425,0.0198301897162502,0,0.00478193480639881,0.0031920147970523,0.00112421816922214,0.00106565201822574,0,0
2021,7,24,0.0211294920292762,0.000566915637366403,0.00187548160984051,0.00285008970377279,0.0427495360047756,0,0,0.00805224564478219,0,0.012997006875773,0.0144463535414448,0.00163848488649244,0.00360921851109018,0.00774751804890875,0.0200710064991549,0.00173489402207446,0,0.0106862383081278,5.88108600583086e-07,0,0,0,0,0,0.00260489441640515,0.0084481644309407,0.00808995967554442,0.015719221883128,0.0198246017365956,0,0.00476005219038319,0.00309344332929667,0.00111667140627522,0.00100977881092448,0,0
2021,7,29,0.0206435859720871,0.000536955355642276,0.00186904391353026,0.00275864579474051,0.0422936250073185,0,0,0.00772599354989018,0,0.0130113424995599,0.0143840735876159,0.00163412646322363,0.00338081726872118,0.00767542869231191,0.0197445639019467,0.00173884396568051,0,0.0102991628766189,5.10289799397147e-07,0,0,0,0,0,0.00258007246699588,0.00839510598364365,0.00802334886818152,0.015436713386157,0.0197905874558557,0,0.00473728755329413,0.00299425879775959,0.00110845298399546,0.000960929392978659,0,0
2021,8,3,0.020136365960319,0.000508206539918738,0.00186149758490469,0.00267207132838044,0.0417678975707693,0,0,0.00740241096774822,0,0.0130264939974061,0.014301648058948,0.00162662134214801,0.00316119263994087,0.00760430362417823,0.0194129320901949,0.00174270823160025,0,0.00991642558214951,4.69050402714205e-07,0,0,0,0,0,0.00255945670356976,0.00833563589369894,0.00796647871709158,0.01513619381524,0.0197288990502596,0,0.00471351193682077,0.00289415298542082,0.00109958604467378,0.000919050156207168,0,0
2021,8,8,0.01960896776072,0.000480720050271385,0.00185286096758045,0.00259057507830563,0.0411697555207826,0,0,0.0070821787937709,0,0.0130430835036633,0.0141986633805801,0.00161579683210627,0.00295046849894982,0.00753463104247577,0.0190770983771514,0.00174646430009036,0,0.00953929330726644,4.60790504195755e-07,0,0,0,0,0,0.00254289140213344,0.00826998449921817,0.00791878709522249,0.0148193687473621,0.0196403267462585,0,0.00468866040288791,0.00279333642381234,0.00109008836588216,0.000883742862770386,0,0
2021,8,13,0.0190630053883168,0.000454458657635547,0.00184318052313983,0.00251441396708836,0.040499410941823,0,0,0.0067660427451041,0,0.0130616786801365,0.0140749032467369,0.00160154821169335,0.00274877684554448,0.00746659662126797,0.0187379787218586,0.00175008988739402,0,0.00916913938317028,4.80630972870441e-07,0,0,0,0,0,0.00253019768440452,0.00819846147464725,0.00787932932540647,0.0144879527952308,0.0195256437974545,0,0.00466270528504092,0.00269176392103349,0.00107998306659888,0.00085505375465471,0,0
2021,8,18,0.0184998750022648,0.000429495296618001,0.00183248260107478,0.00244365540612203,0.0397562051293346,0,0,0.00645459525865746,0,0.0130823928406656,0.0139302563088134,0.00158385516383664,0.00255623105782677,0.00740051033620753,0.0183966639781771,0.00175356299763827,0,0.00880733702413645,5.4436021197342e-07,0,0,0,0,0,0.00252113436654572,0.00812145512088846,0.00784754722034752,0.0141436277791632,0.0193859576352503,0,0.00463559394014101,0.00258942034739993,0.00106929295256045,0.000832655207793291,0,0
2021,8,23,0.0179214343289871,0.000405844337484138,0.00182080061996373,0.00237844025388484,0.0389409287717339,0,0,0.00614848192424231,0,0.0131056879027857,0.0137649317722156,0.00156273217166306,0.00237289002429347,0.0073366461615086,0.0180540873754418,0.001756861972977,0,0.00845522473250055,6.42031876331833e-07,0,0,0,0,0,0.00251545211774396,0.00803928959235561,0.00782263557735881,0.013788209090337,0.019222514172742,0,0.00460725369466374,0.00248649832166568,0.00105804613110848,0.000816460087853042,0,0
2021,8,28,0.0173295845543461,0.000383470898906809,0.00180817466786741,0.00231877263354779,0.0380567951425368,0,0,0.00584843347406542,0,0.0131318869738429,0.0135792534863763,0.00153829325476601,0.00219861226959885,0.00727525938225601,0.0177112527234087,0.00175996554188969,0,0.00811381218080556,7.95797978015484e-07,0,0,0,0,0,0.00251288979693479,0.00795242198997989,0.0078037182482907,0.0134234246196981,0.0190366063226192,0,0.00457761760433428,0.00238311841638776,0.00104626506607997,0.000806303456106435,0,0
2021,9,2,0.0167268310980955,0.000362425313300145,0.00179464541451247,0.00226466356490619,0.0371070404940061,0,0,0.00555485232866401,0,0.0131612425852564,0.0133738518839405,0.00151067952938055,0.00203342691833583,0.0072165367672803,0.0173689680073771,0.00176285286555407,0,0.00778421752316624,9.91235604722939e-07,0,0,0,0,0,0.00251318499727811,0.00786120501461869,0.00779000507976289,0.0130510885886338,0.0188298267803912,0,0.00454665108512862,0.00227945117715541,0.00103398048826168,0.000802063973932615,0,0
2021,9,7,0.0161148680290368,0.000342718129696767,0.00178024999025357,0.00221607938717841,0.0360967592238218,0,0,0.00526815052172195,0,0.0131938645091204,0.0131493165224929,0.00148015314799779,0.0018771835467729,0.00716070915509009,0.0170282664585499,0.00176550358221947,0,0.00746756379165689,1.25515199626462e-06,0,0,0,0,0,0.0025160130226731,0.00776620961763091,0.00778056021770249,0.0126729188306858,0.0186037678616804,0,0.00451433794349546,0.00217560011169597,0.00102121656708058,0.000803571202409231,0,0
2021,9,12,0.0154969069029115,0.000324328708942973,0.00176502904585973,0.00217294479275526,0.0350317554356506,0,0,0.00498907203787382,0,0.0132298217931792,0.012906536978813,0.00144694303947228,0.00172988012709582,0.00710786840717885,0.0166899778986266,0.00176789784951561,0,0.00716466435732652,1.59013421764139e-06,0,0,0,0,0,0.00252111313969519,0.00766774178493692,0.00777450251220918,0.0122905574944707,0.0183599335996965,0,0.0044806559190799,0.00207178122137189,0.00100800307460027,0.000810609204336945,0,0
2021,9,17,0.0148748094696229,0.000307283960189574,0.00174901903123681,0.00213510132032066,0.0339187782394331,0,0,0.004717861093349,0,0.0132691704536286,0.0126464689248823,0.00141128796703412,0.00159119706335137,0.00705811561398221,0.0163547869787011,0.00177001638463992,0,0.00687643685212406,2.00943776253634e-06,0,0,0,0,0,0.00252812999128262,0.00756637580773294,0.00777110404854057,0.0119057545829707,0.0181000576233485,0,0.00444559338075574,0.00196837658425068,0.000994368102782708,0.000823268389133859,0,0
2021,9,22,0.0142511108314528,0.000291582336517721,0.00173227010989625,0.0021024512831209,0.032764875485899,0,0,0.00445486945255796,0,0.0133122905320709,0.01237046448427,0.00137360777937254,0.00146088303845804,0.00701161601977894,0.0160232910572091,0.00177184050237446,0,0.00660371331267439,2.52837027580161e-06,0,0,0,0,0,0.00253672248412415,0.00746254061218856,0.00776943677120411,0.0115199755276405,0.0178260888841898,0,0.0044090761325024,0.00186551468113391,0.000980342561961554,0.000841176514444082,0,0
2021,9,27,0.0136290649829158,0.000277208920427699,0.00171482123925743,0.00207476736862606,0.0315775548298858,0,0,0.00420038698991372,0,0.0133587265011669,0.0120796706880517,0.00133415014878422,0.00133885776731773,0.00696831444467894,0.0156962218179947,0.00177335215089136,0,0.00634711906747205,3.16431729466651e-06,0,0,0,0,0,0.00254657450440576,0.00735671710066062,0.00776885770072052,0.0111348406412455,0.0175396974601788,0,0.00437113892213903,0.00176348181377438,0.000965956167532378,0.000864365521620971,0,0
2021,10,2,0.0130104902828854,0.000264135585163302,0.00169670722537072,0.00205179015979184,0.0303648097651804,0,0,0.00395477803686466,0,0.0134084366359522,0.0117756757874386,0.00129323036074342,0.00122468037352419,0.00692827767280872,0.0153739535572619,0.00177453394531347,0,0.00610736936881154,3.93694362233861e-06,0,0,0,0,0,0.00255729130661007,0.00724932023493165,0.00776838151378879,0.0107516687317239,0.0172428093234404,0,0.00433179510667619,0.00166258993611447,0.000951243502983009,0.000892714649226639,0,0
2021,10,7,0.012398399318022,0.000252438613409745,0.00167798747994694,0.00203329266170325,0.0291342362732181,0,0,0.00371820997889628,0,0.0134612733465938,0.0114599674855165,0.00125110554474607,0.00111819590845691,0.00689141260702377,0.0150570192804323,0.0017753691990045,0,0.00588487796034763,4.87400448824704e-06,0,0,0,0,0,0.00256864852732857,0.00714080937472934,0.00776731800728791,0.0103717686250748,0.0169372986071973,0,0.00429101057742109,0.00156299414924173,0.000936232126403987,0.000926101673214362,0,0
2021,10,12,0.0117951358235631,0.000242077849102514,0.00165869014142925,0.00201905893318622,0.0278939838287549,0,0,0.00349087701398503,0,0.0135171127742361,0.0111344031799784,0.00120817498870529,0.00101909529799118,0.00685771258847043,0.014745521542087,0.00177584195257004,0,0.00568017402818865,5.99092881401813e-06,0,0,0,0,0,0.00258016465093997,0.00703166797540038,0.00776518350452651,0.00999633510204409,0.0166249913649445,0,0.00424880704507584,0.00146507011847411,0.000920953979669856,0.000964387275874922,0,0
2021,10,17,0.0112026772999789,0.000233061807555134,0.00163886475967893,0.00200868645574444,0.0266506108468564,0,0,0.00327285673656936,0,0.0135753862642387,0.0108004483213425,0.00116463973823708,0.000927070976510561,0.00682711617645101,0.014439965678806,0.00177593700055819,0,0.00549343308571762,7.31474529556631e-06,0,0,0,0,0,0.00259161084983296,0.00692234874707918,0.00776121583860581,0.00962645071296267,0.0163077103683636,0,0.00420520560854855,0.00136914509462112,0.000905441827245263,0.00100757283331941,0,0
2021,10,22,0.0106235400295287,0.000225360514007497,0.00161855542629133,0.00200192829321834,0.0254110899516779,0,0,0.00306438638048375,0,0.0136358127272705,0.0104599729642958,0.00112074491068144,0.000841758971916993,0.00679943416474847,0.0141403756114744,0.00177563991585524,0,0.00532513285767777,8.87820320501867e-06,0,0,0,0,0,0.00260261444648426,0.00681334190750255,0.00775493965255989,0.0092630990850915,0.0159873841497614,0,0.00416023512274428,0.00127549284563283,0.000889728194866777,0.00105554225763838,0,0
2021,10,27,0.0100593906742277,0.000218987680599633,0.00159779714616895,0.00199839475719728,0.0241822646028104,0,0,0.00286555259630674,0,0.0136979644272474,0.0101149119609865,0.00107668802161806,0.000762936022476243,0.00677451525325615,0.0138467141353132,0.00177493707177822,0,0.00517539641705871,1.0711593616159e-05,0,0,0,0,0,0.00261284264548214,0.00670503108036167,0.00774593805577153,0.00890709054208121,0.0156655699491805,0,0.00411391984472456,0.00118440029341819,0.000873845568670513,0.00110806529618705,0,0
2021,11,1,0.00951182374378497,0.000213933099397249,0.00157662739993574,0.00199775112134055,0.0229709289673324,0,0,0.0026765372962788,0,0.0137614165036058,0.00976695371711317,0.00103269483270298,0.000690149084300809,0.00675218705327495,0.0135589308492263,0.00177381566187288,0,0.00504426663854407,1.28382991676176e-05,0,0,0,0,0,0.0026219646822947,0.00659775184471536,0.00773382154010461,0.00855918329339194,0.0153440139223519,0,0.00406625007044823,0.00109601393861018,0.000857829660380174,0.00116512973707088,0,0
2021,11,6,0.00898219051537707,0.000210201110322222,0.00155508855415324,0.00199963759009812,0.0217831000134568,0,0,0.00249688362124541,0,0.0138256959562624,0.00941803716494185,0.00098894279238608,0.00062323105122847,0.0067321593733537,0.013277072573484,0.00177226371743108,0,0.00493192848699425,1.52808255361592e-05,0,0,0,0,0,0.00262968718883824,0.00649186613480882,0.00771837815709753,0.00822003523195947,0.0150242052591982,0,0.00401731375865677,0.00101070514042283,0.000841705860945215,0.00122673328096282,0,0
2021,11,11,0.00847168425700111,0.000207814961350762,0.0015332214184753,0.00200359691899967,0.0206246503128395,0,0,0.00232691696957691,0,0.0138900440958582,0.00907001147677587,0.000945612372396747,0.000561723597618858,0.00671424416213531,0.0130007199546668,0.00177027012274775,0,0.00483818097205822,1.80852661008031e-05,0,0,0,0,0,0.0026357898409664,0.00638777618533547,0.00769925682234717,0.00789007395655156,0.0147077169247884,0,0.00396714163048849,0.000928616722186603,0.00082550255454178,0.00129277705144728,0,0
2021,11,16,0.00798072422248801,0.000206699272025182,0.00151105741785257,0.002009346839462,0.0195017355869314,0,0,0.00216649081316349,0,0.0139535977594758,0.00872472792546333,0.000902768173350566,0.000505408285094061,0.00669813141567706,0.0127299622134154,0.00176782462814253,0,0.00476291184720936,2.12493567279554e-05,0,0,0,0,0,0.00263993134120663,0.00628570850051471,0.00767648976775737,0.00756975797511248,0.0143958266948169,0,0.00391574698392858,0.000850056054963225,0.000809253927354719,0.00136314902830954,0,0
2021,11,21,0.00751021064786498,0.000206889713066193,0.0014886303071427,0.00201653295260849,0.0184200324105166,0,0,0.00201551593612636,0,0.0140157179920962,0.00838372125214393,0.000860595720385794,0.000453846346450542,0.00668347983795955,0.0124641280859633,0.00176491786077667,0,0.00470606199350702,2.48167755030428e-05,0,0,0,0,0,0.00264192909941526,0.00618608865817984,0.00764996892196717,0.007259392591243,0.0140898267848997,0,0.00386324075828134,0.000775095591998684,0.000792987417221516,0.0014376191379022,0,0
2021,11,26,0.00706027832461548,0.000208361311532713,0.00146598113791219,0.00202463576900417,0.0173844517213594,0,0,0.00187396500969382,0,0.0140756028913453,0.00804880839310824,0.000819310840846377,0.000406797424458021,0.00667000771868002,0.0122033448173584,0.00176154133330004,0,0.00466737327243953,2.88112277679348e-05,0,0,0,0,0,0.00264148466256902,0.00608918935382053,0.00761955022930003,0.0069591419779011,0.0137909070817245,0,0.00380963463490439,0.000704003226818758,0.000776738631449855,0.00151627273126096,0,0
2021,12,1,0.006631070909034,0.000211115685173448,0.00144314562658934,0.00203328606838148,0.0163995377147042,0,0,0.00174141143849541,0,0.0141322975948381,0.00772143729352047,0.000778953076043267,0.0003639766565211,0.00665743754231108,0.0119470834816199,0.00175768745036791,0,0.00464652695101109,3.32366529553327e-05,0,0,0,0,0,0.00263845000440359,0.0059952593294965,0.00758569706877371,0.0066691325307124,0.0135000405351901,0,0.00375499471897329,0.00063679364694172,0.000760532591689635,0.00159882677806758,0,0
2021,12,6,0.00622265731198305,0.000215181919029978,0.00142014719156455,0.00204213370385271,0.015470473015084,0,0,0.00161809887117221,0,0.0141849203330305,0.0074031872379146,0.000739654238649215,0.000325109096994808,0.00664533122123124,0.0116950235230793,0.00175334951307097,0,0.00464306900223255,3.81077825618026e-05,0,0,0,0,0,0.0026326539573237,0.00590447466462855,0.00754815847522951,0.00638945660321452,0.0132180308799028,0,0.00369935792452303,0.000573569547735184,0.000744394914314881,0.00168523110502826,0,0
2021,12,11,0.00583441275091728,0.000220482128718003,0.00139702833139833,0.00205083133274534,0.0146010214964712,0,0,0.00150353991456099,0,0.014232575330206,0.00709539529061257,0.000701462671745617,0.000289894206810361,0.00663338985252462,0.0114468789696083,0.00174852172132587,0,0.0046567375835795,4.34463028107374e-05,0,0,0,0,0,0.00262392872121928,0.00581706929587589,0.0075072974078323,0.00611996192700857,0.0129457501662241,0,0.00364281029410692,0.000514419743764164,0.00072835587475695,0.00177531333598466,0,0
2021,12,16,0.00546605709056827,0.000227062721923434,0.00137381461505484,0.00205890809648624,0.0137941774961843,0,0,0.00139773759380741,0,0.014274249759811,0.00679934704937149,0.000664702203051624,0.000258017808916414,0.00662116466171848,0.0112020577584236,0.00174319917427704,0,0.00468704416935892,4.92361513065934e-05,0,0,0,0,0,0.00261209268328024,0.0057332542526854,0.00746332499812536,0.00586072761104822,0.0126837428524443,0,0.00358539253884925,0.000459349384562416,0.000712439168757823,0.00186900169978181,0,0
2021,12,21,0.00511726311065676,0.000234905501534091,0.00135053362184922,0.00206610502060583,0.0130524460571468,0,0,0.00130079835878791,0,0.0143089161578398,0.00651610211568575,0.000629387479690298,0.000229321687814919,0.006608385661944,0.0109606598091313,0.00173737786876366,0,0.00473342111270306,5.54875197091591e-05,0,0,0,0,0,0.0025971032985351,0.0056532102464401,0.00741662629605411,0.00561149188502188,0.0124324457143847,0,0.00352720644883873,0.000408340521397693,0.000696670513034059,0.00196611409045727,0,0
2021,12,26,0.0047869208752554,0.000243932522483171,0.00132720532639198,0.00207201435266671,0.0123766690057253,0,0,0.00121169531283597,0,0.0143355899237253,0.00624673782236599,0.000595647136375491,0.000203476291521514,0.00659462226286896,0.0107219466718681,0.00173105469590823,0,0.00479526664860352,6.2196336727301e-05,0,0,0,0,0,0.00257890168680304,0.005577068121145,0.00736745058314912,0.00537203891945421,0.0121922226518439,0,0.00346827871266922,0.000361313341268052,0.000681081571535393,0.00206657025957614,0,0
2021,12,31,0.00447448041375269,0.000254218901778693,0.00130386102734696,0.00207629038761386,0.0117677430469969,0,0,0.00113100741311009,0,0.0143532676783411,0.00599216017280348,0.000563602210079147,0.000180287213660705,0.00657940538092188,0.0104862389619236,0.0017242252423208,0,0.0048721170368291,6.93520253663873e-05,0,0,0,0,0,0.00255743894749524,0.00550484024786079,0.00731612021874095,0.00514220356422836,0.0119633033554354,0,0.00340872097344867,0.000318166045071426,0.000665686858323172,0.00217009574798413,0,0
2022,1,5,0.00417932200330634,0.000265697096012493,0.00128051517894661,0.00207859271855347,0.01122430353696,0,0,0.00105796665107475,0,0.0143610712053784,0.0057531925283917,0.000533339456858645,0.000159511841664417,0.00656245908154064,0.0102530372327406,0.00171689277081665,0,0.00496327287953726,7.69312780223492e-05,0,0,0,0,0,0.00253266894437291,0.00543678174165845,0.00726285897583663,0.00492158015115626,0.0117457431587585,0,0.00334855750796531,0.000278869183971205,0.000650504405071733,0.00227651874117368,0,0
2022,1,10,0.00390083751435341,0.000278378174125101,0.00125720132912415,0.0020787191853465,0.0107438196337547,0,0,0.000992916921125676,0,0.0143579305655947,0.00553012145347141,0.000505005371479482,0.000140980067794093,0.006543483033478,0.010021947609955,0.00170905439039137,0,0.0050680890461742,8.48960103458991e-05,0,0,0,0,0,0.00250462075898408,0.0053729235323847,0.0072080089506558,0.00471007778129548,0.0115395529336507,0,0.00328792709965762,0.000243193239554227,0.000635561104829105,0.00238567407311619,0,0
2022,1,15,0.00363762580943551,0.000292254900863395,0.00123393363230558,0.0020762565299086,0.0103242080794362,0,0,0.000935192463903336,0,0.0143431212203409,0.00532370013582469,0.000478642435232972,0.000124550335910467,0.0065220159355714,0.00979336859143365,0.00170071050141424,0,0.00518579583915776,9.32514867277406e-05,0,0,0,0,0,0.00247327392912869,0.00531328510504962,0.00715200051957968,0.00450721914613846,0.0113445669283957,0,0.00322683599413155,0.000211015435301852,0.000620874182949453,0.00249738822506008,0,0
2022,1,20,0.00338919840175388,0.000307261395074998,0.00121072825093728,0.00207104681230547,0.00996125888021504,0,0,0.000884965934707624,0,0.0143156995535073,0.0051341101412117,0.000454277061079892,0.000110021799672676,0.00649781831696015,0.00956698987739299,0.0016918623553125,0,0.00531571641033093,0.000101964211653244,0,0,0,0,0,0.00243873585803245,0.00525791911089174,0.00709510622957316,0.00431282616797621,0.01116062577405,0,0.00316536270222029,0.000182200679568632,0.000606465345333434,0.00261132320301844,0,0
2022,1,25,0.00315468560541367,0.000323413463966732,0.00118760622556602,0.00206280746160178,0.00964970801587171,0,0,0.000841971582512512,0,0.0142750739719446,0.00496157036504039,0.00043198893766051,9.7115251515163e-05,0.00647052353245148,0.00934302318810804,0.00168251204120655,0,0.00545706298558057,0.000111026037340534,0,0,0,0,0,0.00240106762451162,0.00520681602051181,0.00703752003237947,0.00412652112358365,0.010987258780014,0,0.0031036424813614,0.000156525875636822,0.000592343537820062,0.0027273429583804,0,0
2022,1,30,0.00293357936538076,0.000340664497356349,0.00116457476374957,0.00205133453390929,0.00938485227893738,0,0,0.000805990966176975,0,0.01422058259136,0.00480634743172765,0.000411720043045654,8.57983704377123e-05,0.0064398861721152,0.0091212098155969,0.00167266247111565,0,0.00560918731165372,0.000120381825575973,0,0,0,0,0,0.00236039273344188,0.00516001249096801,0.00697946649889632,0.0039479311983475,0.0108242276018418,0,0.00304168323724625,0.000133776076338778,0.000578527639855777,0.002845139006518,0,0
2022,2,4,0.00272511912938736,0.000359008545131866,0.00114166172221069,0.00203647779340445,0.00916112763764119,0,0,0.00077663981914854,0,0.0141517432282066,0.00466831890458499,0.000393455499296081,7.59067323624236e-05,0.00640553324169585,0.0089018335370398,0.00166231736380322,0,0.00577110318972261,0.000130041038911752,0,0,0,0,0,0.00231680779062964,0.0051174134000698,0.00692127359244334,0.00377669195145553,0.0106710204292715,0,0.00297956036075064,0.000113724552518929,0.000565030636425159,0.00296445115092943,0,0
2022,2,9,0.00252842502714778,0.000378426841254719,0.00111888044696625,0.00201813618971406,0.00897247977731468,0,0,0.000754255572493429,0,0.0140680339840727,0.00454735805922343,0.000377145496569718,6.72891338154138e-05,0.00636736219986229,0.00868467962329626,0.00165147909153255,0,0.00594206365121634,0.000139988269135442,0,0,0,0,0,0.00227049010883995,0.00507900760158735,0.00686290092693415,0.0036126506379458,0.0105270910516999,0,0.00291733877867272,9.61707802091168e-05,0.000551866795295369,0.00308497986905668,0,0
2022,2,14,0.00234294334884008,0.000398873963309112,0.00109623709077652,0.00199621725737708,0.00881374281027846,0,0,0.000738543075206338,0,0.0139691879320263,0.00444346526401309,0.000362663885508664,5.9889618832819e-05,0.00632507363392907,0.00847021534417022,0.00164015741273961,0,0.00612124882719494,0.000150243720571515,0,0,0,0,0,0.00222157573938349,0.0050446527739876,0.00680462186337405,0.00345551263649362,0.0103919975877044,0,0.0028550229155607,8.08741673882601e-05,0.000539049140594344,0.00320641354616297,0,0
2022,2,19,0.00216782760817323,0.000420308052219107,0.00107374896986743,0.00197062321879311,0.0086798265222877,0,0,0.000729398702923842,0,0.0138552673300734,0.00435611763055234,0.000349842055753271,5.354783128409e-05,0.00627846232736428,0.00825864317239386,0.0016283559938125,0,0.00630776312800974,0.000160783189023944,0,0,0,0,0,0.00217023231168869,0.00501435468673027,0.00674663291068164,0.00330497733812932,0.0102650069928784,0,0.00279280925379074,6.76164657976327e-05,0.000526584859952234,0.00332851792776154,0,0
2022,2,24,0.00200289027363267,0.000442716014606471,0.00105142576988171,0.00194136667446081,0.0085663985145484,0,0,0.000726693023196769,0,0.0137260614731065,0.00428506785005975,0.000338597977323067,4.81805381521519e-05,0.00622738890904459,0.00804996078143797,0.00161607946568761,0,0.00650061557591086,0.000171658056375553,0,0,0,0,0,0.00211663118154877,0.00498795100321905,0.00668891755788969,0.00316070332183772,0.0101454740379904,0,0.00273067128358537,5.62601434104902e-05,0.000514483868733579,0.00345094919942093,0,0
2022,3,1,0.00184744585586771,0.000466057395903951,0.00102927035896647,0.00190843282872633,0.00847073856962398,0,0,0.000730411011599782,0,0.0135817449596086,0.00422987101267761,0.0003287458627407,4.38023904616062e-05,0.00617168998419885,0.00784465903514303,0.00160333976510579,0,0.00669906814020891,0.000182850211654321,0,0,0,0,0,0.00206097388430023,0.00496533662587996,0.00663146816024488,0.00302257159807245,0.0100328403077132,0,0.00266868989353138,4.65214902623848e-05,0.000502752846714504,0.00357341637412865,0,0
2022,3,6,0.00170104311803626,0.000490308801924134,0.00100730188217977,0.00187200892629307,0.00838982362148299,0,0,0.000740558992239177,0,0.0134225824608564,0.00419005083981893,0.000320041742174476,4.02833676253964e-05,0.0061113202865714,0.00764287486106995,0.00159014038773999,0,0.00690225272219358,0.000194405348055516,0,0,0,0,0,0.00200347616724163,0.0049463098488325,0.00657420426082125,0.00289023134545617,0.00992635682990237,0,0.00260689176837515,3.82518644307778e-05,0.000491397906428381,0.0036954781043498,0,0
2022,3,11,0.00156278126368992,0.000515422120907722,0.000985518667282973,0.00183210615413518,0.00832279077896157,0,0,0.000757130709925176,0,0.0132489519329825,0.00416508170635181,0.000312309862270824,3.7535868688511e-05,0.0060461628903329,0.00744464829975615,0.00157649286821453,0,0.00710913999712297,0.000206374365102819,0,0,0,0,0,0.00194438121894987,0.00493081839561625,0.00651732119698693,0.00276354769597754,0.00982549255818628,0,0.00254536713345839,3.12559612053727e-05,0.000480423969909343,0.00381692567986407,0,0
2022,3,16,0.00143275456546246,0.00054132505512475,0.00096392478344352,0.00178888137024766,0.00826846596105905,0,0,0.000780111651971596,0,0.013061518996477,0.00415433067507719,0.000305342382787879,3.55025512352043e-05,0.00597626212413929,0.00725040453810081,0.0015624039855587,0,0.00731886061676653,0.000218815931367856,0,0,0,0,0,0.00188390076603393,0.00491851201929057,0.00646057573563704,0.00264238321606033,0.0097295834486019,0,0.00248418213270723,2.53885360203849e-05,0.000469836102782886,0.00393730704481188,0,0
2022,3,21,0.0013106177461772,0.000568029897608266,0.000942527448319388,0.00174255140186828,0.00822888245164118,0,0,0.000809661051888648,0,0.0128609035002027,0.00415721274590861,0.00029891822703849,3.41361684757575e-05,0.00590155345372238,0.00706032649200857,0.00154788417576017,0,0.00753062599194742,0.000231776972806293,0,0,0,0,0,0.00182227226892134,0.00490933817625542,0.0064038523117299,0.00252659599392567,0.00963810354127327,0,0.00242333673205741,2.05326637921069e-05,0.000459632920793511,0.00405628411628204,0,0
2022,3,26,0.00119557257312842,0.00059544450029559,0.000921335277909747,0.00169330633211616,0.00820411241721542,0,0,0.000845722390203415,0,0.0126479068684308,0.00417306924715005,0.000292791259330008,3.33878037822311e-05,0.0058220313108553,0.00687449464299965,0.00153295116271683,0,0.0077433203125186,0.000245351399327183,0,0,0,0,0,0.00175975882907464,0.00490305096629309,0.00634712230454224,0.0024159533752785,0.0095504390360682,0,0.00236289478308934,1.64975193244907e-05,0.000449813115461962,0.00417352165338916,0,0
2022,3,31,0.00108763047995932,0.000623563947582723,0.00090034306713427,0.00164146277674591,0.00819644665816124,0,0,0.000888625628147361,0,0.0124234658515877,0.00420128593112291,0.000286849102515568,3.34105557075606e-05,0.0057378148691322,0.00669345334076317,0.00151760885588744,0,0.00795612261243987,0.000259578359761651,0,0,0,0,0,0.00169649755950435,0.0048993577279658,0.00629032931270385,0.00231034446548736,0.00946598677736689,0,0.00230292572697199,1.31830597551797e-05,0.000440385750619423,0.00428862273623313,0,0
2022,4,5,0.000986431377887946,0.000652298922056911,0.000879568476319218,0.00158726855047152,0.00820779179274442,0,0,0.000938226018240402,0,0.0121885595953496,0.00424105685086771,0.000280910728927596,3.41266629028134e-05,0.0056489257231242,0.00651722352413257,0.00150187369037808,0,0.00816816768719565,0.000274520865399851,0,0,0,0,0,0.00163274671900555,0.00489808755204999,0.00623323636792953,0.00220968354469327,0.00938415491595336,0,0.00224342463490478,1.0459933238786e-05,0.000431349222257184,0.00440114971680178,0,0
2022,4,10,0.000891505016087612,0.000681632934120722,0.000859017513525925,0.00153100478589971,0.00824046805999896,0,0,0.000994922179673903,0,0.0119443668762508,0.00429164978676216,0.000274766721894406,3.53479347303718e-05,0.00555558892871597,0.00634619912808841,0.00148575298761942,0,0.00837839284741248,0.000290255438786586,0,0,0,0,0,0.00156870368614599,0.00489888618568877,0.00617587774841728,0.00211373646047845,0.00930457411238155,0,0.00218440943358992,8.24674612823663e-06,0.000422699878083396,0.00451090504957666,0,0
2022,4,15,0.000802974524050343,0.000711514878467128,0.000838679389436848,0.00147308640375306,0.00829808729145843,0,0,0.00105873861352731,0,0.0116921677574487,0.00435234348124466,0.000268262476203857,3.73428630076839e-05,0.00545787544120734,0.00618021327946634,0.00146926006904008,0,0.00858612911805066,0.000306840240512383,0,0,0,0,0,0.00150465550190894,0.00490152041989555,0.00611801739775124,0.00202252930671942,0.00922672886657485,0,0.00212600592817609,6.41190207037774e-06,0.000414434886142352,0.00461738463557908,0,0
2022,4,20,0.000720531991678696,0.000741855551858105,0.000818576353764731,0.00141378061348639,0.00838182153488203,0,0,0.00113003068203757,0,0.0114330361513267,0.00442252241278036,0.000261317611101279,3.99315863363227e-05,0.00535603573262551,0.00601952245865452,0.00145241244417338,0,0.00879031486557079,0.000324327540411921,0,0,0,0,0,0.00144079171288971,0.00490571940801926,0.0060595500856639,0.00193602132523201,0.00915019756490768,0,0.00206817889868423,4.98999765245955e-06,0.000406555533138281,0.00472030526778001,0,0
2022,4,25,0.000643865465912431,0.000772634175863719,0.000798699311205956,0.00135345532239129,0.00849408033646706,0,0,0.00120905907042425,0,0.0111683524042752,0.00450119207878207,0.000253858104739017,4.32526478360028e-05,0.00525018526090208,0.0058645294375166,0.00143521911135756,0,0.00899033026501936,0.000342757980090517,0,0,0,0,0,0.00137727707639122,0.00491118501763897,0.00600039684460288,0.00185411907994093,0.00907461643934819,0,0.00201097346837609,3.86631582747106e-06,0.00039905332350536,0.00481928509451217,0,0
2022,4,30,0.00057298106158474,0.000803764974199734,0.000779033185034622,0.0012924872500004,0.00863605947371008,0,0,0.00129590033749221,0,0.0108995077446975,0.00458791349628527,0.000245841255283788,4.7197571139488e-05,0.00514063056658103,0.00571490697803528,0.00141769193249249,0,0.00918516996687988,0.000362170564648436,0,0,0,0,0,0.00131432867778036,0.00491756268027848,0.00594047110363191,0.00177665044185202,0.00899969106743929,0,0.00195444844692758,2.97417518641717e-06,0.000391929869049566,0.00491400952972126,0,0
2022,5,5,0.000507658819463215,0.000835248260789676,0.000759598272224038,0.00123128034510483,0.00880820196234657,0,0,0.00139103842343535,0,0.0106275676650466,0.00468173241442322,0.000237179328097188,5.18986041856281e-05,0.00502755542073708,0.00557103415567259,0.00139985004313331,0,0.0093740907023749,0.000382594404106252,0,0,0,0,0,0.00125212857438116,0.00492454517235316,0.00587968926931912,0.00170366178735281,0.00892520738542936,0,0.00189860663823097,2.27204561010383e-06,0.000385176915795783,0.00500408452627029,0,0
2022,5,10,0.000447491905724396,0.00086698283667545,0.000740401608787404,0.00117007957561174,0.00901172085467501,0,0,0.00149485635617434,0,0.0103539179107486,0.00478207012728473,0.000227967129038808,5.73281740757585e-05,0.0049112552139884,0.00543298335362663,0.00138171051903078,0,0.00955652172620894,0.000404014902432367,0,0,0,0,0,0.00119081882065773,0.00493181094955181,0.005817974966586,0.00163524815022265,0.00885072018583855,0,0.0018434532815998,1.69988971313216e-06,0.000378782724770028,0.00508925530636447,0,0
2022,5,15,0.000392412706385973,0.000898912041115239,0.000721436186183485,0.00110928710364825,0.0092456630307576,0,0,0.00160767392175552,0,0.0100796731839625,0.00488802594858249,0.000218154969761828,6.35200489428292e-05,0.00479202080194054,0.00530073484549677,0.00136327874098558,0,0.00973145831662817,0.000426417189153988,0,0,0,0,0,0.00113057889831178,0.00493902692768472,0.00575541887753569,0.00157099223499301,0.00877621724042499,0,0.00178905132536449,1.27008419954086e-06,0.000372751415755153,0.0051691670838073,0,0
2022,5,20,0.000342597133025525,0.000930992749007081,0.000702697224018714,0.00104921592229769,0.00950860855875151,0,0,0.0017296142691719,0,0.00980612734853384,0.00499878561900697,0.000207847442075009,7.05633324935107e-05,0.00467017792939836,0.00517466957406565,0.0013445732649368,0,0.00989821570334191,0.000449794920187947,0,0,0,0,0,0.00107156781161834,0.00494582818065248,0.00569190867425153,0.00151120877839226,0.00870121922481915,0,0.00173539894449202,9.48511414933523e-07,0.000367065410732128,0.00524353479428053,0,0
2022,5,25,0.000297491106077124,0.000963158504362234,0.000684185073823048,0.000990115121283792,0.00979967219804636,0,0,0.00186126965943718,0,0.0095343440594872,0.00511370755103039,0.00019708259091418,7.84951979280884e-05,0.00454601577566515,0.00505462923801842,0.00132560775684062,0,0.0100561377480695,0.000474095525463568,0,0,0,0,0,0.00101390864339963,0.00495179927336979,0.00562741664977946,0.0014557249562991,0.00862564401390539,0,0.00168254288377333,7.00438363592319e-07,0.000361729651478566,0.00531213433958953,0,0
2022,5,30,0.000256982151973154,0.000995358786218883,0.000665915517422134,0.000932299562969102,0.0101160335920017,0,0,0.00200305306944602,0,0.00926524960675295,0.00523190710237885,0.000185946348834462,8.74181755230156e-05,0.00441984042380946,0.00494066407768874,0.00130640452269138,0,0.0102047532325049,0.000499241273582799,0,0,0,0,0,0.000957701623140648,0.00495676933887346,0.0055619739614696,0.00140464184476339,0.00854940091260214,0,0.00163046425906962,5.10774449488339e-07,0.000356726478742764,0.00537467989534648,0,0
2022,6,4,0.000220601854274765,0.00102752553752057,0.000647904899423735,0.000875956641449159,0.0104549993697282,0,0,0.00215516816729275,0,0.0089996969666976,0.00535285819552221,0.000174513751915896,9.73959880980352e-05,0.00429199908939177,0.00483278446512526,0.00128698412418637,0,0.0103432446523779,0.000525171032662308,0,0,0,0,0,0.000903071918088316,0.0049602913006124,0.00549565012877308,0.00135785620215266,0.00847235884562087,0,0.00157921850961918,3.68200594116403e-07,0.000352056747676476,0.00543094228134344,0,0
2022,6,9,0.000188307797632488,0.00105959373261392,0.000630118127605986,0.000821342476362364,0.0108127512762633,0,0,0.00231852959364478,0,0.00873859902347585,0.00547557881938309,0.000162941224648849,0.000108422617730683,0.00416281880647615,0.00473112132744845,0.00126735744814555,0,0.0104713297774244,0.000551796317441892,0,0,0,0,0,0.000850099611640043,0.00496199007431826,0.00542864748846346,0.00131527214732704,0.00839447566588931,0,0.00152881409271643,2.59366527491302e-07,0.000347709428815404,0.00548071504403019,0,0
2022,6,14,0.000159722324633642,0.00109152025106002,0.000612568763618519,0.000768628667002106,0.0111849337937971,0,0,0.00249306355725134,0,0.00848253612353173,0.00559938579079305,0.000151306746412543,0.000120590989514979,0.00403266111534645,0.00463583436652241,0.00124754448529757,0,0.0105884152703956,0.000579020735140321,0,0,0,0,0,0.000798863807214278,0.0049614712338322,0.00536086717294353,0.00127701869818576,0.00831560539111346,0,0.00147923573071655,1.67017813996736e-07,0.000343678845140471,0.00552381579952244,0,0
2022,6,19,0.000134735023870532,0.00112323040041678,0.000595232392155126,0.000717953484441699,0.0115673560429973,0,0,0.0026793898357459,0,0.00823192744590508,0.0057235385963708,0.000139702043227649,0.000133923918533731,0.00390186901046587,0.00454684015131755,0.00122755710145131,0,0.0106941845552111,0.000606749648606867,0,0,0,0,0,0.000749446631707532,0.00495841519231201,0.00529235192115521,0.00124299054547382,0.0082353502692524,0,0.00143052751726046,1.11223895803831e-07,0.000339954392335309,0.00556008742293321,0,0
2022,6,24,0.000112762994315673,0.00115466002614897,0.000578164621931398,0.000669430908765438,0.0119543454153383,0,0,0.00287790382575271,0,0.00798739621480185,0.0058472384162408,0.000128275176410271,0.000148588673420843,0.00377076247421993,0.00446442778184043,0.00120740474111241,0,0.0107881539464388,0.000634844600420794,0,0,0,0,0,0.000701855786058317,0.00495261110321912,0.00522327227722902,0.00121334583801206,0.00815402395893353,0,0.00138270085513826,7.0426589694709e-08,0.000336524639896964,0.00558939907220645,0,0
2022,6,29,9.39338590965377e-05,0.0011857896866453,0.000561352130654377,0.000623142849120281,0.0123406168235674,0,0,0.00308905207266795,0,0.00774910100729921,0.00596967208392657,0.000117081438377729,0.000164627400206188,0.00363970185141552,0.0043885581696615,0.00118711328718697,0,0.0108701276410446,0.000663183059412057,0,0,0,0,0,0.000656159866997471,0.00494354232859811,0.00515378027877707,0.00118785723332821,0.00807136102574957,0,0.00133576060726735,4.12208791340056e-08,0.000333392109673849,0.0056116470362017,0,0
2022,7,4,7.77339143887967e-05,0.0012165437795504,0.000544786683590649,0.000579128468801829,0.0127203466248441,0,0,0.00331312915490707,0,0.00751726036012553,0.00609027173765063,0.000106237942810626,0.000182114366297509,0.0035090900937927,0.00431951254467206,0.00116670338409638,0,0.0109397414177816,0.000691649035569956,0,0,0,0,0,0.000612382286333892,0.00493102127735687,0.005083910884179,0.00116683479279673,0.00798730958931548,0,0.00128971949247093,2.99827064555218e-08,0.000330535249484205,0.00562675539849381,0,0
2022,7,9,6.37845649413249e-05,0.00124685687319763,0.000528465842114819,0.000537448385542277,0.0130872518232179,0,0,0.00355047405135153,0,0.00729192391344723,0.00620814143780792,9.58481313186772e-05,0.000201208782866342,0.00337916632993528,0.00425735921858291,0.00114619045763619,0,0.010997010344753,0.000720087029318255,0,0,0,0,0,0.000570579340701373,0.00491469815578705,0.00501376808786061,0.00115008862093407,0.00790163719070747,0,0.00124460606231083,2.16526818851116e-08,0.000327953723637127,0.00563467651018964,0,0
2022,7,14,5.19596464437463e-05,0.00127667281104452,0.000512388231182445,0.000498048675467664,0.013434976319133,0,0,0.00380153489876076,0,0.00707329353447708,0.00632257294807415,8.5928118473824e-05,0.000221929591645534,0.00325027607209768,0.00420207305178322,0.00112555773631182,0,0.0110417143020715,0.000748366722544315,0,0,0,0,0,0.000530709334996853,0.00489439258922937,0.00494342288206313,0.00113767959597531,0.00781448222008848,0,0.00120043452573917,1.55252941626702e-08,0.000325640523676974,0.00563539126700004,0,0
2022,7,19,4.21007648808765e-05,0.00130592856810219,0.000496591404068906,0.000460924976510825,0.0137576154815053,0,0,0.00406633077418774,0,0.00686108014372077,0.00643279889707737,7.65702100638298e-05,0.00024440025945285,0.00312275420476447,0.00415375161655644,0.00110486743653334,0,0.0110737054781838,0.000776327072723802,0,0,0,0,0,0.000492786945699196,0.00486977660950239,0.0048730318037161,0.00112951527155847,0.00772569358406235,0,0.00115718179912052,3.24704679418483e-84,0.000323588510452977,0.00562890918781331,0,0
2022,7,24,3.38097588139471e-05,0.00133458524886605,0.00048100603832012,0.000426060473236481,0.0140492505347833,0,0,0.00434539923761305,0,0.00665508332243088,0.0065381915183692,6.78323805793452e-05,0.000268689960273186,0.00299694164111978,0.00411284937667127,0.00108412078896551,0,0.0110932032986285,0.000803831202606679,0,0,0,0,0,0.000456788986497782,0.00484063815255546,0.00480273364414982,0.00112584917588751,0.00763531928797827,0,0.00111488978901356,1.62813017141927e-83,0.000321780901143646,0.00561526829406779,0,0
2022,7,29,2.70071221709547e-05,0.00136257265605237,0.000465728610047104,0.000393372250334379,0.0143050345197739,0,0,0.00463863601841026,0,0.00645525015889303,0.00663810353842465,5.96922289559063e-05,0.000294924637043605,0.00287306984666012,0.00407951674942493,0.0010633140775498,0,0.0111001459153171,0.000830723543589235,0,0,0,0,0,0.000422693806924161,0.0048067511996414,0.00473255893946373,0.00112655299842759,0.00754303781854193,0,0.00107356087722951,8.10544720020412e-83,0.00032022502303239,0.00559453479128708,0,0
2022,8,3,2.14143877044553e-05,0.0013898448585932,0.000450728063709784,0.000362778138866702,0.0145204574907529,0,0,0.00494627946685561,0,0.00626146737254544,0.00673197498756331,5.22252977403643e-05,0.000323185928352351,0.00275143100420127,0.00405380397152988,0.0010424835072978,0,0.0110947589572353,0.00085685539406633,0,0,0,0,0,0.000390463530548513,0.00476793289842924,0.0046625827346255,0.00113187929729925,0.00744878414002317,0,0.00103315693125509,4.0063797990154e-82,0.000318904764495148,0.00556680255619268,0,0
2022,8,8,1.67938659972495e-05,0.00141635004596632,0.000435977735361331,0.000334196150737883,0.0146920428160611,0,0,0.0052684376619093,0,0.0060733058280719,0.00681888473416306,4.54033027768761e-05,0.000353556166265402,0.00263229694109611,0.00403570755635374,0.00102164305007424,0,0.0110771257997601,0.000882078978821045,0,0,0,0,0,0.000360071654311782,0.00472410059695484,0.00459296007180018,0.00114173231352012,0.00735265321566117,0,0.000993725610796853,1.96614042829417e-81,0.000317803897220981,0.00553219243481487,0,0
2022,8,13,1.31720249581034e-05,0.00144203516033778,0.000421516350850544,0.000307538685485653,0.0148180510255702,0,0,0.00560490017057295,0,0.00589051275936647,0.00689865421718301,3.9221806519006e-05,0.000386160067633202,0.00251584310623117,0.00402578359363935,0.00100080545061517,0,0.0110475806959863,0.000906240023630802,0,0,0,0,0,0.00033148291214803,0.00467512333589259,0.00452369848996082,0.00115599066798846,0.00725446302294602,0,0.000955252684843756,9.57997176257279e-81,0.000316927106337498,0.00549085135895708,0,0
2022,8,18,1.02549433998271e-05,0.00146684914012881,0.000407334472845843,0.000282738265954949,0.014897412831552,0,0,0.00595576110912251,0,0.00571311385492351,0.00697030703764194,3.36665327390201e-05,0.000421072782715431,0.00240259826339649,0.00402368225549036,0.000979999135949939,0,0.0110065257022058,0.000929193955350879,0,0,0,0,0,0.000304631269327464,0.00462090577215695,0.00445483560504536,0.00117474630678794,0.00715421930979258,0,0.000917760544088854,4.63448204817865e-80,0.000316261367122578,0.00544295129020144,0,0
2022,8,23,7.80161404959983e-06,0.00149074858246022,0.000393434767481769,0.000259615083681342,0.014929959485913,0,0,0.00632054338007007,0,0.00554051163491253,0.00703360595184351,2.87149483583661e-05,0.000458382673765739,0.0022923978585313,0.00402953062020851,0.000959224675070162,0,0.0109543838346493,0.000950804497707108,0,0,0,0,0,0.000279471883430271,0.00456146800838095,0.00438649440208708,0.00119821265035686,0.00705187539605623,0,0.000881256516840115,2.22600153338379e-79,0.000315801877103123,0.00538868800235091,0,0
2022,8,28,5.99248382667784e-06,0.00151367587631957,0.000379827119056349,0.000238125344563577,0.0149166861855229,0,0,0.0066990810137739,0,0.00537280707428506,0.0070879353707399,2.43378673531621e-05,0.00049817364581607,0.0021856185752882,0.00404360820080049,0.000938503576695447,0,0.0108914482275625,0.000970925156858604,0,0,0,0,0,0.000255957936197992,0.00449680425389242,0.00431865395122458,0.00122635023962471,0.00694726320298398,0,0.000845724956424524,1.06154154045921e-78,0.000315540013153891,0.00532827971476017,0,0
2022,9,2,4.56807969558666e-06,0.00153558286658118,0.000366521313161686,0.000218164037882143,0.0148595156762259,0,0,0.00709069135945618,0,0.00520966909342778,0.00713293138360837,2.05011198027944e-05,0.000540524172574428,0.002082413984789,0.00406588181154835,0.00091784145107895,0,0.0108183095832318,0.000989431033211192,0,0,0,0,0,0.000234010277893774,0.0044269531398264,0.00425132991802634,0.00125910657974414,0.00684052152489357,0,0.000811174456884379,5.02615419479832e-78,0.000315468401276123,0.00526196559039464,0,0
2022,9,7,3.4559083528365e-06,0.00155642247591907,0.000353532996105443,0.000199610714303119,0.0147607999125125,0,0,0.0074950752849261,0,0.005050847275117,0.00716819102175286,1.71671109022299e-05,0.000585506282587715,0.00198304544463856,0.00409621566397921,0.000897252657082944,0,0.0107354246543937,0.00100620282871804,0,0,0,0,0,0.000213583286961736,0.00435201502403044,0.00418453911194257,0.00129646470984814,0.00673155054328999,0,0.000777579810107776,2.36277246907034e-77,0.000315581470570397,0.00519000411365484,0,0
2022,9,12,2.59471610506881e-06,0.001576141499834,0.000340863811409849,0.000182372842790281,0.0146231463142542,0,0,0.0079114884971386,0,0.00489624772443275,0.00719330939509967,1.42963143838106e-05,0.000633184512570577,0.0018875545290851,0.00413499525402659,0.000876749290647069,0,0.0106434977831248,0.00102113240822687,0,0,0,0,0,0.000194602562101328,0.00427206856196312,0.00411812595528623,0.00133851351026026,0.00662026514516244,0,0.000744921280925424,1.10279623659266e-76,0.00031587496218252,0.00511267136399862,0,0
2022,9,17,1.93336522310748e-06,0.00159471105700958,0.000328517009403737,0.000166401481115974,0.0144491532346912,0,0,0.00833909262532112,0,0.00474571441632074,0.00720810908997586,1.18486355145863e-05,0.000683614835798119,0.00179611340391488,0.00418190181728889,0.00085635424332119,0,0.0105430046914905,0.00103412475310191,0,0,0,0,0,0.000176993759479769,0.00418732449298332,0.00405224809747858,0.00138519107422779,0.0065065769615649,0,0.000713258233005295,5.11041216819618e-76,0.000316333729146061,0.00503025920217442,0,0
2022,9,22,1.42965655833515e-06,0.00161207907384236,0.00031649048012766,0.000151582634884854,0.0142413268848044,0,0,0.0087769966689025,0,0.00459919391292738,0.00721236663226429,9.78462563055403e-06,0.000736843574436504,0.00170883501301065,0.00423676189785996,0.000836080749250703,0,0.0104347355272153,0.00104509958301549,0,0,0,0,0,0.000160699294099536,0.00409796989183066,0.0039867476632686,0.00143650006781504,0.00639073976831099,0,0.000682560560078048,2.35127735585766e-75,0.000316948294726516,0.00494307338643834,0,0
2022,9,27,9.8508055214179e-07,0.00162820366069615,0.000304798429692944,0.000137829421435275,0.0140012879416782,0,0,0.00922410486055461,0,0.00445648038793759,0.00720599283265117,8.04511463123041e-06,0.000792906305624332,0.00162583092261246,0.00429962025151777,0.000815928179529897,0,0.0103193362418078,0.00105399272675479,0,0,0,0,0,0.000145659987111187,0.00400418911339566,0.00392176053153182,0.00149239163943471,0.00627256517713577,0,0.000652844356226358,1.07408604445972e-74,0.000317720887684205,0.00485143163646137,0,0
2022,10,2,6.54475323174561e-07,0.00164304446716283,0.000293465162253303,0.000125070615092372,0.0137307184137535,0,0,0.00967923677051433,0,0.00431763002717437,0.00718887977740127,6.64419657993302e-06,0.000851826772001424,0.00154720835985331,0.00437006622019583,0.000795927412318806,0,0.0101975022733684,0.00106075716191802,0,0,0,0,0,0.000131798724766801,0.00390629290459622,0.00385694650072926,0.00155273579088601,0.00615233977231838,0,0.000624077086384974,4.87148720256395e-74,0.000318638842364741,0.00475566166274278,0,0
2022,10,7,4.75861418646761e-07,0.00165656280205102,0.000282495109483653,0.000113262874130699,0.0134307162956097,0,0,0.010141046946653,0,0.00418246107068021,0.0071610040165715,5.52030568417098e-06,0.000913615808192389,0.001473056648502,0.00444816104316036,0.000776083438382692,0,0.01006996821442,0.00106536365750591,0,0,0,0,0,0.000119048955960725,0.00380464680517154,0.00379239203690125,0.00161757146883808,0.00603000601744415,0,0.000596221184400764,2.19367021102879e-73,0.000319701570392579,0.00465609917923303,0,0
2022,10,12,3.43289323446866e-07,0.00166872176216784,0.00027187617271327,0.000102359677599179,0.0131019016791281,0,0,0.010608189341377,0,0.00405083042800249,0.00712241627977925,4.64591963728549e-06,0.000978270295471412,0.00140336248711797,0.00453345140112222,0.000756403312882323,0,0.00993748245798088,0.0010677946148001,0,0,0,0,0,0.000107336053311958,0.00369948679117485,0.00372814340732457,0.00168675332423142,0.00590563309408504,0,0.000569323544726536,9.80772746407428e-73,0.00032089516328513,0.004553085916544,0,0
2022,10,17,2.45715512752391e-07,0.00167948636952066,0.000261647805283997,9.22631158142453e-05,0.0127447255402137,0,0,0.0110790282642531,0,0.0039227569120327,0.00707314743132173,3.99762975947979e-06,0.00104577215744396,0.00133821804867116,0.00462571145855669,0.000736894633655154,0,0.0098008017382521,0.00106806504302791,0,0,0,0,0,9.66153058347205e-05,0.00359122289883747,0.00366393495736929,0.00176016837631224,0.00577938490647283,0,0.000543348325131734,4.35364206191457e-72,0.000322214233861012,0.00444696765259512,0,0
2022,10,22,1.20621135443614e-07,0.00168882371637064,0.00025181564034009,8.29989203846175e-05,0.0123594194537274,0,0,0.0115519893833934,0,0.00379796659712051,0.0070134084847456,3.55642381964241e-06,0.00111608741006256,0.00127773322566012,0.00472442504156848,0.000717581997065334,0,0.00966065156196486,0.00106620355402683,0,0,0,0,0,8.68051555732388e-05,0.00348019479032197,0.00359966021063392,0.00183769619073542,0.0056512829254964,0,0.000518298136333695,1.91877623580924e-71,0.000323651523725022,0.00433809227682572,0,0
2022,10,27,8.54620371317356e-08,0.00169670311738133,0.000242344866272033,7.44371337840977e-05,0.0119468102926435,0,0,0.0120252576461696,0,0.00367646472567992,0.00694343797464249,3.3078286049105e-06,0.00118916527963008,0.0012218998499804,0.00482927942066989,0.000698470969341431,0,0.00951786286354961,0.00106224128636673,0,0,0,0,0,7.78460174333091e-05,0.00336691064321412,0.00353527268916984,0.00191912778445276,0.00552142912247002,0,0.000494143249511456,8.39620863013877e-71,0.00032519673993286,0.00422680790321242,0,0
2022,11,1,5.99247785720238e-15,0.00170309626792517,0.000233301741219303,6.6565052722276e-05,0.0115081698968366,0,0,0.0124969289795798,0,0.00355805886819813,0.00686353133058634,3.24192307850368e-06,0.00126493740261952,0.00117066282318564,0.00493988802257434,0.00067956268853607,0,0.00937314322721635,0.00105622702046114,0,0,0,0,0,6.96963031418911e-05,0.00325166000349355,0.00347069972312399,0.00200419982906598,0.0053901514328024,0,0.000470854641042868,3.64778633007027e-70,0.000326842058498925,0.00411346104628492,0,0
2022,11,6,1.11514205594279e-14,0.00170797740744047,0.000224651605864014,5.93503115483641e-05,0.0110452873876732,0,0,0.0129651462498595,0,0.00344269665288951,0.0067739806813858,3.35323119568641e-06,0.00134331712113897,0.0011240837300379,0.00505548790828545,0.00066087192580562,0,0.00922722780509475,0.00104823184057495,0,0,0,0,0,6.22973762347159e-05,0.00313488622795366,0.00340582485869188,0.00209278697443721,0.00525748770246751,0,0.000448412604421144,1.57348584799472e-69,0.00032858443985341,0.00399839487315374,0,0
2022,11,11,2.05881146598512e-14,0.001711323486572,0.000216443871943823,5.27343477999354e-05,0.0105606127015882,0,0,0.0134278394585543,0,0.00333019367062064,0.00667512243770548,3.64050129025176e-06,0.00142419888768251,0.00108213146569346,0.0051757015074882,0.000642416761330202,0,0.00908081436685431,0.00103834100991824,0,0,0,0,0,5.55773576546156e-05,0.00301695829463307,0.00334059461316516,0.00218453493527199,0.00512359653339196,0,0.000426842037682025,6.73881556886063e-69,0.000330411638091669,0.0038819475432728,0,0
2022,11,16,3.77107936506569e-14,0.00171311433668098,0.00020868285814642,4.6688111226187e-05,0.0100577433011559,0,0,0.0138829298368486,0,0.00322029471933706,0.00656750586895386,4.10637684726425e-06,0.00150745779242116,0.00104482322349344,0.00530006939630348,0.000624196779734737,0,0.00893463512360273,0.00102662483004732,0,0,0,0,0,4.94844859699086e-05,0.00289849123009805,0.00327489380546774,0.00227911945224313,0.00498865065473323,0,0.000406121863346692,2.86544171840206e-68,0.000332317900189353,0.00376445064627896,0,0
2022,11,21,6.85294996674666e-14,0.00171333284017614,0.00020140019715257,4.12217334192557e-05,0.0095403620098695,0,0,0.0143282948247912,0,0.00311290814747368,0.00645151033480092,4.73766525290539e-06,0.00159294922569586,0.00101195927369758,0.0054278281775626,0.000606224632601815,0,0.00878933101966054,0.0010131868070981,0,0,0,0,0,4.39811138834496e-05,0.00277974721399407,0.00320868164094192,0.00237632365869038,0.00485288422935117,0,0.000386203738255672,1.20972559166357e-67,0.000334285480245684,0.00364622774680589,0,0
2022,11,26,1.23552724330361e-13,0.00171196509999672,0.000194569251941339,3.62880615084055e-05,0.00901323133751629,0,0,0.0147617843084862,0,0.0030079022270125,0.00632772956201219,5.58780522580278e-06,0.00168050868757181,0.000983800433144177,0.00555845471832243,0.000588505755516918,0,0.00864553164648645,0.000998114840486707,0,0,0,0,0,3.90268949832364e-05,0.00266124686332715,0.0031417994079577,0.00247571720664577,0.00471654955161088,0,0.000367107075694993,5.07071774207368e-67,0.000336304981280408,0.00352759304368143,0,0
2022,12,1,2.20998867672114e-13,0.00170900060647273,0.000188214753717248,3.17884070835604e-05,0.00848088480873851,0,0,0.0151812378465967,0,0.00290490974224696,0.0061966730019259,6.62700034924053e-06,0.00176995175529874,0.00096018881727078,0.00569126747475826,0.00057104967902375,0,0.0085038285963867,0.000981506527457463,0,0,0,0,0,3.45590822438532e-05,0.00254337559130373,0.00307430447669468,0.00257694810271037,0.00457986989082408,0,0.000348729839653591,2.11027612009151e-66,0.000338378026849561,0.00340885014941172,0,0
2022,12,6,3.92184845985832e-13,0.00170443239969688,0.000182340536742966,2.77534211614573e-05,0.0079481548720266,0,0,0.0155845026982503,0,0.00280393733079338,0.00605892318412434,7.90558401662765e-06,0.00186107421829788,0.00094108837101241,0.00582567947482222,0.00055386079375414,0,0.00836475522750055,0.000963460093435892,0,0,0,0,0,3.056512474387e-05,0.00242653672814199,0.00300609395203542,0.00267955534655651,0.00444299392702704,0,0.000331188199468062,8.71959697607214e-66,0.000340476820206349,0.00329029099435202,0,0
2022,12,11,6.90485694049002e-13,0.00169825722546874,0.000176991349906841,2.41193207771788e-05,0.00742057023390333,0,0,0.0159694524446373,0,0.00270471691789046,0.0059150873043864,9.41413526836139e-06,0.00195365238886853,0.000926400971879808,0.00596102598116598,0.000536945301252415,0,0.00822885074885368,0.000944067160091923,0,0,0,0,0,2.69840165261003e-05,0.00231117508047178,0.00293718894063336,0.00278315194929261,0.00430618724739744,0,0.00031434062976136,3.57718020934031e-65,0.000342604400823709,0.00317219485848552,0,0
2022,12,16,1.20609566301908e-12,0.00169047568281465,0.000172187948611135,2.08624252276094e-05,0.00690147947541125,0,0,0.0163340059797625,0,0.00260727525953315,0.00576577309264961,1.11672179260352e-05,0.00204744359518518,0.000916170009484381,0.00609648041805158,0.000520308579038875,0,0.00809655060092758,0.000923431094805569,0,0,0,0,0,2.37794261583236e-05,0.00219764338993881,0.00286752277278595,0.0028872266147066,0.00416960268084063,0,0.000298236762379945,1.45704346130196e-64,0.000344743293252337,0.00305482753229703,0,0
2022,12,21,2.09012421961402e-12,0.00168109236104872,0.000167919658734942,1.79930264043145e-05,0.00639594175801609,0,0,0.0166761466323915,0,0.00251154811606414,0.00561162747018384,1.31782350815003e-05,0.00214218686135417,0.0009103033807353,0.00623174267524692,0.000503957174587209,0,0.00796825813456685,0.000901652878741925,0,0,0,0,0,2.09001373378307e-05,0.00208626820148428,0.00279718576507658,0.00299134601753073,0.00403357542556438,0,0.000282812469667576,5.89238985144578e-64,0.000346888570285796,0.00293844060685524,0,0
2022,12,26,3.59356733259045e-12,0.00167011596432149,0.000164233392046042,1.54635432495135e-05,0.00590649399147417,0,0,0.0169939411716126,0,0.00241732687593343,0.00545335693142775,1.54762523003667e-05,0.00223760377733339,0.000908664550763498,0.00636604952376161,0.000487896068325887,0,0.00784432260411489,0.000878815654494986,0,0,0,0,0,1.83272874251239e-05,0.00197744805878922,0.00272614671990365,0.0030950647969576,0.00389820391270225,0,0.000268078529113126,2.3659072716309e-63,0.000349024347853027,0.00282327089192233,0,0
2022,12,31,6.12975190543158e-12,0.00165755942160544,0.000161104993274372,1.32202197120397e-05,0.00543592286057085,0,0,0.0172855584429113,0,0.00232456532382551,0.0052915524818767,1.80657471330025e-05,0.0023333995594113,0.000911296262571955,0.00649877795882995,0.000472127522497449,0,0.00772503728637028,0.000855009681434396,0,0,0,0,0,1.60398685289087e-05,0.00187143850460122,0.00265448649452132,0.00319779225533732,0.003763819025482,0,0.000253984933321751,9.43172750531446e-63,0.000351146022313335,0.00270953995970545,0,0
2023,1,5,1.03734568218385e-11,0.00164343998009143,0.000158583839225715,1.1261869427162e-05,0.00498643279503618,0,0,0.0175492873804716,0,0.00223333624048354,0.00512690618811319,2.0929187835669e-05,0.00242926429971708,0.000918135344318273,0.00662952352346316,0.000456657715009755,0,0.00761063809370226,0.000830323529487037,0,0,0,0,0,1.40102666736723e-05,0.00176855447851066,0.00258224049715695,0.00329899592563939,0.00363051113225203,0,0.000240549658850385,3.73312086006511e-62,0.000353234442127096,0.00259745381076302,0,0
2023,1,10,1.74167724706999e-11,0.00162777928001907,0.000156670444983074,9.53888731353443e-06,0.00455953589072467,0,0,0.017783554144697,0,0.00214350679011902,0.00496004291060753,2.40623507027662e-05,0.00252487440091986,0.000929054247096954,0.00675769217627274,0.000441495486133218,0,0.0075013026942117,0.000804844661820766,0,0,0,0,0,1.22202840631192e-05,0.00166910885629494,0.00250948887081094,0.00339819344437332,0.00349855309448514,0,0.000227707764717864,1.46703385296635e-61,0.000355269310347475,0.00248720265758846,0,0
2023,1,15,2.9011854683513e-11,0.0016106034090384,0.000155401651653311,8.05185497329585e-06,0.00415598361573012,0,0,0.0179869381417414,0,0.00205508162320307,0.00479158317254228,2.75082048960252e-05,0.0026198941899027,0.000944073261691649,0.00688279912985267,0.000426635391123038,0,0.00739715014729408,0.000778653880551055,0,0,0,0,0,1.06385367390449e-05,0.00157338139683609,0.00243625999475221,0.00349485475924203,0.00336813321311922,0,0.000215421325497782,5.72394563790284e-61,0.000357252920623137,0.00237896082052161,0,0
2023,1,20,4.79454081422458e-11,0.00159194293430065,0.000154796374919629,6.74173828736128e-06,0.00377643145607022,0,0,0.018158186694086,0,0.00196830185115617,0.00462213204387784,3.12333943054126e-05,0.00271397770179913,0.00096308172951818,0.00700450641616196,0.000412086896267581,0,0.00729824105826852,0.000751846842360445,0,0,0,0,0,9.21792553171052e-06,0.00148153645651392,0.00236277201494038,0.00358849217586633,0.00323935126648217,0,0.000203742062012404,2.21736988528445e-60,0.000359165343876233,0.00227288672988783,0,0
2023,1,25,7.86108202587322e-11,0.00157183291060457,0.000154871775730804,5.63841474204268e-06,0.00342147555842656,0,0,0.0182962281477507,0,0.00188324147864614,0.00445238133110007,3.52264365293111e-05,0.0028067706233932,0.000986035186321778,0.00712263365100139,0.00039784633446455,0,0.00720457825091792,0.000724517037386585,0,0,0,0,0,7.98499718902845e-06,0.00139380026248728,0.00228910500636466,0.00367852521770965,0.00311248023360705,0,0.000192594246939382,8.52840996798344e-60,0.000360995483424889,0.00216912302763798,0,0
2023,1,30,1.27873775044538e-10,0.00155031286308086,0.00015563562629512,4.70504915301801e-06,0.00309057795583805,0,0,0.0184001832223156,0,0.00179991644013801,0.00428280887756531,3.94712191112992e-05,0.00289791238254311,0.00101284782980295,0.00723677623116901,0.000383917938773915,0,0.00711610795187885,0.00069674621417194,0,0,0,0,0,6.89380350498909e-06,0.00131035352297431,0.00221534354186367,0.00376447505640663,0.0029875565750862,0,0.000181981151253242,3.25675638206791e-59,0.000362733939772051,0.00206779676126017,0,0
2023,2,4,2.06369049497041e-10,0.00152742674308272,0.000157118181758223,3.90711243969354e-06,0.00278410356586452,0,0,0.0184693744342224,0,0.00171848304491938,0.00411402945835,4.39612899931017e-05,0.00298703836803262,0.00104348623602557,0.00734668651575152,0.000370300790188637,0,0.00703272147586978,0.000668619673517137,0,0,0,0,0,5.93594236296083e-06,0.00123137827149406,0.00214161444600232,0.00384587364716843,0.00286495386698099,0,0.000171904877863558,1.23478048280567e-58,0.000364360574412984,0.00196901966235264,0,0
2023,2,9,3.30424032937275e-10,0.00150322285616339,0.000159353181383332,3.2286716181886e-06,0.00250121237358922,0,0,0.0185033334513741,0,0.00163905213050755,0.00394655425219191,4.86521161603146e-05,0.00307378226212049,0.00107784120683343,0.00745221052329767,0.000356998704872933,0,0.00695425739580022,0.000640234518822706,0,0,0,0,0,5.12280553577139e-06,0.00115699900033968,0.00206806248026981,0.00392224807196275,0.00274468924075273,0,0.000162296457925805,4.64816482037932e-58,0.000365862655391903,0.00187288850198333,0,0
2023,2,14,5.24883286673326e-10,0.00147775376126281,0.000162336879902583,2.65497278190109e-06,0.00224106063969927,0,0,0.0185018062673602,0,0.0015618713133769,0.00378083194048118,5.35419489729728e-05,0.00315777846608374,0.0011158600063435,0.00755321561661489,0.000344016040793331,0,0.00688050417691264,0.000611700063996285,0,0,0,0,0,4.37862083551085e-06,0.00108737150826335,0.00199491265857946,0.00399310166732746,0.00262682393482514,0,0.000153163368049538,1.73724296691042e-57,0.00036724154853807,0.00177948551481005,0,0
2023,2,19,8.27214196963427e-10,0.00145107614049232,0.000166116988082636,2.17248549648235e-06,0.00200391897160564,0,0,0.0184647561161151,0,0.00148704689804154,0.0036173552317343,5.85861827063919e-05,0.00323866459727065,0.00115752527440536,0.00764972978008637,0.000331349410721693,0,0.00681120324932907,0.000583100136346951,0,0,0,0,0,3.71557471031282e-06,0.0010225237944404,0.00192233678555127,0.0040580990717045,0.00251158690119533,0,0.000144454689666346,6.44654301015026e-57,0.000368477382274078,0.00168887888388764,0,0
2023,2,24,1.29341352492323e-09,0.00142325063919774,0.000170716480410764,1.74315532790938e-06,0.00178784992089949,0,0,0.018392364081854,0,0.00141459547564796,0.0034565001877658,6.37869968364566e-05,0.00331608403462931,0.00120267672289156,0.00774164260729478,0.000318992151376906,0,0.00674605248876243,0.000554533440601898,0,0,0,0,0,3.15608984048073e-06,0.000962658346351988,0.00185029506780233,0.00411680523184976,0.00239902286993789,0,0.000136210322211762,2.37509227211406e-56,0.00036955735308375,0.00160112327813917,0,0
2023,3,1,2.00641637738787e-09,0.00139434167629319,0.000176150288706079,1.41394510698409e-06,0.0015924574112672,0,0,0.018285027394047,0,0.00134485664437311,0.0032986819898953,6.91033657974078e-05,0.00338968848838704,0.00125126731697206,0.00782913229534174,0.000306951652672793,0,0.00668467675918659,0.000526127977526489,0,0,0,0,0,2.67809910784795e-06,0.000907746954633652,0.00177911137500874,0.00416891865757772,0.0022892957468193,0,0.000128362226016309,8.68803112846626e-56,0.000370467698822262,0.00151626043460514,0,0
2023,3,6,3.08794133557006e-09,0.001364417225189,0.000182465737763329,1.14111923959922e-06,0.00141626628582984,0,0,0.0181433554323141,0,0.00127787230725581,0.00314414736623322,7.45582848575175e-05,0.00345914056855394,0.00130327062525376,0.00791217985612884,0.000295226764103903,0,0.00662677121954053,0.000497951873467289,0,0,0,0,0,2.28922416552573e-06,0.000857902705262447,0.00170888441599714,0.00421408614533529,0.00218245437074661,0,0.000120930503308699,3.15536446019828e-55,0.000371201987515215,0.00143431977780174,0,0
2023,3,11,4.71499668047687e-09,0.00133354856598064,0.000189667238645636,9.03204319596293e-07,0.00125764244351871,0,0,0.0179681635007565,0,0.00121372795863694,0.0029933367277415,8.01329942826947e-05,0.00352411632623358,0.00135854735591612,0.00799075381101799,0.000283813736830238,0,0.006571871011458,0.000470113214298485,0,0,0,0,0,1.89378232010783e-06,0.000813135981183283,0.00163961231682023,0.00425209483295562,0.00207851592939783,0,0.000113893405269833,1.1377974880825e-54,0.0003717449999491,0.00135531906880311,0,0
2023,3,16,7.14263037919766e-09,0.00130181000991921,0.000197791083887631,7.22247517605859e-07,0.00111491149822938,0,0,0.0177604644646993,0,0.00115244631433945,0.00284640305036282,8.58386609141458e-05,0.00358430774136517,0.00141705476063852,0.00806516973207321,0.000272708694642494,0,0.00651955895053401,0.000442702841123427,0,0,0,0,0,1.59585527979863e-06,0.000773619649963615,0.0015715963127154,0.00428277429354954,0.00197751074099546,0,0.000107216700083671,4.07349972469102e-54,0.000372099322300527,0.00127926507700582,0,0
2023,3,21,1.07349359570914e-08,0.00126927859754064,0.000206861569958908,5.74582167651422e-07,0.000986983476613627,0,0,0.0175214583744718,0,0.00109423984065597,0.00270362787503789,9.17321409763301e-05,0.00363942513050834,0.00147867521268453,0.00813537471624358,0.000261905736342229,0,0.00646939904297391,0.000415831281468917,0,0,0,0,0,1.34538788117719e-06,0.000739238050395357,0.00150481771942462,0.00430592145484396,0.00187962955608869,0,0.000100876964222751,1.4479637574507e-53,0.000372246986547425,0.00120614009632761,0,0
2023,3,26,1.60068286264073e-08,0.00123603377218593,0.000216897025433899,4.54760483778379e-07,0.000872577541965834,0,0,0.0172525202300719,0,0.00103905067742999,0.0025651760221584,9.78358328671495e-05,0.00368919944862325,0.00154335129315062,0.00820152885302462,0.000251416054369303,0,0.00642084557641548,0.000389566233807832,0,0,0,0,0,1.13984683568494e-06,0.000710133025307129,0.00143950825839336,0.00432142826696635,0.00178476828753392,0,9.48772696736753e-05,5.11016557002572e-53,0.000372178822484865,0.00113596165013577,0,0
2023,3,31,2.36796755952125e-08,0.00120215703099126,0.000227944566775987,3.58076887378061e-07,0.000769440147845152,0,0,0.0169551860668156,0,0.000986822593277105,0.00243122611439719,0.000104233432884275,0.00373338445949809,0.00161098502018621,0.00826357124903016,0.000241229972555112,0,0.00637347438186397,0.000363999142090756,0,0,0,0,0,9.54831854473866e-07,0.000686281168656999,0.00137567999923116,0.00432923751907807,0.0016929528769526,0,8.92218645386307e-05,1.79060392104341e-52,0.000371882327108707,0.00106869083973289,0,0
2023,4,5,3.47544864774954e-08,0.00116773155575955,0.000240010431582865,2.64511759462863e-07,0.00067649434407132,0,0,0.0166311375648719,0,0.000937581907949071,0.00230182937898059,0.000110931134315397,0.00377175875053034,0.0016814906206481,0.00832154416307137,0.000231347251587392,0,0.00632683250428369,0.000339203376876264,0,0,0,0,0,7.94827032784736e-07,0.000667663860506176,0.00131342726949265,0.0043293432053905,0.00160427651959812,0,8.38653812728518e-05,6.22947389790602e-52,0.000371355438450042,0.00100429746817452,0,0
2023,4,10,5.06070166482682e-08,0.00113284182643669,0.000253126312463852,2.06617259320157e-07,0.000592828852286896,0,0,0.0162821854045407,0,0.000891270135205086,0.00217705165043308,0.000118144918089626,0.00380412756896887,0.00175477412115509,0.0083753349568859,0.000221764199560283,0,0.00628037018553784,0.000315241789623598,0,0,0,0,0,6.65773085327525e-07,0.000654364960493367,0.00125286495652021,0.00432179030753089,0.00151867809775304,0,7.88442075388838e-05,2.15174344861377e-51,0.000370597920693727,0.000942743821569256,0,0
2023,4,15,7.31097645959371e-08,0.00109757322020022,0.000267303594899483,1.60549357634444e-07,0.000517258622921408,0,0,0.0159102516039323,0,0.000847703790533766,0.00205699792219269,0.000125846289220389,0.00383032445845634,0.00183072498326008,0.0084249805102346,0.000212475680622156,0,0.0062336178098756,0.000292175913573916,0,0,0,0,0,5.47430807332944e-07,0.000646357779888173,0.00119400173115944,0.00430665396744004,0.00143629274428142,0,7.4112120025407e-05,7.37932924729935e-51,0.000369605872119381,0.000883971427268141,0,0
2023,4,20,1.06050645868397e-07,0.00106201159942063,0.00028258789727908,1.24099765903025e-07,0.000448497970770371,0,0,0.0155173510861396,0,0.000806958233515356,0.00194168350685032,0.000134220450215609,0.00385021267675431,0.00190926976167186,0.00847019024346396,0.000203478277732119,0,0.00618610507279711,0.000270063938316088,0,0,0,0,0,4.54445882283323e-07,0.000643605621579811,0.0011368434251476,0.00428412219399647,0.00135700584631133,0,6.96499651336823e-05,2.5126417176607e-50,0.000368365978815384,0.000827946081787265,0,0
2023,4,25,1.50967678595936e-07,0.00102624289196862,0.000298984427502772,9.54231648408556e-08,0.000386300312275733,0,0,0.0151055727289485,0,0.000768877957751825,0.00183107274346169,0.000143494397056929,0.0038636863778622,0.0019902664722685,0.00851078221420906,0.00019476586223301,0,0.00613740005856579,0.000248964578658956,0,0,0,0,0,3.59053974065979e-07,0.00064611210005209,0.0010814693955605,0.00425436115670102,0.00128075481957469,0,6.54688931473693e-05,8.49437684225947e-50,0.000366888538572556,0.000774624506921111,0,0
2023,4,30,2.13237132207787e-07,0.000990343784477726,0.00031654240682791,7.29889614111867e-08,0.000330648429103007,0,0,0.0146770601515903,0,0.000733139719147806,0.001725124352467,0.000153681215514658,0.00387067154432264,0.00207361488083353,0.00854645789696866,0.0001863354932931,0,0.00608700021482181,0.000228871797691425,0,0,0,0,0,2.95053943784713e-07,0.000653886132115688,0.00102793432305221,0.00421758972084381,0.00120750960828517,0,6.15582891397107e-05,2.85114799920809e-49,0.000365163617641282,0.000723915345154347,0,0
2023,5,5,2.98850376603169e-07,0.00095441834952286,0.000335280553464693,5.55368333570259e-08,0.000280614821779384,0,0,0.0142339924900832,0,0.000699783016110229,0.00162381598752734,0.000165012798339338,0.00387112665830593,0.00215923358372139,0.00857683248106944,0.000178182521222115,0,0.00603450961966158,0.000209829983860614,0,0,0,0,0,2.41912198820861e-07,0.00066689402669054,0.00097618013325429,0.00417412153754324,0.00113730765020169,0,5.79083762593195e-05,9.50156795370117e-49,0.000363194424557196,0.000675783842906039,0,0
2023,5,10,4.15586235811335e-07,0.000918539524059954,0.000355220585602526,4.20364131452125e-08,0.000235934218367887,0,0,0.0137785654055214,0,0.000668460654991837,0.00152703648045508,0.000177797245135869,0.00386504310304386,0.00224699881609739,0.00860140963134221,0.000170306092073613,0,0.0059795515403983,0.000191818503843481,0,0,0,0,0,2.04810328578975e-07,0.000685096337335806,0.000926192247186539,0.0041242147834201,0.00107003005832402,0,5.45205879504936e-05,3.14382291775079e-48,0.000360979856273885,0.000630144276113402,0,0
2023,5,15,5.73441992813266e-07,0.000882780267324494,0.000376368276882087,1.88338728846317e-08,0.000196498784441885,0,0,0.0133129725585023,0,0.000639107674271521,0.00143468238079706,0.000192025159115618,0.00385244528929532,0.00233677310957387,0.00861960796324801,0.000162696975473952,0,0.00592172590058659,0.000174903150523977,0,0,0,0,0,1.56330637472525e-07,0.000708407334001657,0.000878046522074047,0.0040682994458137,0.00100570337524885,0,5.13682313303392e-05,1.03278079159873e-47,0.000358519866105775,0.000586924606867617,0,0
2023,5,20,7.85134074273218e-07,0.000847240206255384,0.000398759506172509,3.28876923510837e-34,0.000161743628389947,0,0,0.0128393877680837,0,0.000611497527055051,0.00134676533461297,0.000207959844133222,0.00383339050472758,0.00242840296125264,0.00863091842748275,0.000155350858356325,0,0.00586067231464923,0.000159031172491144,0,0,0,0,0,1.33078431128645e-07,0.000736789172767124,0.000831679071157403,0.00400671063992066,0.000944164088167601,0,4.84941451185952e-05,3.36856946928876e-47,0.000355820405400208,0.00054605018787124,0,0
2023,5,25,1.06666876932147e-06,0.000811986072177342,0.000422433146779168,7.62407190614338e-34,0.000131634701697405,0,0,0.0123599480556338,0,0.000585418630892878,0.00126306620539534,0.000225800733108364,0.00380796848733871,0.0025217881922377,0.00863478455397868,0.000148267387586999,0,0.00579616097776748,0.00014419949224641,0,0,0,0,0,1.13735868036694e-07,0.000770117137279187,0.000787102759868243,0.0039398548572293,0.000885483786554143,0,4.58326649124788e-05,1.09086283011958e-46,0.000352890934838336,0.000507400447658384,0,0
2023,5,30,1.43797929259059e-06,0.000777092703794834,0.000447345770333044,1.75815166577434e-33,0.0001058556113163,0,0,0.0118767377531479,0,0.000560701342854589,0.00118347913536528,0.000245720903979461,0.00377630072728202,0.00261674979602969,0.00863045377600241,0.000141444172861463,0,0.00572801032979622,0.000130374186177295,0,0,0,0,0,8.88151853144609e-08,0.000808368333856747,0.000744238970366588,0.00386816007568729,0.000829377559438703,0,4.33979813958525e-05,3.50737384746772e-46,0.000349730167795569,0.000470977367239269,0,0
2023,6,4,1.92362027918554e-06,0.000742631813231967,0.000473546138487892,4.03312340282133e-33,8.41872772675104e-05,0,0,0.0113917738325527,0,0.000537147880167651,0.00110778800957508,0.000268106539930328,0.00373853950463127,0.00271324555544319,0.00861723803357563,0.000134865771456188,0,0.00565590707348045,0.000117547894953766,0,0,0,0,0,7.79255195226931e-08,0.00085137929441943,0.000703000550272171,0.00379207110067831,0.000776033081736718,0,4.12289668786174e-05,1.1196473446132e-45,0.000346354895433922,0.000436667365227384,0,0
2023,6,9,2.55350439506473e-06,0.000708661648754958,0.000501058357062195,9.20327832146803e-33,6.6090983602632e-05,0,0,0.0109070364411037,0,0.000514555099400238,0.00103604047684258,0.000292896787737507,0.00369486667370106,0.002811096112669,0.00859444087975485,0.000128537024430785,0,0.00557963703422042,0.000105679839984432,0,0,0,0,0,6.04734798033636e-08,0.000899051905517439,0.000663435788878833,0.00371204483656184,0.000725321610683686,0,3.93087521715279e-05,3.54868727485955e-45,0.000342762920485381,0.00040437344292875,0,0
2023,6,14,3.3639336442757e-06,0.000675268477609343,0.000529903730688827,2.089101412579e-32,5.11997760334667e-05,0,0,0.010424341900194,0,0.000492821258130967,0.000968005463970188,0.000320415272442456,0.00364549220746113,0.00291003724503948,0.0085613740815193,0.000122450087232031,0,0.00549917286057078,9.4746623817521e-05,0,0,0,0,0,5.54423725451932e-08,0.000951163362291148,0.000625476123753529,0.0036285290423012,0.000677142001741947,0,3.76051963107994e-05,1.11671277284729e-44,0.000338967553126189,0.000374046500305102,0,0
2023,6,19,4.39740590836657e-06,0.000642500829232123,0.000560049431065152,4.71728874183963e-32,3.89803040885116e-05,0,0,0.00994540316857049,0,0.000471837079333962,0.00090348789870851,0.000350916413409712,0.0035906525183159,0.00301004226433118,0.00851728833968067,0.000116595930836684,0,0.00541437770538234,8.47158768700983e-05,0,0,0,0,0,4.40048800098798e-08,0.00100755845441665,0.000589083935249467,0.00354202702015803,0.000631460427113575,0,3.61283463280652e-05,3.48901243765509e-44,0.000334985998543949,0.000345574870514457,0,0
2023,6,24,5.70455966980553e-06,0.000610404872146933,0.000591511841441334,1.05959869837507e-31,2.9405122788844e-05,0,0,0.00947184496609385,0,0.000451418013977887,0.000842483764059763,0.000384665728199374,0.00353060857401865,0.00311085785475505,0.00846175777101117,0.000110970958817303,0,0.00532527903599678,7.55122669642852e-05,0,0,0,0,0,4.38898212228976e-08,0.00106802005087397,0.000554213010279553,0.00345298347090775,0.000588150547337418,0,3.48695828704335e-05,1.08230790711479e-43,0.000330831471207928,0.000318907268918241,0,0
2023,6,29,7.34402033658351e-06,0.000579054587271667,0.000624323847628962,2.36758968638382e-31,2.16358707344404e-05,0,0,0.00900520045743252,0,0.000431527842417796,0.000784749308015114,0.000421869095856404,0.00346564382971942,0.00321240208837447,0.0083941110112764,0.000105574377976942,0,0.00523190269489748,6.71081860873621e-05,0,0,0,0,0,2.87691547087802e-08,0.00113228803570677,0.000520803493577028,0.00336185746220449,0.000547078910416636,0,3.38598571625819e-05,3.33339227535748e-43,0.000326507157840294,0.000293962221780766,0,0
2023,7,4,9.38301314426951e-06,0.000548485113829562,0.000658452670722805,5.26244509066304e-31,1.57655558993e-05,0,0,0.00854685720486325,0,0.000412010468312105,0.000730102310609379,0.00046276542955847,0.00339606199907451,0.00331445531341109,0.00831386652492032,0.000100381186669192,0,0.00513424346316583,5.94630460763314e-05,0,0,0,0,0,3.43423011858502e-08,0.00120007683819542,0.000488872032801661,0.00326909775114711,0.000508309688411937,0,3.31160194504896e-05,1.01931707113417e-42,0.000322028641208235,0.000270603182765474,0,0
2023,7,9,1.18975870186962e-05,0.000518729320921629,0.000693924226199962,1.16354953474604e-30,1.1428933021725e-05,0,0,0.00809810288504512,0,0.000392849659939255,0.00067854583913833,0.000507639346539466,0.00332218468894775,0.00341685475698538,0.00822060819662105,9.54202131131037e-05,0,0.00503241031211469,5.25142064625313e-05,0,0,0,0,0,4.0904939579942e-08,0.00127109904919748,0.000458348045753108,0.00317511973109691,0.000471646229883609,0,3.26028901010051e-05,3.09470638048402e-42,0.000317422852637758,0.000248814905665288,0,0
2023,7,14,1.49725541792537e-05,0.000489807824563754,0.000730707530500264,2.55916557034747e-30,8.1624683024406e-06,0,0,0.00766001708550774,0,0.000373972373035209,0.000629886767227843,0.000556779547463382,0.00324434892348915,0.00351946617935081,0.0081140813900327,9.066682201431e-05,0,0.00492648332675522,4.62361120292453e-05,0,0,0,0,0,4.86146299712065e-08,0.00134504174085285,0.000429154356259191,0.00308036301616778,0.000437124896346652,0,3.23245575185322e-05,9.32860883292609e-42,0.000312700684295719,0.000228456706248583,0,0
2023,7,19,1.87010785494707e-05,0.000461804660757942,0.000768826273535004,5.59922791633916e-30,5.74323775437613e-06,0,0,0.00723362119178069,0,0.000355291076299283,0.00058398954957282,0.000610510652027028,0.00316290458427087,0.0036220555647234,0.00799412727308702,8.60987772144358e-05,0,0.00481661531152516,4.05748997475619e-05,0,0,0,0,0,5.76506087511097e-08,0.00142153634342139,0.000401272312974924,0.00298524353557386,0.000404570905778267,0,3.22824327534687e-05,2.79191115922956e-41,0.00030787259677916,0.000209566652396574,0,0
2023,7,24,2.31838498577288e-05,0.000434728126890917,0.000808222381020527,1.21863656967895e-29,3.98117799948386e-06,0,0,0.00681978323623935,0,0.000336891233113718,0.000540756738839237,0.000669225189524848,0.00307821179368495,0.00372450934438729,0.00786067048835105,8.17369651141612e-05,0,0.00470309525655187,3.54842449169861e-05,0,0,0,0,0,6.82161706539301e-08,0.00150015051828144,0.000374596347003932,0.00289009121943005,0.000373894415140013,0,3.25340029095896e-05,8.29609250911452e-41,0.000302967902981228,0.000192001740049473,0,0
2023,7,29,2.85277891530484e-05,0.000408608188705477,0.000848895757673323,2.63837553758919e-29,2.71885441452717e-06,0,0,0.00641940401280108,0,0.000318717477396911,0.000499978251868496,0.000733105610864589,0.00299063826896109,0.00382654997340715,0.00771384335489736,7.75648280837124e-05,0,0.0045861177662264,3.09294221985267e-05,0,0,0,0,0,8.05412132777698e-08,0.00158058626424263,0.000349202284658719,0.00279529493015843,0.000345030289413746,0,3.30301867067547e-05,2.44755724110796e-40,0.000298000331927927,0.000175644501904365,0,0
2023,8,3,3.48442458142085e-05,0.00038344152361961,0.000890868593948012,5.68218547127867e-29,1.82927884940575e-06,0,0,0.00603278288343032,0,0.000300828791510564,0.00046169874268311,0.000802609468438499,0.0029005566739489,0.00392801225206003,0.00755393789730822,7.35837379827866e-05,0,0.00446600173366266,2.68595915222477e-05,0,0,0,0,0,9.48849388639099e-08,0.00166235123183094,0.000325061783670484,0.00270115145692147,0.000317984157174933,0,3.38173005406758e-05,7.16934382057273e-40,0.000292983220649278,0.000160522213284516,0,0
2023,8,8,4.22466661272091e-05,0.000359255051587672,0.000934072789262521,1.21733646570207e-28,1.21253286483529e-06,0,0,0.00566061267264241,0,0.000283222969741146,0.000425653867951581,0.000877916748515392,0.0028083419952386,0.00402882424187931,0.00738122665499935,6.9784133359947e-05,0,0.00434295814732459,2.32443504933568e-05,0,0,0,0,0,1.11538704696059e-07,0.00174493501492125,0.000302136129561497,0.00260795204625697,0.000292633065292523,0,3.48577913808585e-05,2.0850344688614e-39,0.000287950067286407,0.000146517782402855,0,0
2023,8,13,5.08477388369793e-05,0.000336076811802124,0.000978503862352359,2.59431277328246e-28,7.91820632001531e-07,0,0,0.0053032301032162,0,0.000265966631527619,0.000391834122676014,0.000959519997204103,0.00271436896828316,0.00412869945527306,0.00719625452859339,6.61607371541579e-05,0,0.00421736775970833,2.00372152177504e-05,0,0,0,0,0,1.30829009635408e-07,0.00182790982014143,0.000280332142378055,0.00251595810271514,0.000268943608060735,0,3.61917291882113e-05,6.02052479238969e-39,0.000282905517858546,0.00013353629037796,0,0
2023,8,18,6.07560529312483e-05,0.000313888435139492,0.00102411267648783,5.49984633078729e-28,5.09424515484378e-07,0,0,0.00496085009989694,0,0.000249009698136694,0.000360210139650208,0.00104755344203113,0.00261900957795381,0.0042274723677178,0.00699967437049148,6.27154083141717e-05,0,0.00408950823722097,1.71853004727577e-05,0,0,0,0,0,1.53120600026247e-07,0.00191070139089581,0.00025966266581227,0.0024254007060584,0.000246773711294112,0,3.78197958360733e-05,1.72600774044454e-38,0.000277882654179922,0.000121590112601044,0,0
2023,8,23,7.20723359477866e-05,0.000292690914221823,0.00107089962066704,1.15983267048012e-27,3.22888548883196e-07,0,0,0.00463375112774165,0,0.000232447159748558,0.00033044750741688,0.00114237772204144,0.00252263065643677,0.00432497693623262,0.00679229112232204,5.94289964451359e-05,0,0.00395979602357704,1.46790129665192e-05,0,0,0,0,0,1.8107513462291e-07,0.00199292155545577,0.000240021815437618,0.00233646208437529,0.000226036448197392,0,3.97365661145592e-05,4.91290547739427e-38,0.00027289796884212,0.000110569181386056,0,0
2023,8,28,8.49320439163419e-05,0.00027247203978448,0.00111881065972964,2.4330818782739e-27,2.01625409365882e-07,0,0,0.00432204976394204,0,0.000216316157348721,0.000302744833613582,0.00124434677010831,0.0024255915995917,0.00442097143317405,0.00657496044613154,5.63081302519411e-05,0,0.00382855682770221,1.24947304768955e-05,0,0,0,0,0,2.11145770271987e-07,0.00207404535470628,0.000221506531373044,0.00224935350232721,0.000206717880264046,0,4.19631365596964e-05,1.3884215879781e-37,0.000267976929849273,0.000100359319210116,0,0
2023,9,2,9.93354233406804e-05,0.000253224445532834,0.00116780188801479,5.07732256583694e-27,1.24038852392867e-07,0,0,0.00402552774771029,0,0.000200709559902085,0.00027685483437969,0.00135345180778104,0.00232824222087556,0.00451527733187829,0.00634868388534015,5.33386059711503e-05,0,0.00369613669366366,1.05747194848346e-05,0,0,0,0,0,2.45682870314867e-07,0.00215350867941069,0.00020402387475008,0.00216419347950252,0.000188760042509612,0,4.4511797200447e-05,3.89575454971654e-37,0.000263136566263056,9.09847218049096e-05,0,0
2023,9,7,0.000115368935676267,0.000234970482463211,0.0012178453517235,1.05397296880527e-26,7.51778872331141e-08,0,0,0.00374436452310957,0,0.000185614634888439,0.000252689293062864,0.00146985762276496,0.00223092075972674,0.00460772341855474,0.00611448877639114,5.05204806231637e-05,0,0.00356293910006874,8.90997820518731e-06,0,0,0,0,0,2.85258155235804e-07,0.00223081654717015,0.000187466044868532,0.00208109524309445,0.00017209036110601,0,4.74072395098999e-05,1.0852982307253e-36,0.000258399707251401,8.2373255778307e-05,0,0
2023,9,12,0.000133075133178103,0.000217661066297692,0.00126887542207457,2.1764110233058e-26,4.48892586789083e-08,0,0,0.00347817376937883,0,0.000171056447719013,0.000230172125564416,0.00159368406550479,0.00213395205894126,0.00469813161005582,0.00587363569932149,4.78423260690284e-05,0,0.00342934614267694,7.48137149279784e-06,0,0,0,0,0,3.30501775619362e-07,0.00230546467198288,0.000171974588607409,0.00200014513624306,0.000156609348881208,0,5.0682811332852e-05,3.00188384167073e-36,0.000253791753810654,7.44342844361342e-05,0,0
2023,9,17,0.000152439798737229,0.000201303136026617,0.0013208514128328,4.47063411829082e-26,2.64067364325727e-08,0,0,0.00322682662510794,0,0.000157097179969539,0.000209299750731753,0.00172487873602345,0.00203764592309653,0.00478625311972037,0.00562731940224674,4.53181386457479e-05,0,0.00329572265420665,6.25621046689523e-06,0,0,0,0,0,3.82106084956327e-07,0.00237691475999872,0.000157428275885014,0.00192140427138315,0.000142329312283271,0,5.43087490397658e-05,8.24377160214896e-36,0.000249331332649536,6.71664501626038e-05,0,0
2023,9,22,0.000173445033041024,0.000185853651561364,0.00137373685164199,9.13511767904919e-26,1.5304073697061e-08,0,0,0.00299022875695889,0,0.000143763703367931,0.000189841801428478,0.00186337282044068,0.00194229566752949,0.00487195082354189,0.00537683296554871,4.29271878600964e-05,0,0.00316240906421382,5.19995445524389e-06,0,0,0,0,0,4.40829339637178e-07,0.00244466049839574,0.000143742385386864,0.00184491041183636,0.000129057830219583,0,5.8313941022907e-05,2.2477359845384e-35,0.000245045445731611,6.05480705458845e-05,0,0
2023,9,27,0.000196033352273823,0.000171302595055355,0.00142744325593146,1.85684653144626e-25,8.73814859216198e-09,0,0,0.00276769073240932,0,0.000131090666670825,0.000171937931615069,0.00200897625930869,0.00184817686479445,0.00495507253112957,0.00512355702819051,4.06632226737368e-05,0,0.00302976882445764,4.30416635283287e-06,0,0,0,0,0,5.07499270383613e-07,0.00250826873915506,0.000130996512291704,0.00177066182802392,0.000116830506590414,0,6.27206944721996e-05,6.08487870429806e-35,0.000240952552058902,5.45227533403203e-05,0,0
2023,10,2,0.000220114671214745,0.000157614607704685,0.00148194043938835,3.75452292426676e-25,4.9153211842141e-09,0,0,0.0025587939959609,0,0.000119095095069231,0.000155400702757993,0.00216146853470134,0.00175554629295261,0.00503543997432832,0.0048687364699285,3.85352617300827e-05,0,0.00289819252742061,3.53241198929211e-06,0,0,0,0,0,5.97295911250003e-07,0.002567306772403,0.000119114818170641,0.00169869596041902,0.000105581145982052,0,6.7521212667816e-05,1.63548223917014e-34,0.000237069731977822,4.89817548102202e-05,0,0
2023,10,7,0.000245566667540825,0.000144784606501907,0.00153714726954362,7.55179920172636e-25,2.72398376175262e-09,0,0,0.00236331708040048,0,0.000107753264117994,0.000140103912319243,0.00232058800054041,0.00166464108751731,0.00511283186722074,0.00461360575828795,3.65351971324463e-05,0,0.00276795586898512,2.88754567513303e-06,0,0,0,0,0,6.85649169845302e-07,0.00262135156920826,0.000108062701406254,0.00162895452911729,9.52088125437103e-05,0,7.27794993396212e-05,4.36442483687469e-34,0.00023342114777092,4.39400952928163e-05,0,0
2023,10,12,0.000272294137274402,0.000132761844977633,0.00159300899175875,1.5109951457532e-24,1.4872271411955e-09,0,0,0.00218086369157153,0,9.71622094632109e-05,0.000126010328481042,0.00248596915179247,0.00157567809643218,0.00518713495535682,0.00435951100856164,3.46425163172248e-05,0,0.00263951311935681,2.35268185829146e-06,0,0,0,0,0,7.85470081873459e-07,0.00266997025602414,9.78574295905528e-05,0.00156143992338663,8.56292036946038e-05,0,7.84640573234703e-05,1.15636645465211e-33,0.000230023178081952,3.94293292227472e-05,0,0
2023,10,17,0.000300026975192974,0.000121551096025333,0.00164945836607807,3.00741044765543e-24,7.99963742845934e-10,0,0,0.00201087086499255,0,8.72882033716677e-05,0.000112999907126706,0.00265716556101784,0.00148885343512787,0.00525816296160449,0.004107579769059,3.28722166936118e-05,0,0.0025129390524847,1.89284632220489e-06,0,0,0,0,0,8.97999859991096e-07,0.00271285590224352,8.84265753369244e-05,0.00149608608791133,7.68742733312452e-05,0,8.45917654052444e-05,3.041944109039e-33,0.000226898370540866,3.52313952037742e-05,0,0
2023,10,22,0.000328684084809111,0.000111042233609085,0.00170643522263188,5.9544187854818e-24,4.23919657123092e-10,0,0,0.00185299178853258,0,7.80711888821014e-05,0.00010114343294072,0.00283374525881529,0.00140434339032854,0.00532575120196357,0.00385902678283382,3.12152969070055e-05,0,0.00238878108513224,1.52019189471816e-06,0,0,0,0,0,1.03012694770672e-06,0.0027496789135257,7.97406465321679e-05,0.00143283761954952,6.89353971764434e-05,0,9.1204939007506e-05,7.94500647813642e-33,0.00022406568580363,3.15131924242213e-05,0,0
2023,10,27,0.000358074246663112,0.000101301130349953,0.001763874680669,1.17274373654918e-23,2.21318182009681e-10,0,0,0.00170656998841476,0,6.95643703891494e-05,9.032355799878e-05,0.00301523651431948,0.00132230001056939,0.0053897785031686,0.00361505432331458,2.96692526045517e-05,0,0.00226713752121199,1.20590133806278e-06,0,0,0,0,0,1.17339366321215e-06,0.00278015809324426,7.17727595714927e-05,0.00137163160421303,6.17073264240919e-05,0,9.83256642027742e-05,2.06027200157604e-32,0.000221535117063251,2.81452368469287e-05,0,0
2023,11,1,0.000387793122609143,9.22529267333438e-05,0.00182169028153374,2.29765055633556e-23,1.13833727432199e-10,0,0,0.00157150067198484,0,6.17509152647216e-05,8.04375488552937e-05,0.00320118381649487,0.00124285740021245,0.00545009131044919,0.00337659356546333,2.82365561894497e-05,0,0.00214828591427247,9.61718774659803e-07,0,0,0,0,0,1.33394235324654e-06,0.00280405976128855,6.44743507273435e-05,0.00131239977724891,5.50799395451674e-05,0,0.000105924700661219,5.30447180461013e-32,0.000219331305908358,2.50992490702043e-05,0,0
2023,11,6,0.000417728928335021,8.38872415987022e-05,0.00187981937492818,4.47797827178882e-23,5.76826467580485e-11,0,0,0.00144707268466117,0,5.45872842459788e-05,7.14388729202234e-05,0.00339099188575466,0.0011661280877131,0.0055065571846751,0.00314457967114526,2.69027271962323e-05,0,0.00203239240518616,7.62130315470884e-07,0,0,0,0,0,1.52120896822465e-06,0.00282121636876847,5.79058297170823e-05,0.0012550705495634,4.90774569313088e-05,0,0.000114100589489101,1.35596040997942e-31,0.000217473638887063,2.23153532613002e-05,0,0
2023,11,11,0.000447753905878977,7.6114811377444e-05,0.00193817452491901,8.68154794030549e-23,2.87965061490511e-11,0,0,0.00133307587820993,0,4.80515897967712e-05,6.3290248247649e-05,0.00358433741249859,0.00109220440126262,0.00555903945063949,0.00291980934771025,2.56715310948308e-05,0,0.00191972981584484,5.9517585207612e-07,0,0,0,0,0,1.72793641026201e-06,0.00283150055694717,5.19514842518322e-05,0.00119957087369728,4.3628119456532e-05,0,0.00012276964891977,3.44143169019984e-31,0.000215974047836042,1.98383021957049e-05,0,0
2023,11,16,0.00047758067263591,6.89728370221809e-05,0.0019966908656688,1.67428571432907e-22,1.41629867404811e-11,0,0,0.0012289214116882,0,4.21180721819098e-05,5.59605461619795e-05,0.00378067826515563,0.00102115905315856,0.00560744731991848,0.00270303532119541,2.4531389937541e-05,0,0.00181045828142233,4.66027000538819e-07,0,0,0,0,0,1.95399753408672e-06,0.00283483420204165,4.65868317389526e-05,0.0011458084006936,3.86573419234547e-05,0,0.000132036275689124,8.67198618159406e-31,0.00021484594520324,1.75209675079034e-05,0,0
2023,11,21,0.00050708155965884,6.23908480294918e-05,0.00205528746699005,3.2120273062366e-22,6.86262653429886e-12,0,0,0.00113415448051388,0,3.67408607614437e-05,4.9343242042938e-05,0.00397970751136954,0.000953045853206102,0.00565165891398757,0.00249481493805141,2.34909424439365e-05,0,0.00170454778750943,3.57048469166844e-07,0,0,0,0,0,2.20544639742353e-06,0.00283118910551468,4.17761124252387e-05,0.00109373801385525,3.42126870478548e-05,0,0.000141878141568579,2.16962801719376e-30,0.000214105032374,1.5472513353942e-05,0,0
2023,11,26,0.000536160723575677,5.63371985568125e-05,0.00211388773035814,6.12979814660359e-22,3.27601878123364e-12,0,0,0.00104845822451829,0,3.19270470644225e-05,4.33690862836084e-05,0.00418088910344412,0.000887900536402919,0.00569157536023079,0.00229573614747688,2.25338057096915e-05,0,0.00160241884613369,2.76279369810642e-07,0,0,0,0,0,2.48457025737468e-06,0.00282057110862029,3.77138887631882e-05,0.00104330471250637,3.01841772928037e-05,0,0.000152339338865557,5.38938567082762e-30,0.000213757621158289,1.37081901804023e-05,0,0
2023,12,1,0.000564759490468447,5.07483838410971e-05,0.00217241479295622,1.16367161413959e-21,1.54071721879262e-12,0,0,0.000971711939406849,0,2.7620724683578e-05,3.80311934216067e-05,0.00438393768310098,0.000825741689712368,0.00572710714078446,0.00210631020383487,2.16761034257353e-05,0,0.00150397229492703,2.12343063006571e-07,0,0,0,0,0,2.79925818126434e-06,0.00280309313897466,3.41561329505596e-05,0.000994423613003228,2.65907661388031e-05,0,0.000163391368402537,1.32916998596695e-29,0.000213817064331767,1.21388870898554e-05,0,0
2023,12,6,0.000592877811045745,4.56640653136634e-05,0.00223078611432839,2.19751609114132e-21,7.13871524983197e-13,0,0,0.000903034800746908,0,2.37878170155746e-05,3.32875689823263e-05,0.00458848615429956,0.000766571762510398,0.00575817442515104,0.00192661766872575,2.09076894272758e-05,0,0.00140928841056123,1.56153532952167e-07,0,0,0,0,0,3.14232601521871e-06,0.00277886763846552,3.1182281955754e-05,0.000947017368252322,2.3347927983222e-05,0,0.000175098458823101,3.25468579244637e-29,0.000214293597864561,1.07029220355641e-05,0,0
2023,12,11,0.000620638696502468,4.10056340340968e-05,0.00228893139151541,4.12810824949713e-21,3.25865051270633e-13,0,0,0.000842648753240211,0,2.03935848939518e-05,2.90004445604485e-05,0.00479428068761875,0.000710378145289384,0.00578470737074763,0.00175691869082529,2.02248363922851e-05,0,0.0013184685027611,1.12884160925181e-07,0,0,0,0,0,3.52100131735494e-06,0.00274805358780875,2.87204450696773e-05,0.000901054560648939,2.04673269481244e-05,0,0.000187471180658528,7.91270345565525e-29,0.000215193281834477,9.40417051820591e-06,0,0
2023,12,16,0.000648087846349429,3.67549059094025e-05,0.00234678022241521,7.7141399500472e-21,1.46546735366709e-13,0,0,0.000790013863823631,0,1.73825010342771e-05,2.52063834481731e-05,0.00500099401500559,0.000657134301403863,0.00580664638974584,0.00159721914917602,1.96138937187972e-05,0,0.00123156217913963,8.54932940141637e-08,0,0,0,0,0,3.94187322256046e-06,0.00271086909329792,2.68416389066183e-05,0.000856505348497996,1.78964255161442e-05,0,0.000200502752731931,1.9099763579414e-28,0.000216524950654821,8.27756624076636e-06,0,0
2023,12,21,0.000675515209248869,3.28653179768021e-05,0.00240424879286639,1.43397442707521e-20,6.4928471701568e-14,0,0,0.000745377987405653,0,1.47467377248171e-05,2.18781304295368e-05,0.00520825178198693,0.000606800937032928,0.00582394238068087,0.00144771830090112,1.90988073803951e-05,0,0.00114853678398584,6.42833073606043e-08,0,0,0,0,0,4.40139178411586e-06,0.00266757547835089,2.55419490252946e-05,0.000813305669775007,1.56307161711655e-05,0,0.0002142508256857,4.57739480798223e-28,0.000218297057846556,7.24279670330384e-06,0,0
2023,12,26,0.000703146395339723,2.93416518589868e-05,0.00246126730891053,2.65162917101472e-20,2.83409833682106e-14,0,0,0.000708106330472962,0,1.24540159613778e-05,1.89330339658253e-05,0.00541582141144063,0.00055933473684392,0.00583655692344193,0.0013081806109599,1.86659808427498e-05,0,0.00106946802540615,4.79880683949954e-08,0,0,0,0,0,4.90578678136337e-06,0.00261847428644868,2.47909310596697e-05,0.000771420470772398,1.36172838673219e-05,0,0.000228685652093791,1.08917090994157e-27,0.0002205134352644,6.33685894038291e-06,0,0
2023,12,31,0.00073136813845254,2.61583780018349e-05,0.00251774341759619,4.8775495633297e-20,1.21875212122095e-14,0,0,0.000677994224909983,0,1.04831534188879e-05,1.63182811713786e-05,0.00562343655928251,0.000514660972369872,0.00584446243640215,0.00117855604320045,1.83092416669338e-05,0,0.000994282610235945,3.55664983938311e-08,0,0,0,0,0,5.45841024250601e-06,0.00256390387540306,2.459222810969e-05,0.000730803546301359,1.17916083808514e-05,0,0.00024383461078671,2.57312553102779e-27,0.000223178668249914,5.56301769149889e-06,0,0
2024,1,5,0.000760708635504732,2.32658193727275e-05,0.00257363720409275,8.92499841361432e-20,5.16341010858308e-15,0,0,0.000655252321009062,0,8.78115528393265e-06,1.40024117426054e-05,0.00583061341907731,0.000472715545553259,0.00584764229460506,0.00105846200930981,1.8024759917212e-05,0,0.000922900550679321,2.61716001141274e-08,0,0,0,0,0,6.06275840569768e-06,0.00250422572885269,2.52105418669743e-05,0.000691416509977143,1.01601970972584e-05,0,0.000259741876726442,6.03549916390612e-27,0.000226290817656482,4.84873208451648e-06,0,0
2024,1,10,0.000791555982512724,2.0654487624261e-05,0.00262886470294358,1.62454665793689e-19,2.15515571848221e-15,0,0,0.000639869296190077,0,7.3193003729052e-06,1.1977197763761e-05,0.00603682706836002,0.000433420168299221,0.00584609090809452,0.00094765675537181,1.78090242790352e-05,0,0.000855270626982668,1.91213922559185e-08,0,0,0,0,0,6.73114059656078e-06,0.00243985134991607,2.64424716031221e-05,0.000653315816500613,8.7897466188231e-06,0,0.000276408276947468,1.40557069493168e-26,0.000229850391584482,4.20016959047527e-06,0,0
2024,1,15,0.000824440980431107,1.82793600532498e-05,0.00268335387790669,2.9415338265029e-19,8.86219943910702e-16,0,0,0.000631275456264084,0,6.07053337730605e-06,1.01957118683865e-05,0.00624173561642991,0.000396703788687186,0.00583981375965629,0.000845977439512355,1.76677789711076e-05,0,0.000791349677118711,1.38723468721614e-08,0,0,0,0,0,7.45826951231291e-06,0.00237120696795434,2.83964087736863e-05,0.000616467315099117,7.58385284327093e-06,0,0.000293851009544914,3.24997090712089e-26,0.000233860340907534,3.65817742179172e-06,0,0
2024,1,20,0.000860075083975282,1.61547721166259e-05,0.00273704067957303,5.29825860848429e-19,3.59025457687595e-16,0,0,0.000629747216734073,0,5.00962156410741e-06,8.66396374663945e-06,0.00644455647644937,0.000362463309084697,0.00582882740143077,0.000752805944879989,1.7611989692627e-05,0,0.000731074019736513,9.99566614877882e-09,0,0,0,0,0,8.24369407389205e-06,0.00229874714659162,3.10957776838609e-05,0.00058081947711744,6.50676482814538e-06,0,0.000312102443272557,7.46093974113983e-26,0.000238311561232992,3.17766652517272e-06,0,0
2024,1,25,0.000899021701591378,1.42720462746825e-05,0.00278985479131596,9.49314547659607e-19,1.43294612153524e-16,0,0,0.000635990697698907,0,4.1132539091753e-06,7.37056241945388e-06,0.00664467344496796,0.000330606327750856,0.00581315941005665,0.000667904370586298,1.76380162006481e-05,0,0.000674325986562906,7.1565285832234e-09,0,0,0,0,0,9.1059127115424e-06,0.00222291960231992,3.462610734691e-05,0.000546369959768658,5.56417380276446e-06,0,0.000331151742265912,1.70057140092134e-25,0.000243205475806133,2.72433785292404e-06,0,0
2024,1,30,0.000941947832085722,1.2583690681007e-05,0.00284173581190473,1.69201741553467e-18,5.63450022135278e-17,0,0,0.000649128609833201,0,3.36008901242763e-06,6.23378495818953e-06,0.00684150190443733,0.00030105029623786,0.00579284830021394,0.000590762924666033,1.77250001104792e-05,0,0.000621027059713779,3.14631747076566e-11,0,0,0,0,0,1.00414840870624e-05,0.00214419599351507,3.90378257898769e-05,0.00051311909121461,4.76417493149958e-06,0,0.000351009132476882,3.84842909642033e-25,0.000248536603658355,2.37233360545557e-06,0,0
2024,2,4,0.000989701677334739,1.10744387512896e-05,0.00289262307240744,2.99997240839574e-18,2.18273941882049e-17,0,0,0.000669887789832582,0,2.73075845985921e-06,5.2544233487166e-06,0.00703404281978814,0.000273705414330019,0.00576794339664965,0.000520961176446772,1.78797298667747e-05,0,0.000571043221373409,4.8666031221116e-11,0,0,0,0,0,1.10650678721217e-05,0.00206305399740009,4.45860222545471e-05,0.000481124689664172,4.00763190466158e-06,0,0.000371699767982854,8.64687911608211e-25,0.000254296527490714,2.06254140819513e-06,0,0
2024,2,9,0.00104244815037727,9.71681868100474e-06,0.00294245228277952,5.29111816831076e-18,8.33046732193709e-18,0,0,0.000698343502531794,0,2.18748578219963e-06,4.41274597306879e-06,0.00722143277237291,0.000248394457459222,0.00573850466499,0.000457994656142439,1.81174446418922e-05,0,0.000524244993281038,7.4733437161744e-11,0,0,0,0,0,1.21704399441654e-05,0.00197997265837409,5.12148865316881e-05,0.000450301009367716,3.41574448041632e-06,0,0.000393250874332972,1.92895708313183e-24,0.000260478386612838,1.7748009386325e-06,0,0
2024,2,14,0.00110105442578094,8.50744232710784e-06,0.00299118011657877,9.28315196382671e-18,3.13226033198715e-18,0,0,0.000734312538645866,0,1.76085441630116e-06,3.70851474625465e-06,0.00740279106303732,0.000225060932470911,0.00570460250186664,0.000401405782867547,1.84204833514278e-05,0,0.000480549788948476,1.13938270096112e-10,0,0,0,0,0,1.33516785213224e-05,0.00189542785343975,5.90920293420563e-05,0.000420716438494149,2.90299615100644e-06,0,0.000415648260984181,4.27241098065752e-24,0.000267065165141912,1.50903115598651e-06,0,0
2024,2,19,0.00116595434635019,7.45458369380988e-06,0.00303874020948473,1.62017261271542e-17,1.16029221129642e-18,0,0,0.000778620221396807,0,1.40990297229325e-06,3.10650284583265e-06,0.00757727338703686,0.000203618497728713,0.00566631748511039,0.000350694464020727,1.87955107703748e-05,0,0.000439772228792608,1.72460612323698e-10,0,0,0,0,0,1.46256722389779e-05,0.00180988793231633,6.84878931974452e-05,0.000392348596681677,2.46018155631243e-06,0,0.000438956304524149,9.39530232628486e-24,0.000274055282870731,1.2944262883603e-06,0,0
2024,2,24,0.00123771138488771,6.50735894681034e-06,0.00308509414882736,2.81283961717455e-17,4.23445940419412e-19,0,0,0.000831392156463903,0,1.10131229945124e-06,2.57687766386087e-06,0.00774396296059329,0.000183968443880722,0.00562374008499185,0.000305472645364094,1.92420733505601e-05,0,0.000401849652841848,2.59164709960975e-10,0,0,0,0,0,1.59976584571058e-05,0.00172380958611225,7.94224429191001e-05,0.000365212206754898,2.07894805718526e-06,0,0.000463111122957312,2.05133115605873e-23,0.000281432803927979,1.10589955524616e-06,0,0
2024,2,29,0.00131658089782386,5.67012423426017e-06,0.00313018644051002,4.85787727972238e-17,1.52247324462736e-19,0,0,0.000892971495408219,0,8.73667259265213e-07,2.14527979906896e-06,0.00790183120948679,0.00016601125940776,0.005576970337712,0.00026526456810702,1.97587586098661e-05,0,0.000366624317057872,3.86658393591853e-10,0,0,0,0,0,1.75009651881648e-05,0.00163763399383999,9.21858839317778e-05,0.000339247096140333,1.73215278147157e-06,0,0.000488172969177354,4.44680486917098e-23,0.000289180854774569,9.12554978597842e-07,0,0
2024,3,5,0.00140312870135401,4.94134035772462e-06,0.00317397095478327,8.34576252070331e-17,5.39290155192486e-20,0,0,0.000963954530554521,0,6.89266450812759e-07,1.76057701077588e-06,0.00805011064202507,0.000149607544839831,0.00552611748256666,0.0002296394017983,2.03521636977668e-05,0,0.000333983480090921,5.72723045054789e-10,0,0,0,0,0,1.91094664848524e-05,0.00155178329066362,0.000106879507344629,0.000314531697227934,1.43308951772026e-06,0,0.000514144753883926,9.57078694423362e-23,0.000297286307958923,7.90461770557254e-07,0,0
2024,3,10,0.00149728523383533,4.28726618472593e-06,0.00321640402658061,1.42627558563653e-16,1.88198635746312e-20,0,0,0.00104459035034388,0,4.97826951124503e-07,1.45683792617761e-06,0.00818802740665804,0.000134689501635466,0.00547129956442272,0.000198185035347093,2.10142609355252e-05,0,0.000303778206309465,8.4222380544728e-10,0,0,0,0,0,2.08369869714002e-05,0.00146665739567607,0.000123765325573007,0.000291012972729351,1.1800009736663e-06,0,0.000541005669839605,2.04519397234178e-22,0.000305729719299485,6.71166226305348e-07,0,0
2024,3,15,0.00159899528183625,3.71130187663361e-06,0.00325744442715081,2.42470464232181e-16,6.4704075017153e-21,0,0,0.00113508797305325,0,3.90449503910759e-07,1.18482655204531e-06,0.00831493863043579,0.000121180043751316,0.00541264300335138,0.000170478456259801,2.17497743307681e-05,0,0.00027585772305608,1.2296344006761e-09,0,0,0,0,0,2.26894929000523e-05,0.00138262165398415,0.000143062903672702,0.000268646966609702,9.66233855956379e-07,0,0.000568806386994378,4.33918972383961e-22,0.000314492220419833,5.86487941115968e-07,0,0
2024,3,20,0.00170848289648524,3.20607091542649e-06,0.00329705332176076,4.10045676995392e-16,2.19163388522714e-21,0,0,0.00123655234035451,0,3.04434957115145e-07,9.74515037293038e-07,0.00843029077933079,0.000109061721120057,0.00535028213346047,0.000146217172516944,2.25689524498699e-05,0,0.000250149719003013,1.78233827958899e-09,0,0,0,0,0,2.46579077409862e-05,0.00130004486044006,0.000165090963808575,0.00024746718800598,8.07206884068563e-07,0,0.000597515835146082,9.14050213135446e-22,0.000323558283518527,4.95148106026666e-07,0,0
2024,3,25,0.00182529340197609,2.77468466882873e-06,0.00333519421465795,6.89800740980048e-16,7.31350594209798e-22,0,0,0.00134908889115203,0,2.35975729039495e-07,7.98826514588843e-07,0.00853353687490054,9.81080907450014e-05,0.00528435871315375,0.000124961687959394,2.34506684047003e-05,0,0.000226469750043934,2.56489684016781e-09,0,0,0,0,0,2.67713410919195e-05,0.00121923317722678,0.000190053773790947,0.000227443100613637,6.72301703017218e-07,0,0.000627147115630945,1.91169563628156e-21,0.000332902634923426,4.1924239709903e-07,0,0
2024,3,30,0.0019493602840753,2.36186240417841e-06,0.00337183288260567,1.15433835985006e-15,2.4043876936219e-22,0,0,0.00147372543112812,0,1.81837447649504e-07,6.36491558028955e-07,0.00862462560903299,8.82907501202624e-05,0.00521502140921755,0.000106355400510381,2.44227680001944e-05,0,0.000204714059808623,3.66450491375264e-09,0,0,0,0,0,2.90283117157828e-05,0.00114047415006646,0.000218254471390296,0.000208536189705003,5.58238091378835e-07,0,0.000657725412685321,3.96967290495362e-21,0.000342505350530503,3.55993371756658e-07,0,0
2024,4,4,0.00208023308516402,2.01527404074084e-06,0.00340693729841216,1.9215897731196e-15,7.78761847983638e-23,0,0,0.00161093042810899,0,1.39297233190917e-07,4.99249605361325e-07,0.00870311418925862,7.95937950904148e-05,0.00514242525729208,9.02318293223722e-05,2.54659225645836e-05,0,0.00018472693526314,5.19788123451148e-09,0,0,0,0,0,3.14303145130457e-05,0.00106402345978795,0.000249994196647835,0.000190858102097593,4.43008178879521e-07,0,0.000689223785293653,8.18423284774574e-21,0.00035233914190757,3.03868472522721e-07,0,0
2024,4,9,0.00221743858991615,1.72622581784865e-06,0.00344047754596831,3.18204513474713e-15,2.48499864882831e-23,0,0,0.00176165202435609,0,1.06082764025209e-07,4.06005772554392e-07,0.00876925471261195,7.18877758979771e-05,0.00506673110142555,7.64139980030286e-05,2.65879161432204e-05,0,0.000166482705050721,7.31998431970193e-09,0,0,0,0,0,3.39995708420289e-05,0.000990104307035873,0.000285568015157729,0.000174255735209811,3.66157152385306e-07,0,0.000721688436337531,1.67528426877945e-20,0.000362384375070404,2.74512016932035e-07,0,0
2024,4,14,0.00236049940229001,1.45311396202464e-06,0.00347242572838409,5.24167541986566e-15,7.81212156192282e-24,0,0,0.0019258699347437,0,8.03138299438404e-08,3.29033195925491e-07,0.00882301854626709,6.51615687377059e-05,0.00498810501553176,6.45354066273077e-05,2.7788698742494e-05,0,0.0001498077181503,1.02342002991797e-08,0,0,0,0,0,3.6746096968039e-05,0.000918907219613585,0.000325342341272554,0.000158706818896496,3.01699242968922e-07,0,0.000755060919871222,3.40475858472079e-20,0.000372611260226773,2.51668672149649e-07,0,0
2024,4,19,0.00250910765149278,1.24032633864397e-06,0.00350275587087212,8.58918728174401e-15,2.41954219421449e-24,0,0,0.00210474221171436,0,6.04475940508234e-08,2.48193060988811e-07,0.0088645747203609,5.92975326613833e-05,0.00490671770967504,5.42679322227616e-05,2.9076727787972e-05,0,0.000134575192840653,1.42057315848528e-08,0,0,0,0,0,3.96598310836333e-05,0.000850590263131872,0.000369625865120589,0.000144237617689052,2.47817424133761e-07,0,0.000789383851107226,6.8702322128823e-20,0.000382993076557885,2.59094567482445e-07,0,0
2024,4,24,0.0026623638617632,1.07161754907255e-06,0.00353144382006582,1.40007791339396e-14,7.38276093441777e-25,0,0,0.0022989674095246,0,4.52283636905873e-08,1.82413391981153e-07,0.00889427908136943,5.42866852057514e-05,0.00482274392418905,4.55103013493668e-05,3.04536097383471e-05,0,0.000120669209714857,1.95766909940218e-08,0,0,0,0,0,4.27567595020611e-05,0.000785279629754784,0.000418736053297813,0.000130697331099418,2.02927252237404e-07,0,0.000824627505384484,1.37639722664419e-19,0.000393504759984169,2.52836920412055e-07,0,0
2024,4,29,0.00281966833914352,9.30219888191996e-07,0.00355846714148009,2.2702335990805e-14,2.21935018808843e-25,0,0,0.00250928139076508,0,3.36423174900262e-08,1.46902994727899e-07,0.00891259623838829,5.00742993132679e-05,0.00473636181469766,3.80332208811519e-05,3.19101461061306e-05,0,0.000108083098359214,2.67843448377013e-08,0,0,0,0,0,4.60449483669655e-05,0.000723070574694438,0.000473037764591955,0.000118215192165154,1.65653199270021e-07,0,0.000860787285668037,2.73781085454313e-19,0.000404117303891744,2.52989047133302e-07,0,0
2024,5,4,0.00298064971604497,8.15946873220496e-07,0.00358380501682253,3.6619054339492e-14,6.57285894157927e-26,0,0,0.00273626060664334,0,2.48773494937861e-08,1.17883423838042e-07,0.00891981100255323,4.65889159109796e-05,0.00464775233114568,3.15559168136581e-05,3.34505495313102e-05,0,9.66589207391456e-05,3.6382196558492e-08,0,0,0,0,0,4.95275654759858e-05,0.000664028665799796,0.000532880695594802,0.000106661630754675,1.34806302305797e-07,0,0.000897876802829339,5.40692533988791e-19,0.000414798683249324,2.59563254435753e-07,0,0
2024,5,9,0.00314552914219918,7.11550070759539e-07,0.00360743814284423,5.87573179197735e-14,1.91780419368475e-26,0,0,0.00298046184467234,0,1.8287969260409e-08,9.42590269717646e-08,0.00891647879914317,4.38437088326535e-05,0.00455709859396424,2.62235958226249e-05,3.50809124232335e-05,0,8.62894580645032e-05,4.90640114691036e-08,0,0,0,0,0,5.32372374241793e-05,0.000608191308177092,0.000598570105281707,9.59063219364948e-05,1.09363267829021e-07,0,0.0009358734852912,1.06019214989495e-18,0.00042552037369058,2.86389265553466e-07,0,0
2024,5,14,0.00331300010992503,6.40423182365408e-07,0.00362934863338005,9.37853682151531e-14,5.51284414906096e-27,0,0,0.00324315319024028,0,1.33650328889963e-08,7.51002252955708e-08,0.0089030918184186,4.17844347902812e-05,0.0044645852704907,2.16593201208014e-05,3.68081503714379e-05,0,7.69292555738605e-05,6.5690650672792e-08,0,0,0,0,0,5.7179118404947e-05,0.000555569503312338,0.000670420879858397,8.60756567269163e-05,8.84471154211908e-08,0,0.000974762487210369,2.06398280697062e-18,0.000436250239043493,3.07218863619755e-07,0,0
2024,5,19,0.00348336523351702,5.66982337759126e-07,0.00364951992616996,1.48910911758334e-13,1.56123647716615e-27,0,0,0.00352480751028779,0,9.70996699554908e-09,5.96221400872797e-08,0.00888013102023902,4.04606954699141e-05,0.00437039795473469,1.78804792093651e-05,3.86249087783073e-05,0,6.8461027318207e-05,8.73193704838781e-08,0,0,0,0,0,6.13348578403818e-05,0.000506149800651891,0.00074872929259974,7.70901087104629e-05,7.13093995359063e-08,0,0.0010145162825695,3.98946671509151e-18,0.000446956240500579,3.39580548163813e-07,0,0
2024,5,24,0.0036562634834327,5.37677737407846e-07,0.00366793669597541,2.35199445028548e-13,4.35595327767709e-28,0,0,0.00382624628234266,0,7.01307767097121e-09,3.18100170417767e-08,0.00884809966654993,3.97626030880952e-05,0.00427472255353233,1.46211705353647e-05,4.05386329433291e-05,0,6.07897473607969e-05,1.15234979702438e-07,0,0,0,0,0,6.57498223592196e-05,0.000459896399023028,0.000833767013107383,6.88646222344695e-05,5.73140099678922e-08,0,0.00105516239549747,7.656158158946e-18,0.000457613033703096,3.88128974720831e-07,0,0
2024,5,29,0.00383228595816557,5.39414764335463e-07,0.00368458477540928,3.69542524938977e-13,1.19734500998989e-28,0,0,0.00414819302112686,0,5.03550135356109e-09,2.51638843124425e-08,0.0088073841405028,3.96636438778912e-05,0.00417774468205857,1.19002424252584e-05,4.25556149617948e-05,0,5.38560943397353e-05,1.50981932488149e-07,0,0,0,0,0,7.04005078233556e-05,0.000416753355603851,0.000925774780092543,6.13775803514688e-05,2.66410754921851e-08,0,0.00109662765739664,1.45879486677165e-17,0.000468183540050171,4.74546402033238e-07,0,0
2024,6,3,0.00401110064465406,5.54745096896455e-07,0.00369945108478473,5.77578388139802e-13,3.24247772341034e-29,0,0,0.00449130033011612,0,3.59434664117575e-09,1.98348004224751e-08,0.00875841608455208,4.0215111916709e-05,0.00407964907157522,9.69897348262476e-06,4.46693998641343e-05,0,4.76717971345248e-05,1.9639607565694e-07,0,0,0,0,0,7.53311219976773e-05,0.000376646861320356,0.00102495581519043,5.45087345443079e-05,2.13200003131939e-08,0,0.00113890434453988,2.75971882545384e-17,0.000478638220412384,5.47976177428113e-07,0,0
2024,6,8,0.00419349162475487,5.85574104059099e-07,0.00371252357215912,8.97999002390152e-13,8.65080084710638e-30,0,0,0.00485632298477404,0,2.55058835772519e-09,1.55780956807708e-08,0.00870151452019814,4.13102896226372e-05,0.00398061899217944,7.77853076682613e-06,4.68920254276506e-05,0,4.21453126461119e-05,2.53634378161465e-07,0,0,0,0,0,8.05116321505391e-05,0.000339487543477368,0.0011314690701538,4.83347237857236e-05,1.70087118584054e-08,0,0.00118198709912389,5.18349549559634e-17,0.000488944882737035,6.26027404486972e-07,0,0
2024,6,13,0.00437981787927042,6.32792939218465e-07,0.00372379116460494,1.38886234956527e-12,2.27382622639726e-30,0,0,0.00524376174989687,0,1.79930157750973e-09,1.21909423032347e-08,0.00863708288621597,4.30789800306483e-05,0.00388083569318572,6.27508760223526e-06,4.92228235770414e-05,0,3.71955253635539e-05,3.2520056616238e-07,0,0,0,0,0,8.59840800164437e-05,0.000305152510084393,0.00124540562595216,4.27309795766854e-05,1.35270907836455e-08,0,0.00122582552260438,9.6664697112058e-17,0.000499067801856278,7.29913973202e-07,0,0
2024,6,18,0.0045706601774254,7.09246634155195e-07,0.00373324373158227,2.13678590276548e-12,5.88816398038244e-31,0,0,0.00565431622871087,0,1.26185868620132e-09,9.50597267769186e-09,0.00856534134989881,4.56205282558978e-05,0.00378047786362568,5.03734491254712e-06,5.16603921790033e-05,0,3.27361869293874e-05,4.13964195436893e-07,0,0,0,0,0,9.17537640862761e-05,0.000273572992126276,0.00136685273960797,3.76931396190386e-05,1.07247246085812e-08,0,0.0012704014207937,1.78978285342521e-16,0.000508979409331196,8.49498020752726e-07,0,0
2024,6,23,0.00476659575317615,8.07206520181262e-07,0.00374087206111808,3.27025254474069e-12,1.5021877357895e-31,0,0,0.00608851967447301,0,8.79752795730988e-10,7.38570954751356e-09,0.00848647434278943,4.87685345714827e-05,0.00367972111518481,3.96735515116003e-06,5.42000062389752e-05,0,2.88122752356004e-05,5.23170346924608e-07,0,0,0,0,0,9.78527271934441e-05,0.000244600930114611,0.00149577485742733,3.31241630729343e-05,8.47650177205306e-09,0,0.00131566149938835,3.29018313127871e-16,0.000518648114540567,9.86882982766523e-07,0,0
2024,6,28,0.00496850294509362,9.15751256764913e-07,0.00374666784931876,4.97874720122201e-12,3.77563707141512e-32,0,0,0.00654701466424476,0,6.09752743215724e-10,5.71773817188196e-09,0.00840085398198267,5.26174122501791e-05,0.00357873748971545,3.17460380534898e-06,5.68663823588965e-05,0,2.52992144060382e-05,6.56436870211437e-07,0,0,0,0,0,0.00010427491853795,0.000218107233395667,0.00163208713973543,2.90283648715433e-05,6.67876140484362e-09,0,0.00136157079362146,6.00519451650776e-16,0.00052804037562872,1.14441033123732e-06,0,0
2024,7,3,0.00517715791417464,1.03000414803023e-06,0.00375062370355563,7.5401047904113e-12,9.34927658378588e-33,0,0,0.00703010010497093,0,4.20136142086273e-10,4.41054929894328e-09,0.00830862878246456,5.72085688119627e-05,0.00347769499327406,2.49484500254324e-06,5.96566641988389e-05,0,2.21590134526436e-05,8.17735967469769e-07,0,0,0,0,0,0.000111016628566662,0.000193957974701262,0.00177562834970937,2.54073890693635e-05,5.24594779125857e-09,0,0.00140808886958302,1.08823168568612e-15,0.000537127397763444,1.3569121985324e-06,0,0
2024,7,8,0.00539322246033074,1.2065098525125e-06,0.00375273315947088,1.13593435354297e-11,2.28080172878838e-33,0,0,0.00753806798219793,0,2.87785889894996e-10,3.38998264088317e-09,0.00821005171589549,6.25471408013104e-05,0.0033767571584273,1.9461339532819e-06,6.25603504632447e-05,0,1.93045976632876e-05,1.01135695250426e-06,0,0,0,0,0,0.000118136897548849,0.000172005446174318,0.00192615574740545,2.21419407776676e-05,4.10771934222049e-09,0,0.00145516801798061,1.95795602834747e-15,0.000545878291717092,1.58088334998197e-06,0,0
2024,7,13,0.00561738837353554,1.40825991973384e-06,0.0037529907117557,1.70234529422597e-11,5.48174514668915e-34,0,0,0.00807130799949901,0,1.95971141986153e-10,2.59620298420004e-09,0.00810539454844052,6.87333413261136e-05,0.00327608263636049,1.52622575739398e-06,6.55820413549712e-05,0,1.68645054256736e-05,1.24184728018597e-06,0,0,0,0,0,0.00012559414167576,0.000152123974568634,0.0020833407727317,1.9259236487008e-05,3.20646368405681e-09,0,0.00150276434676567,3.49761321468926e-15,0.000554265622166307,1.82518221032583e-06,0,0
2024,7,18,0.00585095039841267,1.64427958679706e-06,0.00375139185845612,2.53781912416976e-11,1.29799180932209e-34,0,0,0.00862991841537167,0,1.32665477114407e-10,1.98114467822324e-09,0.00799498390255836,7.58335941852656e-05,0.00317582482010341,1.12930194130238e-06,6.8726040437162e-05,0,1.46349912994524e-05,1.51392945882576e-06,0,0,0,0,0,0.000133435047593661,0.000134186845234065,0.00224676566897502,1.67240529238528e-05,2.49517293885207e-09,0,0.00155081538593308,6.20337317459823e-15,0.00056225803403843,2.11507765227845e-06,0,0
2024,7,23,0.00609432377666853,1.91915680281028e-06,0.00374793315836649,3.76350319915579e-11,3.02793737775021e-35,0,0,0.00921390323119704,0,8.92826138512493e-11,1.50636465346363e-09,0.00787906141147227,8.37254458990131e-05,0.00307613149996593,9.02134451246885e-07,7.20031926266766e-05,0,1.27568700340144e-05,1.83239225918246e-06,0,0,0,0,0,0.00014165247143607,0.000118034199712518,0.00241592119177607,1.44830141992137e-05,1.93563622596334e-09,0,0.00159926907216126,1.09237389714442e-14,0.000569835306940982,2.43376918365135e-06,0,0
2024,7,28,0.00634778311786071,2.23804679203096e-06,0.00374261230087951,5.55191166710318e-11,6.95894932393515e-36,0,0,0.00982334574508836,0,5.97336485519953e-11,1.141249020354e-09,0.00775803152873144,9.2625037254498e-05,0.00297714455204972,6.26626321259968e-07,7.54209436596771e-05,0,1.10997150640469e-05,2.20195573001999e-06,0,0,0,0,0,0.000150273301325212,0.00010354249091656,0.00259020553755106,1.25080424932733e-05,1.49690967318641e-09,0,0.00164804221170182,1.90986205271505e-14,0.000576970206704961,2.81001425699264e-06,0,0
2024,8,2,0.00661213495342509,2.61917996968896e-06,0.00373542818747645,8.14725786037682e-11,1.57565933989109e-36,0,0,0.0104580044604485,0,3.97296154754383e-11,8.6152343574631e-10,0.00763231005539482,0.000102515667220342,0.00287899966047664,4.99161452765624e-07,7.89637610631941e-05,0,9.59124429151705e-06,2.62711091166321e-06,0,0,0,0,0,0.000159350306886924,9.05821934810018e-05,0.00276892461022025,1.07536529476165e-05,1.15402764315157e-09,0,0.00169710289803045,3.31527810370438e-14,0.000583639609586182,3.27213509103062e-06,0,0
2024,8,7,0.00688797556441944,3.09123179215335e-06,0.00372638102386481,1.18932090761468e-10,3.5148182535378e-37,0,0,0.0111175821094548,0,2.6269563360826e-11,6.48022598092511e-10,0.00750228954922669,0.000113519304079019,0.00278182607374894,3.95876879700721e-07,8.26426729322054e-05,0,8.25949586861181e-06,3.11193677105185e-06,0,0,0,0,0,0.000168868350565239,7.90088282999114e-05,0.00295129372578301,9.21909893302152e-06,8.86922336683242e-10,0,0.00174634349895076,5.71380231191722e-14,0.000589815388394441,3.82901967463549e-06,0,0
2024,8,12,0.00717527148505178,3.65577018330984e-06,0.00371547242160508,1.72705172176782e-10,7.72441022850062e-38,0,0,0.0118016451629627,0,1.7267700995161e-11,4.8567928783173e-10,0.00736840316134852,0.000125749042937339,0.00268574639543514,3.12583164989638e-07,8.6462295283819e-05,0,7.11733168163812e-06,3.65989870182843e-06,0,0,0,0,0,0.000178831856563431,6.87541228644576e-05,0.00313644083097038,7.88210014225445e-06,6.7952233624975e-10,0,0.0017957108245817,9.77727285540541e-14,0.000595477922556096,4.43023114947666e-06,0,0
2024,8,17,0.00747413367377943,4.30625400177946e-06,0.00370270550791558,2.49476908821801e-10,1.67243682071848e-38,0,0,0.0125096168557636,0,1.12839033771082e-11,3.62698193092677e-10,0.00723134260903159,0.000139274878970242,0.00259087640915839,2.45729349354644e-07,9.0429763962365e-05,0,6.1138652212027e-06,4.27499984091387e-06,0,0,0,0,0,0.000189275660351849,5.96343058704988e-05,0.00332341128524608,6.71714027708454e-06,5.19003927913023e-10,0,0.0018451058829721,1.66110673742627e-13,0.000600612721657753,5.11065381165275e-06,0,0
2024,8,22,0.00778464101463597,5.02214421787084e-06,0.00368808504220728,3.5848757276156e-10,3.56743496651208e-39,0,0,0.0132407062271504,0,7.33039488725596e-12,2.69884273172727e-10,0.00709151148989534,0.000154073241714624,0.00249732493765458,1.92324286497427e-07,9.4550565691019e-05,0,5.21851024402327e-06,4.95671297356973e-06,0,0,0,0,0,0.000200178714636707,5.15627878018694e-05,0.00351117422528661,5.70693430761075e-06,3.95172137596402e-10,0,0.00189446243750797,2.80197737283706e-13,0.000605193911171895,5.85007065217283e-06,0,0
2024,8,27,0.00810735266114306,5.85848451045055e-06,0.00367161753778004,5.12432442444111e-10,7.49694601941502e-40,0,0,0.0139941722740574,0,4.73411229965535e-12,2.00099563232168e-10,0.00694946512376499,0.000170366088971782,0.00240519373546555,1.49863728115104e-07,9.88136493705641e-05,0,4.3873409242817e-06,5.70638165454201e-06,0,0,0,0,0,0.000211581272305158,4.44706006612921e-05,0.00369863049835849,4.83351978236176e-06,2.99951301936314e-10,0,0.0019436878800227,4.69265890285466e-13,0.000609212917014801,6.70237344893822e-06,0,0
2024,9,1,0.00844195135077287,6.80054206443084e-06,0.00365331138701001,7.28648225602203e-10,1.55215360557033e-40,0,0,0.0147688262793549,0,3.03943537705006e-12,1.47826086747575e-10,0.00680562049330248,0.000188080915842122,0.00231457741464147,8.91536168454573e-08,0.000103225143414769,0,3.7537191731123e-06,6.52298564842159e-06,0,0,0,0,0,0.000223499333776881,3.82527616078331e-05,0.00388462211645422,4.09814506503838e-06,2.26967644279413e-10,0,0.00199269698124434,7.80298246662528e-13,0.000612651278086904,7.67931731647464e-06,0,0
2024,9,6,0.00878851305051803,7.8881139145563e-06,0.00363317698827677,1.03066613896279e-09,3.1659716965284e-41,0,0,0.0155636150931358,0,1.93994959301288e-12,1.08815909690343e-10,0.00666048669963187,0.000207503225376439,0.00222556340264545,6.91866404785421e-08,0.000107800937508334,0,3.20505396127487e-06,7.40391993763442e-06,0,0,0,0,0,0.000235967645016224,3.28127615783123e-05,0.00406794314748408,3.46489746416719e-06,1.71208732650068e-10,0,0.00204139845152204,1.28821856644377e-12,0.000615488140940222,8.76307893509198e-06,0,0
2024,9,11,0.00914682762810634,9.09931304828669e-06,0.00361122687281845,1.45023014123122e-09,6.36211322282474e-42,0,0,0.0163770840934347,0,1.23092374684435e-12,7.98123485775432e-11,0.00651458468430535,0.000228566609551058,0.00213821949603036,5.3451236097155e-08,0.000112534803124962,0,2.72212050958531e-06,8.34561749931122e-06,0,0,0,0,0,0.000248968158728366,2.80570608158193e-05,0.00424735192416841,2.92127433475296e-06,1.28746857812579e-10,0,0.00208969854857871,2.11157133076152e-12,0.000617728711027713,1.00157744785294e-05,0,0
2024,9,16,0.00951681719503353,1.05182776698944e-05,0.00358747582966563,2.02990021060677e-09,1.25955696936947e-42,0,0,0.0172076949543948,0,7.76452741855751e-13,5.83289503423101e-11,0.00636824052576385,0.000251559324912873,0.00205264543709356,4.11098125910572e-08,0.000117424667704418,0,2.3248690507098e-06,9.34088633746064e-06,0,0,0,0,0,0.000262532348373285,2.39501935955327e-05,0.00442158441651623,2.45602539704137e-06,9.65152918153242e-11,0,0.00213751502326427,3.43644374813937e-12,0.000619355274359718,1.13872888027013e-05,0,0
2024,9,21,0.00989880448214664,1.21017383838112e-05,0.00356194102678999,2.82638495346955e-09,2.45672368311322e-43,0,0,0.0180537413879564,0,4.86902583408318e-13,4.24751194222262e-11,0.0062216282157196,0.00027641751476874,0.00196889265115712,3.14764303703687e-08,0.000122471792727217,0,1.94258515884434e-06,1.03824620700506e-05,0,0,0,0,0,0.00027667633577421,2.03565756920376e-05,0.0045893685809179,2.04269111784119e-06,7.2128081600892e-11,0,0.00218472562993853,5.55264618758991e-12,0.00062036502459328,1.29386448996827e-05,0,0
2024,9,26,0.0102921102414569,1.39543507795152e-05,0.00353464212661211,3.91477510812102e-09,4.72081416841669e-44,0,0,0.0189133503294057,0,3.03537465096442e-13,3.08192050936954e-11,0.0060750220759451,0.000303408686267065,0.00188702004573088,2.39926205873435e-08,0.000127694166685747,0,1.6660370064159e-06,1.14609363007362e-05,0,0,0,0,0,0.000291455241540698,1.72611957426748e-05,0.00474943946893278,1.70831731303999e-06,5.37355128639176e-11,0,0.00223124300565931,8.90795558482451e-12,0.000620754723642855,1.46589400333796e-05,0,0
2024,10,1,0.0106970204999082,1.60040113826461e-05,0.00350560139404524,5.39387931977508e-09,8.93716163375369e-45,0,0,0.0197844845632184,0,1.88115984673637e-13,2.22815107675549e-11,0.00592853996563024,0.000332466605962025,0.00180707957315405,1.82063183178266e-08,0.000133081843310092,0,1.40805027198395e-06,1.25654306470924e-05,0,0,0,0,0,0.00030681350050879,1.45806374158898e-05,0.00490055485278459,1.42464276670463e-06,3.99086630206472e-11,0,0.00227696747696542,1.41887247659675e-11,0.000620516775833548,1.66293356661836e-05,0,0
2024,10,6,0.0111129734356708,1.83011537711882e-05,0.00347484379530626,7.39289526606471e-09,1.66688045411899e-45,0,0,0.0206648245042674,0,1.1589968899845e-13,1.60510782684721e-11,0.00578227722525629,0.000363837263661831,0.00172910349283373,1.37536766816411e-08,0.000138641815912023,0,1.20325698744669e-06,1.3683857326759e-05,0,0,0,0,0,0.000322798802845251,1.22899183591574e-05,0.00504151110328761,1.18471762108095e-06,2.9547566779605e-11,0,0.00232179943384559,2.24386107768372e-11,0.000619655082311349,1.87792108389022e-05,0,0
2024,10,11,0.0115400124985902,2.09306710797351e-05,0.00344239708580316,1.00796817887946e-08,3.06289034637251e-46,0,0,0.0215522846064327,0,7.09875216539362e-14,1.1521265044529e-11,0.0056361145600967,0.000397619583995888,0.00165315785013224,1.03435048838014e-08,0.000144376995116751,0,9.70800283722857e-07,1.48032640638809e-05,0,0,0,0,0,0.000339446396946866,1.03250394631732e-05,0.00517115904020892,9.63101672434524e-07,2.1808461584775e-11,0,0.0023656381148623,3.5231882260161e-11,0.000618171138129982,2.12086865629404e-05,0,0
2024,10,16,0.0119774280939272,2.38430606983308e-05,0.00340829188550707,1.36709296692477e-08,5.54473272343711e-47,0,0,0.022444219040003,0,4.32239976484471e-14,8.2401003309002e-12,0.00548992491134366,0.000433912975033075,0.00157923594402724,7.74406287980967e-09,0.000150282768417731,0,7.93613894318561e-07,1.59111160557353e-05,0,0,0,0,0,0.000356743133423476,8.65661707101745e-06,0.00528841946558109,7.96866945713793e-07,1.60463810826605e-11,0,0.00240838455050111,5.49241072146663e-11,0.000616063801953528,2.3910967363143e-05,0,0
2024,10,21,0.0124247296201743,2.71841172319141e-05,0.00337256174033641,1.84445580768802e-08,9.88899084889866e-48,0,0,0.0233379915486714,0,2.61644145082583e-14,5.87220500232032e-12,0.00534345681939005,0.000472817521456335,0.0015074141513799,5.77194589325577e-09,0.000156370597831496,0,6.76116933834706e-07,1.69927405066609e-05,0,0,0,0,0,0.000374693941932105,7.22372808665871e-06,0.00539229808770781,6.57451303214383e-07,1.17700399508052e-11,0,0.00244994054106126,8.50114543833414e-11,0.000613346751793997,2.69102815104865e-05,0,0
2024,10,26,0.0128810273665154,3.09589936834896e-05,0.00333524316821913,2.54612752300834e-08,1.73758293857577e-48,0,0,0.024230838116406,0,1.57449136748017e-14,4.16971425706012e-12,0.0051964626516327,0.000514460277539296,0.00143767167919467,4.28280070794944e-09,0.000162637582150602,0,5.74790772923962e-07,1.80360044187176e-05,0,0,0,0,0,0.000393365695423317,6.01703206684513e-06,0.00548189954785564,5.40885571195837e-07,8.60651907383761e-12,0,0.00249020956118045,1.30640900645494e-10,0.000610022518506953,3.02060520136306e-05,0,0
2024,10,31,0.0133454247772905,3.50939068180986e-05,0.00329637568865418,3.40498659403319e-08,3.00788578064984e-49,0,0,0.0251198790583122,0,9.41917183983198e-15,2.95017485722095e-12,0.0050488744936201,0.00055895082298798,0.00137003755996462,3.16363021031414e-09,0.000169084488801705,0,4.71385627403135e-07,1.90293543834835e-05,0,0,0,0,0,0.000412709975272961,5.00600060411699e-06,0.00555644027299716,4.24219498909798e-07,6.27373106332267e-12,0,0.00252909729930491,1.9932793383808e-10,0.000606099879168463,3.38863310024607e-05,0,0
2024,11,5,0.0138169231721308,3.97211759704727e-05,0.00325600183476424,4.53014665566009e-08,5.12978761399367e-50,0,0,0.0260021326584658,0,5.6018094188704e-15,2.07981926747676e-12,0.00490010565185887,0.000606416086476877,0.00130453069377735,2.32646110507959e-09,0.000175710981532618,0,3.83565352070843e-07,1.99629738617042e-05,0,0,0,0,0,0.000432762763227667,4.11064729959572e-06,0.00561525989634924,3.28427861275138e-07,4.55903602197774e-12,0,0.00256651219693422,3.01956542520398e-10,0.000601593535841789,3.79225649829443e-05,0,0
2024,11,10,0.0142948169895368,4.48601887837487e-05,0.00321416714701473,5.99615907767732e-08,8.61905582718344e-51,0,0,0.0268745302934864,0,3.31197547343753e-15,1.46096500716811e-12,0.00474993966364066,0.000656929240038172,0.00124113971918709,1.70317044456568e-09,0.000182526861318048,0,3.08450165805522e-07,2.0829332450121e-05,0,0,0,0,0,0.000453565119923528,3.37083891020374e-06,0.00565783101250289,2.32839427172825e-07,3.30269837802395e-12,0,0.00260236598236141,4.54159081090644e-10,0.00059651890083809,4.23743162055443e-05,0,0
2024,11,15,0.0147767509540773,5.05865288529793e-05,0.00317092014796842,7.89588136149509e-08,1.42673161888244e-51,0,0,0.0277339329592392,0,1.94665535006963e-15,1.02256378448607e-12,0.00459830865002567,0.000710633663654275,0.00117986212543684,1.24128829987936e-09,0.00018952634328151,0,2.60846454851748e-07,2.16265749991031e-05,0,0,0,0,0,0.000475071922137706,2.77039356198172e-06,0.00568376706512587,1.90239443579716e-07,2.38513830000905e-12,0,0.00263657419352745,6.78201647921864e-10,0.000590888367508152,4.72604843352428e-05,0,0
2024,11,20,0.0152614457235541,5.69442085462086e-05,0.00312631229764672,1.0344210579201e-07,2.32673637598296e-52,0,0,0.0285771490966837,0,1.13745492782905e-15,7.13144238803687e-13,0.00444490512869157,0.000767565484908177,0.00112069049429005,9.00615558692515e-10,0.00019671505831246,0,2.20102078936111e-07,2.23486037070349e-05,0,0,0,0,0,0.000497318059414895,2.23420693480811e-06,0.00569282820179465,1.37388753098835e-07,1.71714505289272e-12,0,0.00266905668457907,1.00553445992163e-09,0.000584720184863832,5.26220493907484e-05,0,0
2024,11,25,0.0157472348168576,6.39852866570722e-05,0.00308039792927623,1.34823682959611e-07,3.73830207787785e-53,0,0,0.0294009535919003,0,6.60727676039869e-16,4.95565113471727e-13,0.00428933609369331,0.000827851793313328,0.00106360077717791,6.50516718824492e-10,0.000204091743998164,0,1.8531150585537e-07,2.29995309651796e-05,0,0,0,0,0,0.000520339957560615,1.82024388736037e-06,0.0056849249715625,9.5084395162402e-08,1.23239283113078e-12,0,0.00269973811076162,1.48020666733652e-09,0.000578030043151003,5.85375862680357e-05,0,0
2024,11,30,0.0162317756125624,7.17547860357794e-05,0.00303323416540878,1.74827634873046e-07,5.91730481299436e-54,0,0,0.0302021078050728,0,3.81552210323423e-16,3.43131390306859e-13,0.00413196761571197,0.000891544465812182,0.00100859081098584,4.6776714432164e-10,0.000211657264538051,0,1.38754492618672e-07,2.36068976327676e-05,0,0,0,0,0,0.00054409106299282,1.46486903176691e-06,0.0056601197853297,7.73335307207982e-08,8.81739115571509e-13,0,0.00272854838639692,2.16339107270738e-09,0.000570839159680244,6.50081776407506e-05,0,0
2024,12,5,0.0167136260995047,8.03600646752767e-05,0.00298488081461364,2.25544456140331e-07,9.2277505220075e-55,0,0,0.03097738046408,0,2.1904261829493e-16,2.36731773285393e-13,0.00397268350026663,0.000958713992115351,0.000955625485532902,3.34852232654508e-10,0.000219412283234358,0,1.16548368498371e-07,2.41589900138588e-05,0,0,0,0,0,0.000568630277153239,1.1896856078088e-06,0.00561862610577019,4.481680020692e-08,6.28897422674641e-13,0,0.00275542311088844,3.13931568607802e-09,0.000563171100854955,7.20791572711019e-05,0,0
2024,12,10,0.0171904559619011,8.98278324852377e-05,0.0029354002491474,2.89491409182324e-07,1.41771886832026e-55,0,0,0.0317235692407196,0,1.25010486007559e-16,1.62738020680676e-13,0.00381155137378129,0.00102944285068591,0.000904708653036899,2.3863213004727e-10,0.00022735832471577,0,9.76764491920508e-08,2.46638387087396e-05,0,0,0,0,0,0.00059391533750702,9.1023986243129e-07,0.00556080538123014,3.63677679028731e-08,4.47165496849104e-13,0,0.00278030395796299,4.52295457996953e-09,0.000555044193662102,7.98700909337882e-05,0,0
2024,12,15,0.017660255207308,0.000100242681258178,0.00288485726420915,3.69678407336218e-07,2.14588667470297e-56,0,0,0.03243752281182,0,7.0926321817302e-17,1.11469970121144e-13,0.00364887444836515,0.00110378417423999,0.000855797159778298,1.69299965827966e-10,0.000235491327789128,0,8.1676654128322e-08,2.5155359787749e-05,0,0,0,0,0,0.000619966404162725,7.239034008009e-07,0.00548716178535651,2.94235894820672e-08,3.16960775657311e-13,0,0.00280313902369641,6.46988770169257e-09,0.00054648344604462,8.8315492703641e-05,0,0
2024,12,20,0.0181208240950671,0.000111633666122448,0.00283331891958231,4.69678809087465e-07,3.19996959854512e-57,0,0,0.0331161631939411,0,4.00047541778021e-17,7.60787059332914e-14,0.00348506892217144,0.00118177288837759,0.000808835355109727,1.1957408242493e-10,0.000243817040082126,0,5.1556107527167e-08,2.56486107588581e-05,0,0,0,0,0,0.000646803781248457,5.71490513649055e-07,0.00539833486995431,2.37343784849082e-08,2.23970860957572e-13,0,0.00282388312927652,9.18879448811781e-09,0.000537514711219165,9.753371970931e-05,0,0
2024,12,25,0.018570863973238,0.000124148243802318,0.00278085436464847,5.93900312361402e-07,4.70118502880704e-58,0,0,0.0337565081293454,0,2.24315325987476e-17,5.17374149950333e-14,0.00332056360160903,0.00126340623314783,0.000763817075529966,8.40755035689747e-11,0.000252332722459103,0,4.30627209566049e-08,2.61677593424188e-05,0,0,0,0,0,0.000674390030901428,4.55324614046017e-07,0.00529509028147825,1.90881254114252e-08,1.57770674252413e-13,0,0.00284249807492623,1.2957094131002e-08,0.000528161850473747,0.000107651359670501,0,0
2024,12,30,0.0190085419413578,0.0001378741833507,0.00272753464792926,7.46964612077749e-07,6.80442256576339e-59,0,0,0.034355693292719,0,1.25040142866649e-17,3.50576428082212e-14,0.00315585473856846,0.00134872006735253,0.00072070850744113,5.88510385513662e-11,0.000261037913940046,0,3.58865316024349e-08,2.67425086320559e-05,0,0,0,0,0,0.000702737632558799,3.37310440882101e-07,0.00517830873049584,1.53056543315046e-08,1.10792358428428e-13,0,0.00285895284193557,2.41067898018086e-08,0.000518449870106746,0.000118635573362478,0,0
2025,1,4,0.0194321467777618,0.000152872828677617,0.00267343251246915,9.34738013079041e-07,9.70281306169724e-60,0,0,0.0349109940829928,0,6.92920082672248e-18,2.36699355119015e-14,0.00299151772271521,0.00143765582088561,0.000679465012945685,4.10101180292391e-11,0.000269931904860871,0,2.98380320820544e-08,2.74066451888182e-05,0,0,0,0,0,0.000731842644880085,2.53417951352452e-07,0.00504897343740464,1.22361199879409e-08,7.75607672544598e-14,0,0.00287322374032839,3.37032388099077e-08,0.000508406862693811,0.000130562801178816,0,0
2025,1,9,0.0198412569648049,0.000169233361394334,0.00261861580396776,1.16382569955572e-06,1.36309625614428e-60,0,0,0.0354198467627411,0,3.81733266852855e-18,1.59238403410682e-14,0.00282829541804779,0.00153024927782106,0.000640073996129434,2.84498604812304e-11,0.000279011491809314,0,2.47524127684626e-08,2.81835708412285e-05,0,0,0,0,0,0.00076171800467281,2.05526617024538e-07,0.00490815630579419,9.75301199452748e-09,5.41281457122053e-14,0,0.00288529450030741,4.67880531417397e-08,0.00049806117532535,0.000143444707327689,0,0
2025,1,14,0.0202348973887272,0.000186990745199953,0.00256315995977453,1.44178052421296e-06,1.88659150695202e-61,0,0,0.035879868709172,0,2.09064378935586e-18,1.06741900566387e-14,0.00266671557168691,0.00162642265967901,0.000602460587878806,1.96481423762605e-11,0.000288280140048436,0,2.04867738093425e-08,2.91121791817079e-05,0,0,0,0,0,0.000792337326245817,1.54904610049885e-07,0.00475700309645185,7.7506298155691e-09,3.76576284498723e-14,0,0.00289515630627364,6.55028932613311e-08,0.000487437905950329,0.000157454404712938,0,0
2025,1,19,0.0206124483291724,0.000206341720705619,0.00250716336463996,1.77716936623228e-06,2.57247836252784e-62,0,0,0.0362888775457384,0,1.13826465215587e-18,7.12948935525972e-15,0.00250762876781622,0.00172613973714901,0.000566567918346961,1.35087475549454e-11,0.000297735327570601,0,1.69175815282146e-08,3.02160622068412e-05,0,0,0,0,0,0.000823672056069924,1.25002028852979e-07,0.00459671788966388,6.14099064937286e-09,2.6117496570497e-14,0,0.00290280777289152,8.97616853786657e-08,0.000476566196524055,0.000172519071579478,0,0
2025,1,24,0.0209745781460424,0.000227346451187352,0.00245068740007788,2.17962858062665e-06,3.45579608056154e-63,0,0,0.0366449089319134,0,6.16097759386689e-19,4.74480420067581e-15,0.00235166223767377,0.00182932852466669,0.00053237747863953,9.24614945397463e-12,0.000307372541808269,0,1.39383592982607e-08,3.15434224565831e-05,0,0,0,0,0,0.000855715461390401,1.0051841235061e-07,0.00442854713092046,4.85113189496467e-09,1.80575526659265e-14,0,0.00290825486336047,1.22149196887517e-07,0.000465475417116773,0.000188776944004955,0,0
2025,1,29,0.0213210640602084,0.000250053117514069,0.00239380987069813,2.65990444619025e-06,4.57369313186729e-64,0,0,0.0369462328006396,0,3.31511945763941e-19,3.14640441669444e-15,0.00219942636140338,0.00193589954608614,0.000499828576134152,6.30026716228589e-12,0.000317191038360679,0,1.14576012696442e-08,3.31136276871811e-05,0,0,0,0,0,0.000888460171627584,8.05470298484007e-08,0.00425376355537804,3.82077034351196e-09,1.24461490505616e-14,0,0.00291151075074623,1.65067796759566e-07,0.000454192026484761,0.000206348679687206,0,0
2025,2,3,0.0216523714068147,0.000274649150627808,0.00233660883414634,3.22987419515529e-06,5.96359979432489e-65,0,0,0.0371913678482478,0,1.77333958548494e-19,2.07896495003388e-15,0.00205169287409847,0.00204574461902425,0.000468869918940061,4.27375140803811e-12,0.000327188480399184,0,9.3968961083279e-09,3.49426338285575e-05,0,0,0,0,0,0.00092189848846971,4.49022078575462e-08,0.00407365027966164,3.00028140817216e-09,8.55184594346417e-15,0,0.00291259562391106,2.21518188022688e-07,0.000442743887629551,0.000225309439517036,0,0
2025,2,8,0.0219697492353273,0.000301251934844629,0.00227916234405272,3.90254300292203e-06,7.66077185668415e-66,0,0,0.0373790941000765,0,9.43034992705652e-20,1.36872490247289e-15,0.00190884496294084,0.00215873801592383,0.000439442814215349,2.8861027028178e-12,0.000337362239892957,0,7.68924710709579e-09,3.70867026209179e-05,0,0,0,0,0,0.000956012732228747,3.59866100383056e-08,0.00388948533620577,2.34896341401982e-09,5.85778602248741e-15,0,0.00291153644024955,2.95212718736996e-07,0.000431158628078431,0.000245647003800504,0,0
2025,2,13,0.0222746614124837,0.000329903884308192,0.00222154819269773,4.69201226526361e-06,9.6952531159528e-67,0,0,0.0375084633963504,0,4.985478879699e-20,8.97886717674426e-16,0.00177146981301058,0.00227473559216823,0.000411522983800548,1.94028952911548e-12,0.000347710653439452,0,6.2775745981218e-09,3.95377171515932e-05,0,0,0,0,0,0.000990763664403161,2.87366181058079e-08,0.00370252690591829,1.83355406092387e-09,3.99996233358194e-15,0,0.00290836662807679,3.90699533138074e-07,0.000419463530991542,0.000267460648932292,0,0
2025,2,18,0.0225685683218947,0.000360778649967271,0.00216384365525722,5.61341462635092e-06,1.2088387557393e-67,0,0,0.0375788076667787,0,2.62016792882005e-20,5.8689890923232e-16,0.00163984894118087,0.00239357507815384,0.000385009237517903,1.29859441961005e-12,0.000358228117178635,0,5.11338647435177e-09,4.23329218176127e-05,0,0,0,0,0,0.00102614737526222,2.28639810811565e-08,0.00351399948025187,1.4269685161521e-09,2.72287098234436e-15,0,0.00290312574211794,5.13495417597273e-07,0.000407684149190906,0.000290824894511168,0,0
2025,2,23,0.0228533909997415,0.000393965638732363,0.00210611818498677,6.6828115733927e-06,1.48491028217955e-68,0,0,0.0375897448884669,0,1.36897193684581e-20,3.82244666627483e-16,0.0015144753012982,0.00251507630454637,0.000359917570895803,8.65232369009964e-13,0.00036891223999172,0,4.15560276118685e-09,4.55064030154847e-05,0,0,0,0,0,0.00106213007569147,1.81254803418682e-08,0.00332508115465134,1.10723108046761e-09,1.84776607519694e-15,0,0.0028958590761029,6.81043027025426e-07,0.000395847158019484,0.000315848177721059,0,0
2025,2,28,0.0231303873320997,0.000429632587666576,0.00204846237271362,7.91705000628163e-06,1.79702734232706e-69,0,0,0.0375411826496562,0,7.11054906452425e-21,2.48059545470978e-16,0.00139551455239198,0.00263904156077571,0.000336145320219544,5.7391056317408e-13,0.000379759191403711,0,3.36952052171765e-09,4.90628355763251e-05,0,0,0,0,0,0.00109867354161996,1.43168895324402e-08,0.00313689222277782,8.56574911652125e-10,1.25001630651228e-15,0,0.00288661723696969,8.85190801911868e-07,0.000383981802365171,0.000342556656052488,0,0
2025,3,5,0.0234018367991345,0.000467876811098499,0.00199092868380998,9.3335750385511e-06,2.14255412611826e-70,0,0,0.0374333192710953,0,3.67159612424408e-21,1.60400910649989e-16,0.00128316953292286,0.00276525608651582,0.000313695239828159,3.78972687886725e-13,0.000390764832976989,0,2.72590588387957e-09,5.30345139901412e-05,0,0,0,0,0,0.00113575643306098,1.1267544976281e-08,0.00295048520591668,6.60686810923476e-10,8.43010785915106e-16,0,0.00287545568561596,1.14135758418604e-06,0.000372110228465149,0.000371045912355389,0,0
2025,3,10,0.0236692782089177,0.000508871701789022,0.00193361897139343,1.09725843723291e-05,2.51670076139534e-71,0,0,0.0372666424669954,0,1.88473302779448e-21,1.03346100079857e-16,0.0011773978621321,0.00289348869438946,0.000292440027444335,2.49128744606607e-13,0.00040192471660104,0,2.20020060692183e-09,5.74362220991208e-05,0,0,0,0,0,0.00117333979545306,8.83550553954557e-09,0.00276683641559972,5.08076524995069e-10,5.66760203661835e-16,0,0.00286243424950467,1.46173806880639e-06,0.000360255263295136,0.000401417281519701,0,0
2025,3,15,0.0239344558762637,0.000552653900902467,0.00187658851531887,1.28333296085096e-05,2.91242020511968e-72,0,0,0.0370419255580431,0,9.61807042440169e-22,6.63464564694838e-17,0.00107827851200115,0.00302349252063332,0.000272433771625811,1.63039186953765e-13,0.000413235481851982,0,1.77183132281598e-09,6.22871048093871e-05,0,0,0,0,0,0.00121141667638792,6.90327196778708e-09,0.00258683911074845,3.89552348203308e-10,3.79851921587123e-16,0,0.00284761661272133,1.85947367612187e-06,0.000348442954067142,0.0004337537947331,0,0
2025,3,20,0.0241990414076162,0.000599378099397468,0.00181989970455733,1.49199261099789e-05,3.32046709910311e-73,0,0,0.0367602212793216,0,4.87943163350364e-22,4.24402319844464e-17,0.000985743820396011,0.003155005898983,0.000253571526280543,1.06221491713064e-13,0.000424689415739848,0,1.4236103656341e-09,6.76197880480511e-05,0,0,0,0,0,0.00124991883298233,5.3740294317752e-09,0.00241129827456148,2.97786996129681e-10,2.53792083701521e-16,0,0.00283106978929222,2.34959720474468e-06,0.000336694080030204,0.000468152140014116,0,0
2025,3,25,0.0244639727674519,0.000649181066867186,0.00176363406352533,1.73193218087734e-05,3.72964102522659e-74,0,0,0.036422853255717,0,2.46089846449832e-22,2.70504281135867e-17,0.000899615218250221,0.00328775335161437,0.000235819125869498,6.88945749558749e-14,0.000436282397210584,0,1.14121791292032e-09,7.34257233453224e-05,0,0,0,0,0,0.00128883166689968,4.16837300308165e-09,0.00224092700183767,2.26959745751985e-10,1.69040426086311e-16,0,0.00281286358570294,2.94910742341806e-06,0.000325029946607863,0.000504607278908618,0,0
2025,3,30,0.0247300693025054,0.000702190136269413,0.00170784152561479,1.99775896544435e-05,4.12721987088271e-75,0,0,0.0360314052459613,0,1.23384704787912e-22,1.71793573458829e-17,0.000819629339911256,0.00342144668963148,0.000219063124533222,4.44846202941995e-14,0.000448008736168117,0,9.12755986273645e-10,7.97425528650311e-05,0,0,0,0,0,0.00132809806511509,3.22147366388857e-09,0.00207634445526216,1.72462687206682e-10,1.1224108330309e-16,0,0.00279307005860375,3.67699559489255e-06,0.00031347080531881,0.000543253324932346,0,0
2025,4,4,0.0249979890434006,0.0007585275904771,0.00165258439084607,2.29588616909495e-05,4.49956897169387e-76,0,0,0.0355877082834148,0,6.14995772632904e-23,1.08711643400724e-17,0.000745489703731108,0.00355578621434609,0.000203363454647409,2.85947948148914e-14,0.000459862433794139,0,7.28365676230724e-10,8.66135886484438e-05,0,0,0,0,0,0.00136769105909603,2.48064188824824e-09,0.0019180753200756,1.30660605441177e-10,7.42953929809741e-17,0,0.00277176297365075,4.56784380527008e-06,0.000302034488430686,0.000584146402066757,0,0
2025,4,9,0.0252680437055362,0.000818311478789819,0.00159790852683008,2.62301982287415e-05,4.83289066462256e-77,0,0,0.0350938258665828,0,3.04737645610617e-23,6.85459161768519e-18,0.000677167398678555,0.00369046200947017,0.000188605153784884,1.8298534746068e-14,0.000471837184704404,0,5.79899755077213e-10,9.40358497491166e-05,0,0,0,0,0,0.00140757918240675,1.90324648995668e-09,0.00176655066105681,9.86955084725503e-11,4.90253476908333e-17,0,0.00274901727131416,5.63622330323062e-06,0.000290741860328541,0.000627338966539897,0,0
2025,4,14,0.0255394658352454,0.000881635968566159,0.00154392701628104,2.98371607760677e-05,5.11405966520515e-78,0,0,0.0345520373747886,0,1.50114712353937e-23,4.30649043488761e-18,0.000614209205251763,0.00382515531336021,0.000174746441998842,1.1657297480477e-14,0.000483926379794453,0,4.60643609561851e-10,0.000102034355900391,0,0,0,0,0,0.00144771850348446,1.45494802388719e-09,0.00162211006429057,7.43281488016371e-11,3.2249890485579e-17,0,0.00272490854528628,6.90500911522439e-06,0.000279608231232528,0.00067292700713161,0,0
2025,4,19,0.0258117132964723,0.000948651732461904,0.00149065060455709,3.38073158385332e-05,5.33147514424925e-79,0,0,0.0339648199040488,0,7.3512904498821e-24,2.6958875015441e-18,0.000556295429151546,0.00395953995962687,0.000161757150741004,7.39318676502906e-15,0.000496123109783197,0,3.65078155539524e-10,0.000110636721933127,0,0,0,0,0,0.00148804917769298,1.10820829707828e-09,0.00148500492903095,5.58100548380835e-11,2.1148743483657e-17,0,0.00269951253884906,8.40832872283978e-06,0.000268649281626123,0.00072099364602195,0,0
2025,4,24,0.0260830580357962,0.00101947317717166,0.00143815308875346,3.81337681821312e-05,5.47585297454847e-80,0,0,0.0333348287347232,0,3.57887952374866e-24,1.68157569105424e-18,0.000503130585223878,0.00409328387376983,0.000149609332712999,4.66785878793293e-15,0.000508420169460797,0,2.8867908263178e-10,0.000119908949523967,0,0,0,0,0,0.00152853919050584,8.41040273502453e-10,0.0013554027622323,4.17806110235154e-11,1.38257805311484e-17,0,0.00267290466421812,1.01730802629093e-05,0.000257879494269494,0.000771551220914986,0,0
2025,4,29,0.0263515385654145,0.00109419750973083,0.00138646593626741,4.28378705461097e-05,5.54088293563287e-81,0,0,0.0326648766557166,0,1.73210313973659e-24,1.04512311402306e-18,0.000454363966274451,0.00422605061302358,0.000138245188148784,2.93397206844066e-15,0.000520810062645294,0,2.27747415410053e-10,0.000129845098632616,0,0,0,0,0,0.00156914440633049,6.35965658471119e-10,0.00123339231998729,3.11846109253397e-11,9.01038838620277e-18,0,0.00264515954947326,1.22430080663304e-05,0.000247312146786784,0.000824669631697532,0,0
2025,5,4,0.0266154795839928,0.00117287251012832,0.00133561917509417,4.79548767184198e-05,5.5236860958684e-82,0,0,0.031957912379736,0,8.3338099464248e-25,6.47224370608837e-19,0.000409671458408645,0.00435750093631453,0.000127623671154632,1.83588923191292e-15,0.000533285007850336,0,1.79266966437902e-10,0.000140456036781037,0,0,0,0,0,0.00160982007049586,4.79150575227426e-10,0.00111898943604637,2.32064696877294e-11,5.85391116542671e-18,0,0.00261635061722252,1.46196093086329e-05,0.000236959310830425,0.000880398799393737,0,0
2025,5,9,0.026871613087099,0.00125562016700039,0.00128563511476694,5.34690573454417e-05,5.42502618810005e-83,0,0,0.0312169982902582,0,3.98617727033895e-25,3.99372951507532e-19,0.000368787460654546,0.00448729439113265,0.000117695359591525,1.14363966050012e-15,0.00054583694466426,0,1.40784795217766e-10,0.00015177187733271,0,0,0,0,0,0.00165052944780616,3.59692878864683e-10,0.00101214337754118,1.72179336906844e-11,3.79138168259656e-18,0,0.00258654969863552,1.73609026015799e-05,0.000226831857534704,0.000938778252120461,0,0
2025,5,14,0.0271169988141165,0.00134253096721373,0.00123662270208472,5.93800361609935e-05,5.249253358124e-84,0,0,0.030445287763429,0,1.89545203044956e-25,2.45549362452908e-19,0.000331454746388129,0.0046150909042132,0.000108411091715035,7.09225227224722e-16,0.000558457540838624,0,1.10311276267255e-10,0.00016382636711943,0,0,0,0,0,0.00169123942585623,2.69037700699367e-10,0.000912743571651358,1.27366785757969e-11,2.44792242630862e-18,0,0.00255582668593079,2.0486312881519e-05,0.000216939468938012,0.000999813766896148,0,0
2025,5,19,0.0273478559406629,0.00143365098306505,0.00118858267348284,6.57173389980476e-05,5.00398605781509e-85,0,0,0.0296460023071271,0,8.96008563800817e-26,1.50430310095453e-19,0.000297294910892641,0.00474055236319867,9.97518735710918e-05,4.37856071407861e-16,0.000571138200082069,0,8.62368206726337e-11,0.000176637421186558,0,0,0,0,0,0.00173187065073539,2.00500713494728e-10,0.000820626553819045,9.39365384026734e-12,1.57560212632657e-18,0,0.00252424922582079,2.40618771809999e-05,0.000207290655024645,0.00106363026030599,0,0
2025,5,24,0.0275610198336995,0.0015291218197364,0.00114153712107401,7.24719484536282e-05,4.69956348955203e-86,0,0,0.0288224087550186,0,4.21070383977442e-26,9.18265499491647e-20,0.000266075192506438,0.00486334417690065,9.17555720429691e-05,2.69110603961596e-16,0.00058387007055324,0,6.72626906674935e-11,0.000190209127262334,0,0,0,0,0,0.0017724024485979,1.48881309175153e-10,0.00073558299775126,6.9074240835598e-12,1.01098387566016e-18,0,0.0024918824558159,2.8081282658369e-05,0.000197891590684931,0.00113014254484116,0,0
2025,5,29,0.0277521924536571,0.0016288525167261,0.00109552574735024,7.96586720855396e-05,4.34832341955703e-87,0,0,0.0279777967457531,0,1.96716326306037e-26,5.58518497877364e-20,0.000237479656407156,0.00498313680239207,8.43053516186993e-05,1.6465786485937e-16,0.000596644054044206,0,5.23436986730498e-11,0.000204550017120403,0,0,0,0,0,0.00181277805271969,1.10150357904679e-10,0.000657364699349508,5.06408391738389e-12,6.46681837143123e-19,0,0.00245878878467556,3.25839203240259e-05,0.00018875106367944,0.00119941012469658,0,0
2025,6,3,0.027917800973938,0.00173293512880641,0.00105058637691845,8.72859522108537e-05,3.96377556828353e-88,0,0,0.0271154567067514,0,9.13627761226456e-27,3.38487965093501e-20,0.000211575852711836,0.00509960722791817,7.73593006294876e-05,1.00296639510555e-16,0.000609450815843656,0,4.06408937385427e-11,0.000219668315536655,0,0,0,0,0,0.00185294144567637,8.11994566325373e-11,0.000585691400340574,3.70159476423562e-12,4.1236885934849e-19,0,0.00242502771767987,3.76064441103699e-05,0.000179872829931227,0.00127143690129062,0,0
2025,6,8,0.0280546638667114,0.00184138454916432,0.00100671810577905,9.54625970274534e-05,3.55974745293666e-89,0,0,0.0262386585485895,0,4.2183376844123e-27,2.04402065278958e-20,0.000187952711162562,0.00521244040149979,7.08422732685692e-05,6.08194541797747e-17,0.000622280795266904,0,3.14826125443839e-11,0.000235584179617172,0,0,0,0,0,0.00189285955635542,5.96405734235158e-11,0.000520257352231983,2.69761554560951e-12,2.62137904317397e-19,0,0.0023906557267876,4.31724756389989e-05,0.000171259695565454,0.00134620220149595,0,0
2025,6,13,0.028158158346053,0.00195419929101167,0.000963947629051173,0.000104036971516492,3.14957711422664e-90,0,0,0.0253506312600977,0,1.93622833425144e-27,1.22988273263118e-20,0.000166442207289524,0.00532133059609598,6.49039678620038e-05,3.67156218620845e-17,0.000635124216837522,0,2.43325122594919e-11,0.000252289526611985,0,0,0,0,0,0.00193248777510615,4.36467563892645e-11,0.000460737536774803,1.9600829196894e-12,1.66120239426738e-19,0,0.00235572616515644,4.93087313221568e-05,0.000162916322887711,0.00142369670719169,0,0
2025,6,18,0.0282253375331853,0.00207139139584177,0.00092228956243253,0.000113100783559321,2.74541652726922e-91,0,0,0.0244545435763393,0,8.83517127123154e-28,7.3735818517571e-21,0.000146917001916609,0.00542598270327099,5.93669685235107e-05,2.20653841255325e-17,0.000647971102103289,0,1.87634117478027e-11,0.000269782930287224,0,0,0,0,0,0.00197179048973323,3.18261141234087e-11,0.000406793474914942,1.41994668394578e-12,1.049455522556e-19,0,0.0023202892249359,5.60378692342955e-05,0.00015484585825041,0.0015039422140676,0,0
2025,6,23,0.0282530725248218,0.00219287938363859,0.000881748185162913,0.000122703372558762,2.35769267336955e-92,0,0,0.0235534858719701,0,4.00789695947871e-28,4.40483539623738e-21,0.00012923526235803,0.00552611344845078,5.42682979823028e-05,1.32015319158353e-17,0.000660811282066949,0,1.44359489873126e-11,0.000288070329961537,0,0,0,0,0,0.00201072620058082,2.31226035903955e-11,0.000358078571824153,1.02558777760712e-12,6.60928211227203e-20,0,0.00228439193671142,6.33800636154236e-05,0.000147046960788597,0.00158686071058743,0,0
2025,6,28,0.028238924589786,0.00231861015224729,0.000842358610546158,0.000132853589781621,1.99475291866368e-93,0,0,0.0226504534115111,0,1.80742920511785e-28,2.62190673565911e-21,0.00011324562912883,0.00562145252203152,4.95452698535143e-05,7.86302038411142e-18,0.000673634410210222,0,1.10812190578206e-11,0.000307133470976727,0,0,0,0,0,0.0020492365661317,1.67382992780614e-11,0.000314242960648523,7.3854479253473e-13,4.14947646736856e-20,0,0.00224807820848605,7.13788942284409e-05,0.000139522354686626,0.0016724249210074,0,0
2025,7,3,0.0281810327245327,0.00244853111068693,0.000804110296320707,0.000143618860985649,1.66270040395331e-94,0,0,0.0217483310661841,0,8.10306302045312e-29,1.55503859177028e-21,9.88014536715619e-05,0.00571174362179288,4.52334587539224e-05,4.66236969145353e-18,0.000686429976087435,0,8.48669146386613e-12,0.000326966095795657,0,0,0,0,0,0.00208729562180193,1.20727831659479e-11,0.000274921320182079,5.30254116963496e-13,2.59705463266364e-20,0,0.00221138890164021,8.00325174624736e-05,0.000132268947086952,0.00176059850542012,0,0
2025,7,8,0.0280774880932684,0.00258255135674551,0.000767015512224427,0.000154994774965637,1.36540624788527e-95,0,0,0.0208498795845654,0,3.61143922576433e-29,9.18970310369385e-22,8.58501824845216e-05,0.0057967454032492,4.1228447970423e-05,2.752176270886e-18,0.000699187319463173,0,6.48482048962953e-12,0.000347585927654734,0,0,0,0,0,0.00212483884280541,8.67610799558695e-12,0.000239806254085452,3.79572257675324e-13,1.62038281682297e-20,0,0.00217435460200909,8.93354310301875e-05,0.000125288084497732,0.00185128866293346,0,0
2025,7,13,0.0279275276023613,0.00272049498541858,0.000731027526009858,0.00016704324834715,1.10467053994603e-96,0,0,0.0199577234817822,0,1.60012745995682e-29,5.41125707604728e-22,7.4291165436346e-05,0.0058762323357185,3.755184157099e-05,1.61732767870303e-18,0.000711895644966443,0,4.94386013071089e-12,0.000368989396525539,0,0,0,0,0,0.00216185733932378,6.21246528396452e-12,0.000208541024222225,2.70899424248591e-13,1.00786632824149e-20,0,0.00213702627174265,9.93507249857675e-05,0.000118576272882782,0.00194443414639858,0,0
2025,7,18,0.0277311976408178,0.00286224718229535,0.000696213035457423,0.000179915469764495,8.80494553115084e-98,0,0,0.0190743405896935,0,7.04809937535258e-30,3.17490861826916e-22,6.39477218109394e-05,0.00594999546298247,3.41537679062471e-05,9.46176213539165e-19,0.000724544037231988,0,3.76047810123863e-12,0.00039114256974537,0,0,0,0,0,0.00219828048641629,4.43225233380753e-12,0.000180800685507017,1.92763545672317e-13,6.24938105856217e-21,0,0.00209942774460105,0.000110053432508824,0.000112130793241456,0.00203994537879268,0,0
2025,7,23,0.0274889993022898,0.00300763863216201,0.000662549590667638,0.000193561406461844,6.91422650787806e-99,0,0,0.0182020532887855,0,3.08626087002467e-30,1.85609700376366e-22,5.478696733499e-05,0.00601784306843127,3.10418426087049e-05,5.51059211569685e-19,0.000737121476497676,0,2.85383345128982e-12,0.000414092150449215,0,0,0,0,0,0.00223410057437075,3.15069567485888e-12,0.000156273309157256,1.3675554203479e-13,3.86295670770966e-21,0,0.00206158910873174,0.000121471876252104,0.000105948300485214,0.00213771789745611,0,0
2025,7,28,0.0272017179979715,0.00315647571666089,0.000630022365967607,0.000208120484105561,5.34913515978555e-100,0,0,0.0173430214217046,0,1.34349612902931e-30,1.08120111907543e-22,4.67149273160189e-05,0.00607960124551837,2.81342381074947e-05,3.19504324668695e-19,0.000749616854625213,0,2.16084122234242e-12,0.000437772983580575,0,0,0,0,0,0.00226925080686178,2.23156691036456e-12,0.000134661743154025,9.67315550236098e-14,2.38040820687795e-21,0,0.00202353063568471,0.00013369479076419,0.000100023563206897,0.00223765266080931,0,0
2025,8,2,0.0268705644731578,0.0033085402342318,0.000598614853698513,0.000223808301784969,4.07705520739952e-101,0,0,0.0164992368687135,0,5.81411181220651e-31,6.27550500558526e-23,3.96051086072231e-05,0.00613511437518044,2.54926591005141e-05,1.84419758603699e-19,0.000762018991509877,0,1.63239689520835e-12,0.000462217760711666,0,0,0,0,0,0.00230371565793981,1.57483423142676e-12,0.000115664144011966,6.82173129398654e-14,1.46228424359187e-21,0,0.00198528738135759,0.000146637620753661,9.43549660904466e-05,0.00233966009323192,0,0
2025,8,7,0.0264990434677051,0.00346358929533788,0.000568328122041813,0.000240606045009315,3.06148881289492e-102,0,0,0.0156725197471308,0,2.50134451879209e-31,3.62933662226652e-23,3.34293514194347e-05,0.00618424551259415,2.30461315630296e-05,1.05971819551817e-19,0.000774316651843568,0,1.23037453965406e-12,0.000487407161112565,0,0,0,0,0,0.00233744582465901,1.10734068416301e-12,9.90625095043671e-05,4.79649783770195e-14,8.95490381714494e-22,0,0.00194688231553494,0.000160365492455619,8.89360619301657e-05,0.00244355748620552,0,0
2025,8,12,0.0260890295226824,0.00362135540498783,0.000539148244143814,0.000258702298611121,2.26486247938416e-103,0,0,0.0148645161802084,0,1.06981040885234e-31,2.09142453573376e-23,2.80332024625409e-05,0.00622687668623948,2.08598438499869e-05,6.06213449179451e-20,0.000786498562194071,0,9.25246781178341e-13,0.000513337670747238,0,0,0,0,0,0.00237041564722879,7.75798871207645e-13,8.45674397901875e-05,3.36245981257631e-14,5.46687085129384e-22,0,0.00190834602116275,0.00017490267492787,8.37615279690976e-05,0.00254923854161109,0,0
2025,8,17,0.0256445949255232,0.0037815467429109,0.000511054387541816,0.000278155936367002,1.6507225540107e-104,0,0,0.0140766975660619,0,4.54865814543185e-32,1.20086316407007e-23,2.34102433740539e-05,0.00626290911271372,1.88336059562579e-05,3.4523353635242e-20,0.000798553428362318,0,6.94203025265671e-13,0.000540018035065063,0,0,0,0,0,0.00240258569211228,5.41549934013366e-13,7.19514109658084e-05,2.35013687532026e-14,3.32709703030662e-22,0,0.00186968314414007,0.000190323502268173,7.88221177770767e-05,0.0026565372539881,0,0
2025,8,22,0.0251681972389173,0.00394384764982357,0.000484047464357773,0.000299053433797587,1.18530313367279e-105,0,0,0.013310361264316,0,1.92266203745091e-32,6.8703873755999e-24,1.94102851512129e-05,0.00629226333109145,1.69834074875357e-05,1.95727847699939e-20,0.000810469952978259,0,5.19665748018009e-13,0.000567400282570766,0,0,0,0,0,0.00243392494834463,3.76659866411569e-13,6.10106132367581e-05,1.6376927125896e-14,2.01855637319447e-22,0,0.0018309306158291,0.00020662796880902,7.41194653836335e-05,0.00276530171269877,0,0
2025,8,27,0.0246646690577348,0.00410791932606989,0.000458094458135691,0.000321642183425096,8.38509314211239e-107,0,0,0.0125666326071355,0,8.07915196715208e-33,3.91656468066466e-24,1.59935646791886e-05,0.0063148792608564,1.52959879358821e-05,1.10470036578465e-20,0.000822236853295084,0,3.88123871943457e-13,0.000595457241709923,0,0,0,0,0,0.00246440057211534,2.61024736319031e-13,5.15845395998177e-05,1.13782345266829e-14,1.22085774393729e-22,0,0.00179209890299819,0.000223824405459204,6.96431130042665e-05,0.00287536347625387,0,0
2025,9,1,0.0241375234787004,0.00427340074654549,0.000433194520022457,0.000346020667365534,5.84399011178748e-108,0,0,0.0118464681323117,0,3.37498445019272e-33,2.22467082050366e-24,1.30961424410102e-05,0.00633071618754665,1.37599452241207e-05,6.20709809630946e-21,0.00083384287914065,0,2.89217980688161e-13,0.000624156138731422,0,0,0,0,0,0.00249398022379817,1.80233476693435e-13,4.34725637498587e-05,7.88171180550177e-15,7.36102013247639e-23,0,0.00175320702470478,0.000241957656080749,6.5386553213731e-05,0.00298655802591456,0,0
2025,9,6,0.0235913933088328,0.00443990979326335,0.000409309535805576,0.000372307362283555,4.01267686420956e-109,0,0,0.0111506599290585,0,1.40158986492278e-33,1.25910686192999e-24,1.06514288196662e-05,0.00633975268026408,1.2337804121032e-05,3.4720418715886e-21,0.000845276830984361,0,2.15024969924351e-13,0.00065344610863877,0,0,0,0,0,0.00252263196715006,1.23996872622354e-13,3.65232436651239e-05,5.4433896806455e-15,4.42445428726225e-23,0,0.00171426670991998,0.000261058015094596,6.13418924974771e-05,0.00309867813026451,0,0
2025,9,11,0.0230305220260913,0.00460704460422273,0.000386437341247218,0.000400795238596054,2.71445126749708e-110,0,0,0.0104798409821093,0,5.78646450891804e-34,7.10061229272163e-25,8.62737790378676e-06,0.00634198644511273,1.10798878435933e-05,1.93345261463305e-21,0.000856527578077142,0,1.59500178483281e-13,0.000683272341692672,0,0,0,0,0,0.00255033110018229,8.49977599062321e-14,3.06025259278363e-05,3.74818920470369e-15,2.65112486436981e-23,0,0.00167529647198426,0.000281172466048394,5.75024115624859e-05,0.00321155656413463,0,0
2025,9,16,0.0224592405698096,0.00477438513444605,0.00036455396218974,0.00043141804432386,1.80906040142789e-111,0,0,0.00983449139651497,0,2.37491905609463e-34,3.98993100761029e-25,6.87775298878564e-06,0.00633743411846148,9.92677685859977e-06,1.07185082214647e-21,0.000867584076621796,0,1.18043512236635e-13,0.000713555187105577,0,0,0,0,0,0.00257703376647314,5.80531387198964e-14,2.55421821005026e-05,2.5732192427822e-15,1.58361430817107e-23,0,0.00163633924567885,0.00030233539692373,5.38613638616487e-05,0.00332498375025398,0,0
2025,9,21,0.0218814747050921,0.00494149492219659,0.000343620026996577,0.000464386507409161,1.18781075714506e-112,0,0,0.00921487054488546,0,9.69008315402214e-35,2.23393920091973e-25,5.50355825524767e-06,0.00632613100368907,8.86628936349899e-06,5.91544460598548e-22,0.000878435387930761,0,8.71629146403025e-14,0.000744215786524219,0,0,0,0,0,0.00260271157333352,3.95062136052026e-14,2.11872613392552e-05,1.7613078894474e-15,9.43012424493497e-24,0,0.00159739615779478,0.000324587815695764,5.04120138851706e-05,0.00343875560616685,0,0
2025,9,26,0.021301185148841,0.00510792823911265,0.000323607668825299,0.000499825724499471,7.68359774085781e-114,0,0,0.00862133711082478,0,3.93051419192839e-35,1.24627444289426e-25,4.37374165952357e-06,0.00630813075477827,7.93295375593801e-06,3.25006967968778e-22,0.000889070696528159,0,6.42140463552824e-14,0.000775142403538026,0,0,0,0,0,0.0026273414037578,2.67871547514091e-14,1.75530661601858e-05,1.20197926411188e-15,5.59801652452503e-24,0,0.00155848658550813,0.000348011607575695,4.71518457945675e-05,0.00355267648320731,0,0
2025,10,1,0.0207221478600821,0.00527321265256166,0.000304501927231555,0.000537813147235715,4.89671893657129e-115,0,0,0.00805371959161896,0,1.58494576847254e-35,6.92775317454268e-26,3.45189700571494e-06,0.00628350500979819,7.07269250020673e-06,1.77766608226379e-22,0.000899479328153102,0,4.71994569583984e-14,0.000806239292623654,0,0,0,0,0,0.00265088630798292,1.80971106842834e-14,1.44524566088798e-05,8.17827812153859e-16,3.31283420105713e-24,0,0.0015196236950047,0.000372607240436879,4.40674984420132e-05,0.00366649744293949,0,0
2025,10,6,0.020147777584018,0.00543687919882754,0.000286324403764814,0.0005784723812632,3.07446062560661e-116,0,0,0.00751228291897688,0,6.35364020449071e-36,3.83713871808683e-26,2.6836887782705e-06,0.00625234297696369,6.30878086270358e-06,9.67965623755711e-23,0.000909650767621336,0,3.46140676812233e-14,0.000837386035989163,0,0,0,0,0,0.00267331712819536,1.21818535875834e-14,1.18489605371741e-05,5.54791732882045e-16,1.95440241088199e-24,0,0.00148084260596086,0.000398417157671512,4.11581096772985e-05,0.00378002541442485,0,0
2025,10,11,0.0195807779052752,0.00559844716021787,0.000268998116846745,0.000622016268268444,1.9017608670437e-117,0,0,0.00699668173203053,0,2.53206005594377e-36,2.11767334690661e-26,2.07085078804162e-06,0.00621475097560578,5.61998361617578e-06,5.2471311070638e-23,0.000919574676502662,0,2.53266032355407e-14,0.000868455343302113,0,0,0,0,0,0.0026945975931705,8.17031847050173e-15,9.64803414838892e-06,3.75233229501895e-16,1.14941548035615e-24,0,0.00144214240123678,0.000425472143615726,3.84113369517822e-05,0.00389304720999225,0,0
2025,10,16,0.0190240400041661,0.00575743087895374,0.000252483817185609,0.000668317861388509,1.15895373991253e-118,0,0,0.00650664496515436,0,1.00315619531571e-36,1.16451964225205e-26,1.60309161022565e-06,0.00617085193404075,5.02281853017577e-06,2.83162756459087e-23,0.000929240910572009,0,1.84888511830404e-14,0.000899319121387125,0,0,0,0,0,0.00271469745288199,5.45991739117478e-15,7.87219701481802e-06,2.53032208776746e-16,6.73889760961326e-25,0,0.00140356800353645,0.000453785060878233,3.58203142189009e-05,0.00400533604968629,0,0
2025,10,21,0.0184804995003221,0.00591334245505063,0.000236797919064922,0.000717725683670779,6.95824202222202e-120,0,0,0.00604172542012752,0,3.9509932730129e-37,6.3807399174647e-27,1.23206619685692e-06,0.00612078484600271,4.47079162244274e-06,1.52125696866412e-23,0.000938639536992616,0,1.34664021141569e-14,0.000929874175129948,0,0,0,0,0,0.00273358405993526,3.63542036225341e-15,6.33722128847897e-06,1.70119276489916e-16,3.93866856819291e-25,0,0.00136513490929414,0.000483416405922306,3.33821979713702e-05,0.00411667647698082,0,0
2025,10,26,0.0179516129800056,0.00606569452670226,0.000221897429679529,0.000770025799975779,4.11581840142401e-121,0,0,0.00560164940785068,0,1.54698888749183e-37,3.48362697208692e-27,9.19016111171019e-07,0.00606470418701612,3.97385349112323e-06,8.13619340922314e-24,0.000947760851190514,0,9.78592543140529e-15,0.000959978495472641,0,0,0,0,0,0.00275122434897578,2.41181879835441e-15,5.14368448653496e-06,1.14034024702213e-16,2.29487365522892e-25,0,0.00132687429543362,0.000514407574006942,3.10849528458191e-05,0.00422684997722246,0,0
2025,10,31,0.0174389680749304,0.00621401261195355,0.000207770785289447,0.000825303755001544,2.39848018270665e-122,0,0,0.00518579160046476,0,6.02159123659134e-38,1.89508468929384e-27,6.97377010473839e-07,0.00600277929184298,3.53896514523458e-06,4.33203723494038e-24,0.000956595393380334,0,7.09513882525686e-15,0.000989530972927363,0,0,0,0,0,0.00276758484135203,1.59424914659794e-15,4.05649392478181e-06,7.62111619480484e-17,1.33295929391839e-25,0,0.00128880176774859,0.000546817793219214,2.89233951092644e-05,0.00433563952785328,0,0
2025,11,5,0.016944242966689,0.00635780202793027,0.000194305498727677,0.000883649690002962,1.37701709173982e-123,0,0,0.00479355782904875,0,2.33012125303998e-38,1.02721647989333e-27,5.25292854944332e-07,0.00593519369395175,3.13579768402674e-06,2.29622970912754e-24,0.000965133964703451,0,5.13249534805624e-15,0.00101843413282734,0,0,0,0,0,0.00278263167741742,1.04999973005274e-15,3.11595628669993e-06,5.07815460378197e-17,7.71833736424318e-26,0,0.00125093526472198,0.000580674568693724,2.6894125451017e-05,0.00444283046409711,0,0
2025,11,10,0.0164682062686408,0.00649660199498393,0.000181600691217623,0.000945126085602135,7.78871484498284e-125,0,0,0.00442413530842177,0,8.96373367088928e-39,5.54793942490404e-28,3.92755343325023e-07,0.00586214442782807,2.77268743171536e-06,1.21168774724062e-24,0.00097336764294055,0,3.70428935144994e-15,0.0010466298729988,0,0,0,0,0,0.00279633284971963,6.89038769358281e-16,2.43589985570129e-06,3.3736223059635e-17,4.45532501676347e-26,0,0.00121328754513254,0.000616063241143705,2.49866811873426e-05,0.00454821131376854,0,0
2025,11,15,0.0160114114183309,0.00662995591195648,0.000169608714075904,0.00100974036791321,4.34025818346352e-126,0,0,0.00407700800386061,0,3.42801363595972e-39,2.98564260742259e-28,2.91492142324636e-07,0.00578384129488592,2.46052114950009e-06,6.3652920517035e-25,0.000981287797761927,0,2.66741085193759e-15,0.00107403312743816,0,0,0,0,0,0.00280865010702242,4.5052573781697e-16,1.88119999302249e-06,2.23455066118332e-17,2.56379790890897e-26,0,0.00117594133995036,0.000653053883644503,2.3198840672978e-05,0.00465158027395595,0,0
2025,11,20,0.0155733085648841,0.00675742193363334,0.000158236261667366,0.00107762647537175,2.38280565925019e-127,0,0,0.00375158885790767,0,1.30328474058492e-39,1.60095935411314e-28,2.14740109153633e-07,0.00570050609374381,2.15425846336441e-06,3.32888036055531e-25,0.000988886105480126,0,1.91638867613383e-15,0.00110059883362948,0,0,0,0,0,0.00281955072728062,2.93506032273727e-16,1.46634824229346e-06,1.47566289148877e-17,1.47074354236641e-26,0,0.00113888108589357,0.000691698142902832,2.15255201171878e-05,0.00475272441211743,0,0
2025,11,25,0.0151538929228366,0.00687857567978543,0.000147478513089751,0.00114868031853518,1.28879840282611e-128,0,0,0.00344690582279326,0,4.92582811404929e-40,8.55380152576948e-29,1.33569630421316e-07,0.00561237181570357,1.89507460827869e-06,1.73312654085269e-25,0.000996154563270944,0,1.37368118539555e-15,0.00112627819507209,0,0,0,0,0,0.00282900028696603,1.90517964707097e-16,1.14746836414015e-06,9.7159956605312e-18,8.41083038625126e-27,0,0.00110215176838787,0.000732067701139542,1.9953270102201e-05,0.00485145117368288,0,0
2025,11,30,0.0147525967648665,0.00699301283596773,0.000137359905994941,0.00122296798113989,6.86759496845589e-130,0,0,0.00316215441762917,0,1.85081226592519e-40,4.55380478496839e-29,9.7523136702306e-08,0.00551968180640777,1.67620542675015e-06,8.98285920940648e-26,0.00100308550283034,0,9.82419503552214e-16,0.00115106676634024,0,0,0,0,0,0.00283696461719587,1.23218611908373e-16,9.04554264495775e-07,6.37809044052569e-18,4.79501051079526e-27,0,0.0010657728032705,0.000774264181833602,1.84811313609467e-05,0.00494756940461694,0,0
2025,12,5,0.0143686916680057,0.00710035162056629,0.000127811319773019,0.00130063239336485,3.60535211893471e-131,0,0,0.00289651008562021,0,6.91335181136163e-41,2.41560559054518e-29,7.06635317231261e-08,0.00542268889485203,1.48064264106122e-06,4.63501502857314e-26,0.00100967160343637,0,7.00997829492149e-16,0.00117503237629872,0,0,0,0,0,0.0028434100278017,7.94032297149631e-17,6.37296667129265e-07,4.17443054232056e-18,2.72514123715486e-27,0,0.00102976558547774,0.000818371577352234,1.71062228977251e-05,0.00504089464860026,0,0
2025,12,10,0.014000759460403,0.00720023509419695,0.000118824273112887,0.00138162709034854,1.86472175792664e-132,0,0,0.0026489697015761,0,2.56719063824498e-41,1.27677396976017e-29,5.08125228906029e-08,0.0053216544911834,1.25832357678212e-06,2.3808933070316e-26,0.00101590590438697,0,4.99051129106394e-16,0.00119816147718647,0,0,0,0,0,0.00284829523434306,5.09825436995628e-17,4.90740392734775e-07,2.7239994181092e-18,1.54396421842265e-27,0,0.000994167894312037,0.00086449874219034,1.5826993251473e-05,0.00513124968088649,0,0
2025,12,15,0.0136463846228498,0.00729233328950978,0.000110367724974803,0.00146610781895599,9.50175303712922e-134,0,0,0.0024189684123975,0,9.47699727494277e-42,6.7241654480287e-30,3.62605108925508e-08,0.00521684765502077,1.09794757481109e-06,1.21753360093964e-26,0.00102178181678612,0,3.54472120710034e-16,0.0012205177419711,0,0,0,0,0,0.00285160640776421,3.26156703923297e-17,3.35179743345316e-07,1.77222960323994e-18,8.72035591309122e-28,0,0.000958992688337813,0.000912675174432943,1.46311993136898e-05,0.0052184649801241,0,0
2025,12,20,0.0133047569890667,0.00737634514170962,0.00010241888358985,0.00155417643580579,4.76998262328392e-135,0,0,0.00220538240913261,0,3.47797586787006e-42,3.5285732581831e-30,2.56793969167952e-08,0.00510854413637725,9.67401842352034e-07,6.19832309594017e-27,0.00102729313465277,0,2.51204720573527e-16,0.00124216277663173,0,0,0,0,0,0.00285330351774909,2.0789909358978e-17,2.67655565408792e-07,1.14957197576765e-18,4.90998260558235e-28,0,0.000924293938183935,0.000963005312186185,1.35143027914078e-05,0.00530237913719565,0,0
2025,12,25,0.0129730849560217,0.00745200020262201,9.49432454751722e-05,0.00164582391659757,2.35913733639867e-136,0,0,0.00200764881727115,0,1.26889459078028e-42,1.84499954367755e-30,1.80477664548259e-08,0.00499702539164024,8.02000344583157e-07,3.14137439594818e-27,0.00103243404532884,0,1.77616039052995e-16,0.0012631558693954,0,0,0,0,0,0.00285335655516017,1.32038432235925e-17,1.72142515489853e-07,7.43456485637352e-19,2.75596983739404e-28,0,0.000890098668481431,0.00101546939628821,1.24707891394024e-05,0.00538283920105623,0,0
2025,12,30,0.012649730062357,0.00751906012387077,8.79477144260443e-05,0.00174126869845292,1.1495107290844e-137,0,0,0.00182473541327053,0,4.6022234490801e-43,9.61235418155799e-31,1.25878003402366e-08,0.00488257757746099,7.05910632667612e-07,1.58495677441516e-27,0.00103719913916431,0,1.2529831683911e-16,0.00128359962908412,0,0,0,0,0,0.00285173908319207,8.35544527653981e-18,1.18875619072875e-07,4.79378051585121e-19,1.54211844012644e-28,0,0.000856424894281949,0.00107012646940882,1.15000666767193e-05,0.00545970096245337,0,0
