Year,Month,Day,sBD1_005,sBD1_007,sBD1_009,sBD1_014,sBD1_021,sBD1_024,sBD1_037,sBD1_042,sBD1_043,sBD1_044,sBD1_055,sBD1_061,sBD1_062,sBD1_065,sBD1_071,sBD1_078,sBD1_082,sBD1_094,BD2_002,BD2_007,BD2_009,BD2_012,BD2_024,BD2_026,BD2_027,BD2_028,BD2_031,BD2_032,BD2_033,BD2_037,BD2_042,BD2_043,BD2_045,BD2_046,BD2_048,BD2_050
2020,1,1,0.000345339492317431,0.000223364363095443,0.000121848504532585,4.87540834504423e-05,0,0,5.54557482425035e-05,1.76796097004585e-05,0.000226268082323148,0.00035384553488002,0,0.000780986025943763,0.001885094318281,0.00335566357548935,0.00207258192160903,0.000214251144013694,0,0,0.000462582737197159,0,0,0,0.00083203442159105,0,0.00485254604833497,0.00366246866324529,0.00402278345206619,0,0.00204017303351519,0.000387723855758091,0.00024757517102744,0.00128105266780523,0.00751126944052227,0.00150481006999118,2.8917772861884e-06,0
2020,1,6,0.000390879201805761,0.000264658725994133,0.000137238885860217,5.78540725020023e-05,0,0,6.26248317029506e-05,2.00044586098635e-05,0.000254005798108663,0.000389421719060403,0,0.000866502037758736,0.00193916382188607,0.00344709363922987,0.00218094949559054,0.000226763099429073,0,0,0.000482774703661465,0,0,0,0.000888156144177893,0,0.00495297651594645,0.0038623521187778,0.0041110944947512,0,0.00223013946411815,0.00041583559377833,0.000250811730339323,0.0013150852490832,0.00799831979447688,0.00170953603524863,3.72685957090152e-06,0
2020,1,11,0.000437814495189895,0.000310012252744212,0.000152795346294011,6.79685484338045e-05,0,0,6.98863596342427e-05,2.2395206039934e-05,0.000281928255699067,0.000428408069377288,0,0.000959122083688963,0.00199455278923625,0.00353891341089937,0.0022932310319011,0.000239223254375836,0,0,0.000503472083447936,0,0,0,0.00094792550393631,0,0.0050542728078643,0.00406851504598351,0.00419855530803087,0,0.00243485920310792,0.000445388097980137,0.000253987625333367,0.00134868534330595,0.00849909384080499,0.00193482557081682,4.705899570628e-06,0
2020,1,16,0.000486142995845813,0.000359641521670202,0.000168494349582484,7.92349423526379e-05,0,0,7.72166645560657e-05,2.48522403041791e-05,0.000309940729039593,0.000470826039589118,0,0.00105921782300922,0.00205135398079764,0.00363102326379879,0.00240938417705849,0.000251579470505756,0,0,0.000524629667741458,0,0,0,0.00101133547581023,0,0.00515643230740514,0.00428071595663699,0.00428506700480266,0,0.00265534554507833,0.0004763176443648,0.00025710115119985,0.00138178461566009,0.00901205488697283,0.00218044424425451,5.91458523492601e-06,0
2020,1,21,0.000535860975645775,0.000413754804538246,0.000184338782963625,9.17993195033066e-05,0,0,8.4579152066458e-05,2.7374141389533e-05,0.000337978652661553,0.000517402090311087,0,0.00116702517428218,0.00210955860729439,0.00372339404075531,0.00252953618804649,0.000263796857686275,0,0,0.000546347278850828,0,0,0,0.00107863631226484,0,0.00525945241430634,0.00449881095287095,0.00437051684362697,0,0.00289243586131606,0.000508725699466256,0.000260151448221599,0.00141431494995439,0.00953560724393378,0.0024449723824848,7.4220660540533e-06,0
2020,1,26,0.000586963356782274,0.000472546168323815,0.000200315340787468,0.000105850954345088,0,0,9.19489117762674e-05,2.99613853750387e-05,0.000365977119516597,0.000568143013251159,0,0.00128278723301152,0.00216920560523871,0.00381594919400985,0.00265355651181584,0.000275892304812504,0,0,0.000568470119019097,0,0,0,0.00114998224712517,0,0.00536333039856844,0.00472260903301517,0.00445479981594532,0,0.00314702611301866,0.000542601228895723,0.000263131008776381,0.00144620865423395,0.0100681299022689,0.00272673814888182,9.24442523207212e-06,0
2020,1,31,0.000639443716452829,0.000536235419436403,0.000216436967163251,0.000121618722072231,0,0,9.92948610921832e-05,3.26146056952124e-05,0.000393862394188963,0.000623744084923218,0,0.00140680303879384,0.00223032570155312,0.00390858731831129,0.00278145183540095,0.000287886935120595,0,0,0.000590954876971057,0,0,0,0.00122547501230101,0,0.00546806323983837,0.00495190720760613,0.00453778871122036,0,0.00342008891146919,0.000578147090140903,0.000266040015309965,0.00147739867635923,0.0106074898315243,0.00302349243955321,1.15366120415421e-05,0
2020,2,5,0.000693294294391172,0.000605012710504873,0.000232710640249291,0.000139393192503628,0,0,0.000106592685732339,3.53346599045725e-05,0.000421580587383472,0.000684231063928932,0,0.00153925170749849,0.00229298718553486,0.00400124542088471,0.00291315694719371,0.000299795849920353,0,0,0.000613890090333302,0,0,0,0.00130525462469344,0,0.00557364745250873,0.00518631803493189,0.00461943136774942,0,0.00371240458454666,0.000615351153718061,0.000268876365054653,0.00150781875821805,0.0111516847957297,0.00333288300195601,1.44160745469966e-05,0
2020,2,10,0.000748506003219201,0.000679067477584285,0.000249161852873108,0.000159532129219325,0,0,0.000113818073533605,3.81233382314032e-05,0.00044911120242745,0.000750118141190059,0,0.00168027388699658,0.00235717090316501,0.00409383786301271,0.00304875728771004,0.000311614519905744,0,0,0.000637285809383067,0,0,0,0.00138957220140591,0,0.00568007889681864,0.00542568492197836,0.00469965011762923,0,0.00402484764509098,0.000654348627394569,0.000271637203081268,0.00153740369782004,0.0116984990422136,0.0036529584083018,1.78517216097658e-05,0
2020,2,15,0.000805068441582603,0.00075857794465432,0.000265794101785886,0.000182449093208597,0,0,0.00012095064577967,4.09827446715187e-05,0.00047639995277846,0.00082188051584642,0,0.00183002361823123,0.00242292062123475,0.00418627363650338,0.00318801439150042,0.00032323590278569,0,0,0.000661120984150548,0,0,0,0.00147848090303662,0,0.00578735257635588,0.0056695984277023,0.00477832889296733,0,0.00435810248146794,0.000695282195003811,0.000274320622221638,0.00156608950102366,0.0122456133864066,0.00398140596800139,2.20321163493121e-05,0
2020,2,20,0.000862969910021633,0.00084370833191315,0.000282616850571604,0.000208637249127503,0,0,0.000127968253877981,4.39150410798689e-05,0.000503404076879279,0.000900012730658113,0,0.00198850848619698,0.00249024308262275,0.00427845621480582,0.00333088215215563,0.000334454394445677,0,0,0.000685336943581689,0,0,0,0.00157215391839056,0,0.00589546242247935,0.00591771816137466,0.00485537531293468,0,0.00471276819517924,0.000738199790899284,0.000276924886185819,0.00159381357997557,0.0127906335698265,0.00431697407469065,2.69307492879606e-05,0
2020,2,25,0.000922197429517042,0.000934600585115448,0.000299656605263289,0.000238702637466876,0,0,0.000134855087117462,4.69234739314495e-05,0.000530119067164142,0.000984945557173593,0,0.00215583457000398,0.0025592101634667,0.00437028345932112,0.00347733538391994,0.000344954049960213,0,0,0.000710013076281731,0,0,0,0.00167079845145018,0,0.00600440106630291,0.00616974782257934,0.00493069727733639,0,0.00508937255646981,0.00078329174031701,0.000279447445279997,0.00162051493714207,0.0133309666676537,0.00465874991780113,3.28127352020383e-05,0
2020,3,1,0.00098273676263972,0.00103142409643408,0.000316909134404407,0.000273342550549517,0,0,0.000141601607880369,5.00129683369273e-05,0.000556540601671841,0.0010770659586834,0,0.00233184096868168,0.0026298049602132,0.00446166247864509,0.00362718828780089,0.000354336812219949,0,0,0.000735106214533252,0,0,0,0.00177449053365436,0,0.00611415959900688,0.00642512628277516,0.00500425007020092,0,0.00548832169591136,0.000830671991252972,0.000281887147502062,0.00164613434448108,0.0138641678416243,0.00500674903521796,3.9749839849573e-05,0
2020,3,6,0.00104457243722128,0.00113425483640107,0.000334391389481987,0.000313358410068174,0,0,0.000148202456256361,5.31872190733757e-05,0.000582716621262304,0.00117699467603249,0,0.00251643443762822,0.0027020452551589,0.00455248114401819,0.00378035782266888,0.000362169412115178,0,0,0.000760622168980569,0,0,0,0.00188333914834213,0,0.00622472732137086,0.00668349807894868,0.00507596992892021,0,0.0059097258447634,0.000880494989960636,0.000284242367242166,0.00167061451755486,0.0143876257272276,0.00536195147499016,4.79486866563019e-05,0
2020,3,11,0.00110768777245159,0.00124323602435254,0.000352126373473576,0.000359673752726526,0,0,0.000154652307155958,5.6451591370973e-05,0.000608608239446153,0.00128522382094689,0,0.00270948449070918,0.00277595828709688,0.00464258326630147,0.00393671088887774,0.000368037343072331,0,0,0.000786494020161653,0,0,0,0.00199756278254742,0,0.00633609148354959,0.00694428474895263,0.00514577326267884,0,0.00635367108705017,0.000932957826320437,0.000286510805007583,0.00169390028442556,0.0148987152735182,0.0057255934823044,5.77962196953198e-05,0
2020,3,16,0.00117206490729837,0.0013584547084791,0.000370140824387657,0.000413291229266751,0,0,0.000160960869550315,5.98125371951273e-05,0.000634257122207549,0.00140220210106652,0,0.0029107284533542,0.00285157971316881,0.00473200471900675,0.00409610051587246,0.000371624934958121,0,0,0.000812796354135902,0,0,0,0.00211715551073146,0,0.00644823701624229,0.00720703645895737,0.00521364291780383,0,0.00681993077711279,0.000988214859495356,0.000288691143303101,0.00171593874920606,0.0153949412316146,0.00610066888988407,6.94377940923009e-05,0
2020,3,21,0.00123768483113306,0.00147996389186179,0.000388428811884996,0.000475326913834518,0,0,0.000167135092513998,6.32773929620341e-05,0.000659738710642617,0.00152855745928548,0,0.00311972880492864,0.00292888078892296,0.00482048537967483,0.00425834095031973,0.000372768015942074,0,0,0.000839499213118921,0,0,0,0.00224221416898777,0,0.00656114625453365,0.00747111975689707,0.00527944741751757,0,0.00730787495696619,0.00104645413647973,0.000290782422948623,0.00173667945015818,0.015873760334805,0.00649004736002402,8.27631759535588e-05,0
2020,3,26,0.00130452741643704,0.00160783781344557,0.000406993062692913,0.000546946084863896,0,0,0.000173187668517255,6.6853214610622e-05,0.000685154191385912,0.00166467616837733,0,0.0033361722651589,0.00300790010090937,0.00490794940422276,0.00442328442410634,0.000371458467699761,0,0,0.000866592579675235,0,0,0,0.00237288046343755,0,0.00667479865581053,0.00773595876681534,0.00534323583320851,0,0.00781678513815282,0.00110789029454351,0.000292783519472074,0.00175607451223716,0.0163328071053998,0.00689722410428507,9.83959789668559e-05,0
2020,3,31,0.00137257145345203,0.00174207573383839,0.000425864259736649,0.000629383561053307,0,0,0.000179143166847177,7.05503010053725e-05,0.000710537017836393,0.00181115379715041,0,0.00355964316753747,0.00308862323402967,0.00499422301246097,0.00459078991664127,0.000367850070481026,0,0,0.000894144606120041,0,0,0,0.00250930721754925,0,0.00678917051328129,0.00800086695430666,0.00540491724345688,0,0.00834565286812021,0.00117272919758321,0.000294693484722283,0.00177407879397713,0.0167696825977575,0.0073256637624276,0.000116500530936315,0
2020,4,5,0.00144179468662901,0.00188269526051014,0.000445069366626903,0.000723844893357082,0,0,0.000185021945027052,7.43767643088042e-05,0.00073599613575974,0.00196837295364915,0,0.00378951137723787,0.00317106146141866,0.00507913179850133,0.00476060201600598,0.000362207018753595,0,0,0.000922112026013659,0,0,0,0.0026513939626596,0,0.00690423466674383,0.00826519452770942,0.00546451279026202,0,0.00889305904456558,0.00124120601517794,0.000296511513523872,0.00179065002859515,0.0171822181759974,0.00777871699685073,0.000137447954518586,0
2020,4,10,0.00151217385272104,0.00202970187459233,0.000464660310333616,0.000831499167373928,0,0,0.000190865494589309,7.83435276455582e-05,0.000761652896823789,0.00213680786443288,0,0.00402512200739629,0.00325522243927738,0.00516259703867799,0.00493256649235372,0.00035482289158637,0,0,0.000950502179301983,0,0,0,0.00279942798178933,0,0.0070199602123616,0.00852816792422614,0.00552194255718663,0,0.00945716630502165,0.00131354444881695,0.000298236954250165,0.00180574895916397,0.0175684563175893,0.0082589845073545,0.000161279195661197,0
2020,4,15,0.00158368472035665,0.00218302945038703,0.000484658561156685,0.000953435804092036,0,0,0.000196707454785984,8.24626715401672e-05,0.00078763825224118,0.00231695201308207,0,0.00426583071971793,0.00334107386265473,0.00524446174435529,0.00510637464192166,0.000345993731882825,0,0,0.000979437164200946,0,0,0,0.00295330535335657,0,0.00713631221331419,0.00878906301248738,0.00557723255319534,0,0.0100360217346215,0.00138998763105668,0.000299869310323255,0.00181933946766571,0.0179264408257225,0.00876867548451207,0.000188628711360045,0
2020,4,20,0.00165630213092268,0.00234263668436798,0.000505184053523007,0.00109063341396917,0,0,0.000202602671824821,8.67460666983063e-05,0.00081410527242293,0.00250926271162666,0,0.00451092656330851,0.00342864205060048,0.00532466976543043,0.00528189883898289,0.000335922948237589,0,0,0.00100879554198188,0,0,0,0.00311323261360939,0,0.00725325141328842,0.00904704956295599,0.00563035639951042,0,0.0106270675326071,0.00147075811607243,0.0003014082413154,0.0018313886976914,0.0182545637640475,0.00930796612361841,0.000219804436575103,0
2020,4,25,0.00173000004057823,0.00250839353039776,0.000526320581514731,0.00124377027886146,0,0,0.000208585537189628,9.12081668229557e-05,0.0008412175342318,0.00271401757319825,0,0.00475946966922394,0.00351787877168117,0.00540308746656548,0.00545883880592904,0.000324718821805784,0,0,0.00103868446879788,0,0,0,0.00327910083088366,0,0.00737073395486612,0.00930127274629566,0.00568134585416502,0,0.0112276141214007,0.00155610527682565,0.000302853563646685,0.00184186717049721,0.018551327660168,0.00987622754440055,0.000255292543373663,0
2020,4,30,0.00180475156321481,0.00268021531286807,0.000548221447013331,0.00141329162052874,0,0,0.000214735221072642,9.58619804601438e-05,0.000869182211370144,0.00293146615088564,0,0.00501062733849459,0.00360878285390299,0.00547946279575939,0.00563699889359253,0.000312404731618282,0,0,0.00106919320682908,0,0,0,0.00345103066842153,0,0.00748871110494504,0.00955086131654259,0.00573019188789459,0,0.0118345212703464,0.00164628237118706,0.000304205250875256,0.00185074889406802,0.0188156078010729,0.0104713484403163,0.000295526329866921,0
2020,5,5,0.00188052901417204,0.00285792314042797,0.000571061441529732,0.00159930792746338,0,0,0.000221098586094868,0.000100722975419234,0.000898170639399872,0.0031619421725309,0,0.00526357839105309,0.00370133996764045,0.00555369383005709,0.00581616459718925,0.000298931344250225,0,0,0.00110026726553199,0,0,0,0.00362908440355658,0,0.00760712898939825,0.00979498104243028,0.00577688202702392,0,0.0124444137565514,0.00174148693042345,0.000305463433577776,0.00185801146477537,0.0190463601713229,0.0110902297247876,0.000340605287721173,0
2020,5,10,0.00195730395451343,0.0030413538500727,0.000595064913963108,0.00180149708451705,0,0,0.000227758693978581,0.000105807372373712,0.000928442318371206,0.00340563702170738,0,0.0055170918790867,0.00379550901725122,0.00562568884686203,0.00599603631708542,0.000284256819469301,0,0,0.00113195951257337,0,0,0,0.00381313955353611,0,0.00772592833923335,0.0100326074815974,0.00582147665932683,0,0.0130535458797244,0.00184195927065776,0.000306628398819197,0.00186363616115227,0.0192429218730182,0.0117282301836718,0.000391258662378572,0
2020,5,15,0.00203504723566251,0.00323031385169435,0.000620479550800641,0.00201913334451663,0,0,0.000234772186854564,0.000111132042316054,0.00096021521827303,0.00366267095138847,0,0.00577028952583025,0.00389126554648274,0.00569530765450242,0.00617636910231999,0.000268385696656359,0,0,0.00116433444678841,0,0,0,0.00400335533050261,0,0.00784504425055557,0.0102629096225807,0.00586398833559531,0,0.0136580445771578,0.00194793152554082,0.000307700589212292,0.00186760802924296,0.0194047051312722,0.0123799762566101,0.000447873234071229,0
2020,5,20,0.00211372904419676,0.00342456200811382,0.000647677409419377,0.00225095801456824,0,0,0.000242212718092116,0.000116714646104396,0.000993733379607831,0.00393305434780952,0,0.006022172987382,0.00398858353519493,0.00576235931935171,0.00635693408658007,0.000251405457750913,0,0,0.00119746320793425,0,0,0,0.00419966021660432,0,0.00796440596066642,0.0104848860802187,0.0059044744579447,0,0.0142537473044408,0.00205958322676869,0.000308680601568819,0.00186991595892583,0.0195315846427321,0.0130393880467447,0.000511003372040164,0
2020,5,25,0.00219331894659414,0.00362384877573109,0.000677010025470245,0.00249527171574376,0,0,0.000250177558362131,0.000122574429099999,0.00102932359777219,0.00421666403750544,0,0.00627158632069577,0.00408743392068168,0.00582689028013589,0.00653740410965274,0.000233545814815126,0,0,0.00123143512773021,0,0,0,0.00440185882974662,0,0.00808393664264163,0.0106975545662528,0.00594296231115963,0,0.0148362923585644,0.0021770955029224,0.00030956918514558,0.00187055275055277,0.0196235853556953,0.0137003813984091,0.000581085578094227,0
2020,5,30,0.00227378593372639,0.00382781444578043,0.000708908637377687,0.00274984897649314,0,0,0.000258747334460565,0.00012872893910651,0.00106729284787941,0.00451342105135373,0,0.00651760107378207,0.00418772221968524,0.00588866996654505,0.00671753092240104,0.000215119533753823,0,0,0.0012662907105134,0,0,0,0.00461008849000676,0,0.0082035532207272,0.0108999671919949,0.00597951248306253,0,0.0154013201741973,0.00230062416310964,0.000310367239490009,0.00186951517120179,0.0196809906741512,0.0143562820525657,0.000658544547729765,0
2020,6,4,0.00235509846489247,0.00403617534098188,0.000743766380525684,0.00301203007566516,0,0,0.000268004093462076,0.000135198584456083,0.00110786296937386,0.00482313590573947,0,0.00675900768216823,0.00428942839423761,0.00594769469783638,0.00689710146676461,0.000196517468937827,0,0,0.00130208758710221,0,0,0,0.0048241726532464,0,0.00832316620887047,0.0110912232583221,0.00601417647120597,0,0.0159444128419436,0.0024302679845072,0.000311075811891316,0.00186680399980396,0.0197043670047599,0.0150020240956922,0.000744245127141669,0
2020,6,9,0.0024372245111869,0.00424853864099801,0.000782122705808198,0.00327880043445476,0,0,0.000278056176828626,0.000142004594589188,0.00115139857851192,0.00514539013365667,0,0.00699479126140407,0.00439248983727965,0.00600362979539184,0.00707581938056712,0.000178166774819436,0,0,0.00133898295472781,0,0,0,0.00504410453350451,0,0.00844267957466228,0.011270405164722,0.00604703579422283,0,0.0164611427509777,0.00256614431640933,0.000311696094444537,0.00186242489758038,0.019694457265767,0.015632863309492,0.000838277321423824,0
2020,6,14,0.00252013159799922,0.0044645454782124,0.00082450759466875,0.0035467583092054,0,0,0.000288971554826618,0.000149165846715965,0.00119820441138081,0.00547980699314498,0,0.00722392565998808,0.00449684878629756,0.00605656641732537,0.00725346832869897,0.000160466088185771,0,0,0.00137702056182043,0,0,0,0.0052697347842369,0,0.00856199063090752,0.0114365095000178,0.00607816416669605,0,0.0169472217933428,0.00270823638229911,0.000312229420736163,0.00185638525085267,0.0196522303408392,0.0162451971176768,0.0009416243994982,0
2020,6,19,0.00260378684644425,0.00468373673811942,0.000871423441276799,0.003812406432663,0,0,0.000300866629219957,0.000156704703431322,0.00124860456917817,0.0058258510925953,0,0.00744545593308244,0.00460243925663445,0.0061065756369752,0.00742974281366509,0.00014374735249752,0,0,0.00141634164412376,0,0,0,0.00550102901640288,0,0.00868098995696271,0.0115888017220955,0.00610763769506348,0,0.0173985044452644,0.00285655550453935,0.000312677262161305,0.00184869872085912,0.019578914940589,0.0168363782920257,0.0010543534737247,0
2020,6,24,0.00268815701352638,0.00490569847591482,0.000923447931447973,0.0040720147611275,0,0,0.000313799995155742,0.000164642067021378,0.00130297805023771,0.00618286612830728,0,0.0076584002890865,0.00470919023472862,0.00615347346962377,0.00760442027417663,0.000128249403249387,0,0,0.00145707267223076,0,0,0,0.00573784831446858,0,0.00879956135188143,0.0117263802734391,0.00613552031308108,0,0.0178110071918123,0.00301102151742739,0.000313041223883602,0.00183938234161052,0.0194758011210824,0.0174060040180264,0.00117752323554364,0
2020,6,29,0.00277320853084695,0.00512988258304486,0.000981062337544261,0.00432194350881741,0,0,0.000327891763591525,0.00017299894773113,0.00136168075718866,0.0065501734340558,0,0.00786194293358569,0.00481702572178438,0.00619712702227497,0.00777729759153058,0.000114134615817466,0,0,0.00149928000733155,0,0,0,0.00598003028227495,0,0.00891758182129114,0.0118485156617131,0.00616190769171756,0,0.0181811259019886,0.00317151097552243,0.000313323040450264,0.00182845719193064,0.0193444793090066,0.0179536969639895,0.00131129714340232,0
2020,7,4,0.00285890754166945,0.00535581085511339,0.00104475622797313,0.00455872664368269,0,0,0.000343211368031177,0.000181797791553851,0.00142511577421151,0.00692686246585521,0,0.00805527628290355,0.00492586479861489,0.00623770318897158,0.00794805147883348,0.000101465580553096,0,0,0.00154315182369864,0,0,0,0.0062273814134357,0,0.00903492159978769,0.0119545393692621,0.00618691019086595,0,0.0185056225876369,0.00333779442130221,0.00031352457107579,0.00181595026978536,0.0191865630231797,0.0184811603233811,0.0014569100097584,0
2020,7,9,0.00294521993616511,0.00558289984384972,0.00111499910656717,0.00477917363376843,0,0,0.000359862796704069,0.000191059484935003,0.00149366521150962,0.00731190067942434,0,0.00823761062522097,0.0050356217118328,0.00627512578213211,0.00811650942771243,9.02738592167298e-05,0,0,0.00158880787926938,0,0,0,0.00647979875483759,0,0.00915144421047786,0.0120438878231474,0.00621059405742352,0,0.0187816513216916,0.00350958438300344,0.000313647794609012,0.00180188905006338,0.0190037994130842,0.0189895898754708,0.00161423485977039,0
2020,7,14,0.00303211138466983,0.00581060669666619,0.00119217391630739,0.00498053974481302,0,0,0.000377932969562432,0.000200805156328663,0.00156768982548472,0.00770425058778155,0,0.00840840541270594,0.0051462059814404,0.00630939392125519,0.00828243065241783,8.05231863023405e-05,0,0,0.00163641825967161,0,0,0,0.00673713021434756,0,0.0092670065631246,0.0121159037718379,0.00623305449927758,0,0.0190068182576164,0.00368651662789901,0.00031369480419913,0.00178630653446183,0.0187980590389167,0.0194817271285849,0.00178419752301429,0
2020,7,19,0.00311954736879265,0.00603832839061733,0.00127666366637549,0.00516064095892001,0,0,0.000397478680239984,0.000211055454159751,0.00164755449001054,0.0081028570639536,0,0.00856711500398658,0.00525753007453339,0.00634047178857544,0.00844561459899268,7.22700953314823e-05,0,0,0.00168606579043635,0,0,0,0.00699893104920333,0,0.00938145909215668,0.0121702081526176,0.00625439962090416,0,0.0191791679300875,0.00386814776134162,0.000313667801677383,0.00176924133373242,0.0185712677544814,0.0199598188232087,0.00196758262763021,0
2020,7,24,0.00320749321022712,0.00626542685576071,0.00136866521177284,0.00531786737082264,0,0,0.000418613848705466,0.000221830390867755,0.00173357970233828,0.00850639115184126,0,0.00871321488037186,0.00536948036418076,0.00636848600168695,0.00860585571988405,6.55479939852973e-05,0,0,0.00173797420809793,0,0,0,0.00726521044895463,0,0.00949464593559316,0.0122064082514985,0.00627476147662368,0,0.0192974195619896,0.00405392628800383,0.000313569091671903,0.00175072881534907,0.0183253535257019,0.0204263488646646,0.00216475074778149,0
2020,7,29,0.00329591409712784,0.00649128169277243,0.00146840849223628,0.00545126518272482,0,0,0.000441375212920634,0.000233149833029819,0.00182623373962792,0.00891366350134252,0,0.00884647464392706,0.00548195972551116,0.00639358606870645,0.00876296341439483,6.04676768062912e-05,0,0,0.0017922658796576,0,0,0,0.00753562125234679,0,0.00960641431100998,0.0122242189174735,0.00629419286253788,0,0.0193606775535587,0.00424323522573401,0.000313401075474129,0.00173081770119407,0.0180623131257628,0.0208823545493168,0.00237649084722307,0
2020,8,3,0.00338477510792768,0.00671518452798738,0.00157588575729001,0.00556067579744658,0,0,0.000465863193972897,0.000245032492167194,0.00192587238757711,0.0093232186721759,0,0.00896671638331647,0.00559486116996226,0.00641594365609829,0.00891675599938476,5.71981697842593e-05,0,0,0.00184914211398888,0,0,0,0.00780985777774852,0,0.00971657936071478,0.0122234900590829,0.00631281489985168,0,0.0193687218440503,0.00443532807947992,0.000313166244675924,0.00170955259158101,0.017784118670322,0.0213293526036198,0.00260353765104043,0
2020,8,8,0.0034740412324842,0.00693649617248959,0.00169106737220926,0.00564657686039517,0,0,0.000492111241832736,0.00025749742659398,0.00203292703512485,0.00973368511388326,0,0.00907377960002572,0.00570807130930072,0.00643560185613236,0.00906706255838937,5.58896754250544e-05,0,0,0.00190879297744473,0,0,0,0.00808774103510073,0,0.00982497592623518,0.0122042553785304,0.00633070182312888,0,0.0193218734927872,0.00462939652525511,0.000312867174597206,0.00168698984189915,0.0174927173877413,0.0217672029444733,0.00284681425721429,0
2020,8,13,0.00356367739045839,0.00715455691815034,0.00181378303540338,0.00571021507407446,0,0,0.00052020410292803,0.000270558870317277,0.00214770160749749,0.0101435033932054,0,0.00916780134146398,0.00582147552532804,0.00645267990596255,0.00921372314118029,5.6742865549857e-05,0,0,0.00197135960063569,0,0,0,0.00836887700806425,0,0.00993143591432064,0.0121665786490096,0.00634798917639885,0,0.0192210873008833,0.00482453837146649,0.000312506517524518,0.00166317961314002,0.0171900125586991,0.0221957210745876,0.00310689305106672,0
2020,8,18,0.00365364844684406,0.00736863087880339,0.00194395114054339,0.00575345710671746,0,0,0.000550182237502982,0.000284232830025054,0.002270671615432,0.010551165244121,0,0.00924898142561722,0.00593495503408001,0.00646745863313696,0.0093565888549259,5.99308148785332e-05,0,0,0.00203704209315595,0,0,0,0.00865295762069738,0,0.0100357568896074,0.0121105749684274,0.00636477762654543,0,0.0190676086867945,0.00501975177765889,0.000312086995781477,0.0016381752188131,0.016877846298802,0.0226140213180067,0.00338462410119052,0
2020,8,23,0.00374391922458224,0.00757806624759339,0.00208112287602487,0.00577861034457413,0,0,0.000582102774698569,0.000298533118379763,0.00240212621800991,0.0109551074383644,0,0.009317501411274,0.00604838792214791,0.00648015346629323,0.00949552184709873,6.56459548568496e-05,0,0,0.00210596751926263,0,0,0,0.00893966730589046,0,0.0101378097169881,0.0120365839532416,0.0063811462842181,0,0.018863405651393,0.0052139737251553,0.00031161139465248,0.00161204355204413,0.0165580187248657,0.0230192146630255,0.00368038963978355,0
2020,8,28,0.00383445451421134,0.00778214474155338,0.00222507560201676,0.00578858165755292,0,0,0.000616019543842545,0.000313471701744434,0.00254235507951585,0.0113537712057582,0,0.00937371205737756,0.00616164942830606,0.00649101017363248,0.00963039518157208,7.39284975109073e-05,0,0,0.00217832063568432,0,0,0,0.00922859531638736,0,0.0102373222862808,0.0119450198557128,0.00639718984986405,0,0.0186108441933113,0.00540605461256934,0.000311082555181404,0.00158484130891955,0.0162321462129781,0.0234089532170035,0.00399556892516007,0
2020,9,2,0.00392521908052158,0.00798017786331048,0.00237546692494234,0.00578648795417873,0,0,0.00065193679533173,0.000329058677961158,0.00269176947820565,0.011745680788465,0,0.00941822543994368,0.00627461224011014,0.00650038024830544,0.00976109261064969,8.48883068500106e-05,0,0,0.00225433081942388,0,0,0,0.00951947751184377,0,0.010334159287575,0.0118364045247719,0.00641301612532108,0,0.0183127325913732,0.00559478345584922,0.000310503366867295,0.00155663694340557,0.0159018325058583,0.0237809753937482,0.00433054377929486,0
2020,9,7,0.00401617766619954,0.00817154603058394,0.00253200707560633,0.00577566433605149,0,0,0.000689915691663298,0.000345302104842325,0.00285059235563608,0.0121290854167727,0,0.00945168114651789,0.00638714680418086,0.00650849101084168,0.00988750824706159,9.85355389149432e-05,0,0,0.0023341200924886,0,0,0,0.00981177188409476,0,0.0104281116723228,0.0117113365464213,0.00642872421460207,0,0.0179721567833466,0.00577891500776994,0.000309876760279232,0.00152749537262592,0.0155685549692008,0.0241322591649949,0.0046861420150119,0
2020,9,12,0.0041072949924674,0.00835558568651018,0.00269417882642633,0.00575956201948467,0,0,0.000729959656983894,0.000362207831778223,0.0030192456755937,0.012502400016585,0,0.0094747060270388,0.00649912164879352,0.00651573091937474,0.0100095584226609,0.000114904886903515,0,0,0.00241787339233068,0,0,0,0.0101050735394884,0,0.0105189967908822,0.0115705771900272,0.00644438697927594,0,0.0175925892820453,0.0059571398048062,0.000309205699612658,0.00149748714539274,0.0152336493492016,0.0244597279198331,0.00506355325283959,0
2020,9,17,0.00419853937837385,0.00853164113374517,0.00286191021543232,0.00574159398867123,0,0,0.000772092329250879,0.00037977933582412,0.00319796003190228,0.0128642117728735,0,0.0094881770181403,0.00661040371730892,0.00652247791756765,0.0101271469590729,0.000134040978529023,0,0,0.00250574500198278,0,0,0,0.010398933205686,0,0.0106065557206684,0.0114149891789217,0.00646006369703536,0,0.0171777247379027,0.00612814709182022,0.000308493175209455,0.0014666831329425,0.014898356605126,0.024761693912245,0.00546317285195402,0
2020,9,22,0.00428986866084931,0.0086991183296034,0.0030348075917497,0.00572490033338012,0,0,0.000816329471978908,0.00039801756367323,0.00338704360807489,0.0132129846248412,0,0.00949290480369129,0.00672085871090476,0.00652919597845194,0.010240194496407,0.000156080436873495,0,0,0.00259786934295767,0,0,0,0.0106929216230159,0,0.0106906443136482,0.0112454304252815,0.00647583369163985,0,0.0167314912736356,0.00629061329652002,0.000307742543663177,0.00143514777407782,0.0145637886098914,0.0250360736959861,0.00588584098200138,0
2020,9,27,0.00438125072412964,0.00885744258632114,0.00321285445226171,0.00571242241529877,0,0,0.000862696788903198,0.000416921003700449,0.00358668105126014,0.0135473161859544,0,0.00948989381503114,0.00683035143900126,0.00653627585253695,0.0103486226494248,0.000181268814011746,0,0,0.00269432476959491,0,0,0,0.0109864885509327,0,0.0107710004258596,0.0110629255503281,0.00649175911766152,0,0.016257934558476,0.00644322593376569,0.000306956472161679,0.00140295358477962,0.0142309355535737,0.0252812267734473,0.00633226559759892,0
2020,10,2,0.00447265015527459,0.00900613422632639,0.00339596073001439,0.00570666722017788,0,0,0.000911211270248297,0.000436484694441744,0.00379714557177095,0.0138657385311692,0,0.00948014166172012,0.00693874617571954,0.00654420734648025,0.0104523910214467,0.000210043188816511,0,0,0.00279534559007445,0,0,0,0.011279126919786,0,0.0108474352391613,0.0108685844054997,0.00650788974970477,0,0.01576112204585,0.0065847017242111,0.000306137712808626,0.00137018323911573,0.0139006503271805,0.0254959984516307,0.00680315950488254,0
2020,10,7,0.00456403630533502,0.00914469421568369,0.00358410193132786,0.00570985066998149,0,0,0.000961857840682948,0.00045670131248183,0.00401859693342953,0.0141671964125236,0,0.00946466369727803,0.00704590702066764,0.00655347767540627,0.0105514472320474,0.000243083877467733,0,0,0.00290096155939,0,0,0,0.0115703219738437,0,0.0109197924952314,0.0106634897717973,0.00652429414625936,0,0.0152452057062639,0.0067138051489694,0.000305289827170863,0.00133690075345198,0.0135737237358372,0.025680473040259,0.00729914570871247,0
2020,10,12,0.00465536450795149,0.00927266848078844,0.00377729189314723,0.00572355141595561,0,0,0.00101464049909245,0.000477560272425515,0.00425123333439343,0.0144502835973081,0,0.00944459375931002,0.00715169826231702,0.00656463900261491,0.0106457065756255,0.000281222402643175,0,0,0.00301122595876782,0,0,0,0.0118594145210969,0,0.0109878783293893,0.0104488222509217,0.00654099436802242,0,0.0147142128304092,0.00682936706322517,0.000304415332664312,0.00130318553524849,0.013250756848174,0.0258349582782362,0.00782057835314036,0
2020,10,17,0.00474660882849828,0.00938967724890019,0.0039755848093833,0.00574898301182032,0,0,0.00106957499651281,0.000499047807715033,0.00449522044684779,0.0147138810570065,0,0.00942100650190856,0.00725598474221246,0.00657822336758203,0.0107351472400105,0.000325665768050074,0,0,0.003126249490353,0,0,0,0.0121458324730707,0,0.011051489062216,0.0102258032325018,0.00655804324747292,0,0.0141721644776616,0.00693030297230327,0.000303517456573915,0.00126910593347354,0.0129323227926545,0.025960822809338,0.00836788015096454,0
2020,10,22,0.00483772873280517,0.00949542349652684,0.00417908432100265,0.00578672603636532,0,0,0.0011266616402995,0.000521146878478289,0.00475062464441533,0.0149572007444235,0,0.00939503720693332,0.00735863221825077,0.00659479605797973,0.0108197275563457,0.000377740525375502,0,0,0.00324607945807205,0,0,0,0.0124290042581841,0,0.011110397487829,0.0099956973896072,0.0065754276986003,0,0.0136229347011042,0.00701563056516164,0.000302599165110807,0.00123474245228754,0.012618832337973,0.0260599045749355,0.00894129300739134,0
2020,10,27,0.00492868745137164,0.009589551970397,0.00438773893559605,0.00583692313578219,0,0,0.00118590564483507,0.000543837095335603,0.00501751400860507,0.0151791970623432,0,0.00936780797265708,0.00745950772526839,0.00661494872748461,0.0108994118077862,0.000438973067924469,0,0,0.00337070881635855,0,0,0,0.012708267509211,0,0.0111644281083523,0.00975979940258132,0.00659320011664478,0,0.0130702379277264,0.00708448610331451,0.000301663684299687,0.0012001670274986,0.0123106256278123,0.0261355789617968,0.00954087486874818,0
2020,11,1,0.005019445363282,0.00967190464850767,0.00460149777498018,0.00589919388836687,0,0,0.00124730858004543,0.000567094660469246,0.00529596208372818,0.0153791284795773,0,0.00934040082756237,0.00755847993119557,0.00663927142494204,0.0109741659613508,0.000511013135663221,0,0,0.00350012261588022,0,0,0,0.0129829131319223,0,0.0112133957448992,0.00951940171848751,0.00661140077612699,0,0.0125175644252659,0.00713613927811984,0.000300713352429715,0.00116544814767382,0.0120079574968138,0.0261917306022149,0.0101666173031528,0
2020,11,6,0.00510997022925172,0.00974238443944827,0.00482027361816697,0.0059727802202247,0,0,0.00131087761003643,0.000590892327180418,0.00558592215223714,0.0155562933909656,0,0.00931388994416614,0.0076554269856948,0.00666839104718077,0.0110439576623065,0.000595393088579334,0,0,0.00363433467524052,0,0,0,0.0132522524162123,0,0.0112571278477898,0.00927576857426184,0.00663000324780726,0,0.0119681822402503,0.0071700061760613,0.000299751285130088,0.00113065832656815,0.0117110056381704,0.0262334365311019,0.0108182049418006,0
2020,11,11,0.00520023126055674,0.00980074889569313,0.00504397083518697,0.00605642778888561,0,0,0.00137661726969968,0.000615200213291536,0.00588735761725762,0.0157103525230313,0,0.00928926084283167,0.00775020785016668,0.00670287759417625,0.0111087554462343,0.000693481346752812,0,0,0.00377326875436705,0,0,0,0.0135156206702155,0,0.0112954756759368,0.00903014002895662,0.00664895062626644,0,0.0114251228397338,0.00718566020009808,0.000298780619429712,0.00109586490629502,0.0114198789231169,0.0262661123727877,0.0114949979355784,0
2020,11,16,0.00529018698849277,0.00984711919717531,0.00527228906103035,0.00614867828132021,0,0,0.00144454775808749,0.000639983379698074,0.00620017422071149,0.0158410587193722,0,0.00926751070129826,0.00784270479515403,0.00674332701159031,0.0111685279992909,0.000806243930250315,0,0,0.00391683963701004,0,0,0,0.0137722422326541,0,0.0113282670283217,0.00878379027285892,0.00666827887041891,0,0.0108911179221634,0.00718283970984487,0.000297803770112218,0.0010611364145261,0.011134625708997,0.0262961605772226,0.012196282244955,0
2020,11,21,0.00537980675730558,0.00988149154440691,0.00550481406050391,0.00624760228377559,0,0,0.00151467277504539,0.000665203493115966,0.00652419740635125,0.0159479258778526,0,0.00924952812908725,0.00793280228582724,0.00679040511795128,0.0112232434784271,0.00093403638316437,0,0,0.00406491932268438,0,0,0,0.0140213863012468,0,0.0113553424704216,0.00853794074443913,0.00668792355723126,0,0.0103686556241882,0.00716144773516695,0.000296823102466723,0.00102654240294633,0.0108552419914535,0.0263311082652737,0.0129209759367026,0
2020,11,26,0.00546904647422231,0.00990394842182495,0.00574129287022383,0.00635125174004886,0,0,0.00158701347012296,0.000690822118985444,0.00685929310623521,0.0160310387964651,0,0.00923616468390207,0.00802037134211361,0.00684463805907294,0.0112728689026065,0.00107646718054728,0,0,0.0042173827915088,0,0,0,0.0142622771938535,0,0.0113765669002369,0.00829375755379212,0.00670786780879517,0,0.00985994638781945,0.00712158246424662,0.000295841851833526,0.000992145759414498,0.0105816792764314,0.026377526380955,0.0136679411721765,0
2020,12,1,0.00555785816211167,0.00991474710103936,0.00598132082274809,0.00645741331576624,0,0,0.00166158533353891,0.000716792124039143,0.00720515261941456,0.0160905008432891,0,0.0092281558119911,0.00810530262528037,0.00690661884192297,0.011317369625201,0.0012321042424098,0,0,0.00437405808201373,0,0,0,0.014494184007115,0,0.0113918073108768,0.00805234695277852,0.00672814998034826,0,0.00936687979250262,0.00706349204829081,0.000294862267325765,0.00095800877550485,0.0103138310993847,0.0264420914112032,0.0144355358354881,0
2020,12,6,0.00564621415737162,0.00991404559335311,0.006224559887534,0.00656390504710515,0,0,0.00173840701380577,0.000743066106751716,0.00756143845961371,0.0161266193238084,0,0.00922619115784304,0.00818748551698802,0.00697683131537914,0.0113567088967126,0.00139848296887144,0,0,0.00453469388995155,0,0,0,0.0147163181337015,0,0.011400941389932,0.0078147993374373,0.00674857575835974,0,0.00889104646454718,0.00698759728963514,0.000293886775373914,0.000924191564680134,0.0100516110590369,0.0265313669163864,0.015221701272936,0
2020,12,11,0.00573408254400519,0.0099021898172761,0.00647076132871709,0.00666851114752222,0,0,0.00181749816942184,0.00076959496891943,0.00792781141538532,0.0161398629029135,0,0.00923084722485999,0.00826681353063578,0.00705587934702448,0.0113908475258108,0.00157200026123026,0,0,0.00469912151324112,0,0,0,0.0149279166714148,0,0.0114038582866227,0.00758206343107502,0.00676913830596988,0,0.0084338840665987,0.00689450298642859,0.000292918066388047,0.000890751777931113,0.00979487438614131,0.0266494894490549,0.0160244567455569,0
2020,12,16,0.00582141884496245,0.00987956355129952,0.00671983396712133,0.00676903401236462,0,0,0.00189887996212404,0.00079632626238951,0.00830382555843853,0.0161306937863707,0,0.00924256946971845,0.00834320386650277,0.0071441397638705,0.0114197436453806,0.00174803727394546,0,0,0.00486700186196601,0,0,0,0.0151282175921752,0,0.011400459223851,0.00735509704660902,0.00678977966633202,0,0.00799639906648415,0.00678494062626988,0.000291957428152599,0.000857743163544475,0.00954346242655255,0.0267994896471087,0.0168413048416901,0
2020,12,21,0.0059081910163018,0.00984655744369329,0.00697187590439222,0.0068635167395652,0,0,0.00198259145108648,0.0008231994567184,0.00868895327720712,0.0160996980228618,0,0.00926176435238489,0.00841652289444084,0.00724200562201362,0.0114433408706311,0.00192109281453334,0,0,0.00503809690064058,0,0,0,0.0153164694948986,0,0.011390658129266,0.00713478833223811,0.00681043881730596,0,0.00757943280041752,0.00665981598443448,0.000291008024185778,0.000825221670664149,0.00929722801745416,0.026981461266495,0.0176694396463826,0
2020,12,26,0.00599434567174515,0.00980372238417662,0.00722703744935021,0.00695002514647299,0,0,0.00206865361693236,0.000850156440737069,0.0090825421289591,0.0160477817237027,0,0.00928869458725539,0.00848670476467394,0.00734990599616126,0.0114616170298417,0.00208514820600637,0,0,0.00521204282830341,0,0,0,0.0154919371026761,0,0.0113743822118257,0.00692193146122718,0.0068311008775093,0,0.00718352822074791,0.00652014052195571,0.000290071990233416,0.000793235254476887,0.00905595102106474,0.02719326320405,0.0185058538835059,0
2020,12,31,0.00607985658338199,0.00975157515984517,0.0074857804090425,0.00702707164794165,0,0,0.00215707638801681,0.000877137298773537,0.0094839953013811,0.0159760962327298,0,0.00932353890312008,0.00855364918688674,0.00746808961252923,0.0114745453407508,0.00223397499200488,0,0,0.00538849723297076,0,0,0,0.0156539118789467,0,0.0113515724913179,0.00671716962330094,0.00685160699783633,0,0.0068091490467247,0.00636703674675817,0.00028915050497601,0.000761832648995599,0.00881949563842695,0.0274294907333221,0.0193473140591264,0
2021,1,5,0.0061646981439257,0.00969068523433863,0.00774878578601156,0.00709332580985794,0,0,0.00224787792191318,0.00090407947361448,0.00989253604750799,0.0158855976834235,0,0.00936636632239364,0.00861727197293049,0.00759682583776011,0.0114820055943509,0.00236162397632788,0,0,0.00556711520152122,0,0,0,0.0158016838504182,0,0.0113221842772502,0.00652111819430906,0.00687183104326294,0,0.00645631029310642,0.00620175827110968,0.000288245536713976,0.000731053015028118,0.00858761580526,0.0276822820028045,0.0201900865156805,0
2021,1,10,0.00624878089760492,0.00962176691591268,0.00801676082092541,0.00714780312192968,0,0,0.00234107167825472,0.000930915195100256,0.0103073269184865,0.0157775803128055,0,0.00941714336434756,0.00867750088693055,0.0077362326739658,0.0114839745551162,0.00246281970359378,0,0,0.00574740971118194,0,0,0,0.0159346392703657,0,0.0112861875937796,0.00633425393822776,0.00689171133194265,0,0.00612497689296839,0.00602561259631304,0.000287359118678796,0.000700938914993744,0.00836017044783569,0.0279406915014782,0.0210305612013406,0
2021,1,15,0.00633209613999455,0.00954535368509155,0.00829048437787624,0.00718957594978292,0,0,0.00243664831509869,0.000957574130545806,0.0107275014588448,0.0156534468905291,0,0.00947573611934555,0.00873426426915507,0.00788632628287422,0.0114803959602934,0.00253335157128123,0,0,0.00592898273079682,0,0,0,0.0160521460660307,0,0.0112435675476453,0.0061571095944012,0.00691122267873183,0,0.00581493628986024,0.00583994890755563,0.000286493637320616,0.000671531744984164,0.00813706358518937,0.0281915631520087,0.0218646281332286,0
2021,1,20,0.00641458849799707,0.00946234173199887,0.00857093026906101,0.00721845537188339,0,0,0.00253461397171419,0.00098399339156468,0.0111520293948723,0.015514521428888,0,0.00954191325333162,0.00878749602234749,0.008047075706211,0.0114712331627567,0.00257040489381941,0,0,0.00611145457176868,0,0,0,0.0161536368835473,0,0.0111943246363838,0.00598996108519116,0.0069301529816677,0,0.00552579650819816,0.0056462008772839,0.000285649939874771,0.000642867133065019,0.00791806006034446,0.0284208429644499,0.0226882494549762,0
2021,1,25,0.00649622818897461,0.00937340878481241,0.00885892687802212,0.00723422944920699,0,0,0.00263494945352019,0.00101010365641869,0.0115799065446277,0.0153624695556813,0,0.00961534986421883,0.00883714520037942,0.00821835902854148,0.011456390830944,0.0025726925309316,0,0,0.00629432186941056,0,0,0,0.0162385950884321,0,0.0111384749944381,0.00583301929375796,0.00694853922778058,0,0.00525686572868499,0.00544579783760825,0.000284829425918089,0.000614975555015092,0.00770298730131318,0.0286126301714051,0.0234971293358819,0
2021,1,30,0.00657695758000397,0.00927926843878411,0.0091550023365795,0.00723715378375501,0,0,0.00273760240811912,0.00103582904617299,0.0120099660639095,0.0151989078964255,0,0.00969563210645734,0.00888315821161528,0.00839998849268595,0.0114358289963331,0.00254058151366175,0,0,0.00647701474913266,0,0,0,0.0163065788809725,0,0.0110760505751363,0.00568651070921261,0.00696614291057247,0,0.00500766032745628,0.00524015951532275,0.000284033032509244,0.000587884783432677,0.007491722763299,0.0287506633679761,0.0242870070008584,0
2021,2,4,0.00665674732995082,0.00918084477955354,0.00945966979547655,0.00722749685634067,0,0,0.00284254678892581,0.00106109668452684,0.0124410325296663,0.0150255783623857,0,0.00978226249656391,0.0089254590810749,0.00859164452411332,0.0114094914839704,0.002475987861805,0,0,0.00665909350010324,0,0,0,0.0163571792978629,0,0.0110070992668813,0.00555053608019803,0.00698292952293659,0,0.00477722936989633,0.00503070876908899,0.000283262662556088,0.000561633967298053,0.00728409337795243,0.0288204662568101,0.0250535665354363,0
2021,2,9,0.00673553782942348,0.00907886153876477,0.00977263277665936,0.00720610546783485,0,0,0.00294969546331164,0.00108584081148292,0.0128718040937743,0.0148442613279309,0,0.00987466581066409,0.00896404205709433,0.0087928289941466,0.0113773358257072,0.00238220622705355,0,0,0.00684008000958699,0,0,0,0.0163900167059322,0,0.0109316849422866,0.00542500803410711,0.00699874625284851,0,0.0045647549315865,0.00481880127981216,0.000282518994750747,0.000536240046146561,0.00708006078400708,0.0288080603316549,0.025792551554762,0
2021,2,14,0.0068132904878449,0.00897417709033678,0.0100934925117192,0.00717375922866232,0,0,0.00305894865285105,0.00110998839650245,0.0133009221972593,0.014656647846247,0,0.00997219548499041,0.00899883781274431,0.00900307646846766,0.011339302216983,0.00226369800069672,0,0,0.00701942096471925,0,0,0,0.016404884349046,0,0.0108498874393885,0.00530984165669851,0.00701362308826523,0,0.00436930149383688,0.00460575745878417,0.000281802607750936,0.000511716518497822,0.00687938864768712,0.0287016267206564,0.0264997222824462,0
2021,2,19,0.00688995913971283,0.00886764151413648,0.0104210290055063,0.0071314367366535,0,0,0.00317018855406185,0.00113346934817784,0.013727016043408,0.0144647881744842,0,0.010074140431624,0.00902982050553807,0.00922167096835062,0.011295340793837,0.0021256705373827,0,0,0.00719664459650671,0,0,0,0.0164015671298677,0,0.0107618024744732,0.00520488513505997,0.00702730071844103,0,0.00418966981857797,0.00439285221315137,0.000281114990846804,0.000488091936820638,0.00668210893801828,0.0284924069696738,0.0271711129733221,0
2021,2,24,0.00696549654189477,0.00876010802838254,0.0107536617383478,0.00708018312054001,0,0,0.00328327674091765,0.00115621545815622,0.0141485646727161,0.0142703727114995,0,0.010179732184368,0.00905697023442812,0.00944787593698747,0.0112454082671679,0.00197382025953268,0,0,0.00737120221134361,0,0,0,0.0163799469341456,0,0.0106675414864667,0.00510984320651788,0.00703978652695861,0,0.00402506252370058,0.00418126380940368,0.00028045580836738,0.000465375093908782,0.0064880578318897,0.0281735538453258,0.0278028550970828,0
2021,3,1,0.00703986417886431,0.00865241301944762,0.0110889570985942,0.00702111566898905,0,0,0.00339804009793899,0.00117815500878828,0.0145641465301278,0.014075300183038,0,0.0102881522932947,0.00908026684935213,0.00968080983956997,0.0111894730832335,0.001813892112048,0,0,0.00754258659921881,0,0,0,0.0163399823054361,0,0.0105672314132504,0.00502447865208356,0.00705095480853597,0,0.00387415225085862,0.00397207058972188,0.000279827362112948,0.000443588656910985,0.0062971051522028,0.0277427179260767,0.0283912729953993,0
2021,3,6,0.00711302296864733,0.00854546644415762,0.0114239208438665,0.0069553355810848,0,0,0.00351425309807735,0.00119922654940267,0.0149721164725672,0.0138814455959565,0,0.0103985398909944,0.00909970427410369,0.0099195301666218,0.0111275079252656,0.00165137124669704,0,0,0.00771032734099036,0,0,0,0.0162817095626369,0,0.0104610144006749,0.00494833428284395,0.00706072866553922,0,0.00373600872857462,0.00376628527615382,0.00027922825272172,0.000422736857072964,0.0061093608487423,0.0271997669580065,0.0289329439175939,0
2021,3,11,0.0071848848585626,0.00844004567363789,0.0117550775608244,0.00688399623660132,0,0,0.00363169593199052,0.00121936748782927,0.0153709594305912,0.0136906955715769,0,0.0105099993586647,0.00911525768386208,0.0101629349835977,0.0110595021728691,0.00149123066040443,0,0,0.00787389850825721,0,0,0,0.0162052261617265,0,0.0103490474454485,0.00488093821838656,0.00706905454900922,0,0.00360936177815202,0.00356478064340344,0.000278659250737409,0.000402834600483601,0.00592462535435443,0.0265481702095118,0.0294250008754902,0
2021,3,16,0.00725541638369362,0.00833687594370747,0.0120784646102538,0.00680832351060549,0,0,0.00375008066578554,0.00123850775480454,0.0157590283298403,0.0135045804557934,0,0.0106216080256991,0.00912694108444523,0.0104098566576953,0.0109854204411299,0.00133765182445759,0,0,0.00803282608914123,0,0,0,0.0161107623707093,0,0.0102315019734787,0.00482183348300326,0.00707580228825546,0,0.0034931876241306,0.00336836356958718,0.000278120806230333,0.00038388921984609,0.00574288075580543,0.0257936964597341,0.0298647123226257,0
2021,3,21,0.00732458971456405,0.0082367695760243,0.0123896319467958,0.00672933834312841,0,0,0.00386910699476816,0.00125659276349974,0.0161346661068323,0.0133250249344219,0,0.010732423842173,0.0091347574978512,0.0106591619386845,0.0109052972446119,0.00119394972289186,0,0,0.00818667605659838,0,0,0,0.0159985648071943,0,0.010108563355626,0.00477044207816861,0.00708091875006533,0,0.00338634767515237,0.00317771240056865,0.000277613317978774,0.000365889939775372,0.00556409174064304,0.024944779643209,0.0302498895209212,0
2021,3,26,0.00739232581869987,0.00814056275824245,0.0126841085801375,0.0066480322050191,0,0,0.00398843036013104,0.00127356799910959,0.0164963301526865,0.0131537482769054,0,0.0108414929693986,0.0091387167441098,0.0109094249608088,0.010819132054725,0.00106243081939711,0,0,0.0083349798454578,0,0,0,0.0158689776675504,0,0.00998041882943606,0.00472614865212068,0.00708437111115979,0,0.00328762793189623,0.00299338295828787,0.000277136095752788,0.000348854903826329,0.00538800205271151,0.0240128338515384,0.030578613019142,0
2021,3,31,0.00745860443310479,0.00804890638082458,0.0129575737669997,0.00656534751768696,0,0,0.00410768968351587,0.00128938133408712,0.0168423444583677,0.0129921324045595,0,0.0109478572393757,0.00913882052654303,0.0111592405452294,0.0107269634942859,0.000944522335113462,0,0,0.00847733549007052,0,0,0,0.015722416773555,0,0.00984729323697415,0.00468832527109751,0.00708609170185402,0,0.00319602245539889,0.00281586636042007,0.000276690019676745,0.000332782278033517,0.00521485327914207,0.0230100683091379,0.0308495813267982,0
2021,4,5,0.00752335092357981,0.00796257876153526,0.0132056552680306,0.00648213352290365,0,0,0.00422645736722807,0.00130397765409414,0.0171711229440834,0.0128417441412916,0,0.0110505614393637,0.00913507631963025,0.0114072250439073,0.0106288035193575,0.000840815052581181,0,0,0.00861335522781642,0,0,0,0.0155593669009907,0,0.00970942081987113,0.00465629384981798,0.00708607990570123,0,0.00311084324426249,0.00264547845517917,0.000276274493779188,0.000317671669871646,0.00504449770086062,0.021950520601746,0.0310617492258524,0
2021,4,10,0.00758651585202274,0.00788221339502292,0.0134244769060397,0.00639912024009328,0,0,0.00434431043088326,0.00131731688870275,0.0174811413495545,0.012703957741715,0,0.0111486603828365,0.00912753619125922,0.0116517942385758,0.010524737714779,0.00075125567533754,0,0,0.00874267077184533,0,0,0,0.0153803443994796,0,0.00956702418346646,0.00462925560757107,0.00708422242325231,0,0.0030308291221942,0.00248251873487997,0.000275888027016034,0.000303506864125503,0.00487715569287161,0.020849531879661,0.0312146380570238,0
2021,4,15,0.00764805423788326,0.00780837067105382,0.0136106291622367,0.00631706626328331,0,0,0.00446077362615403,0.00132935850431775,0.0177708523408951,0.0125799814978936,0,0.0112412257326745,0.0091161868859025,0.0118914727130288,0.0104148108696668,0.000675253899745269,0,0,0.00886497650061103,0,0,0,0.015186017401629,0,0.00942033839917708,0.00460659414843964,0.00708053621900495,0,0.00295525653895408,0.00232716236944908,0.000275530800934161,0.000290289768633663,0.00471250741374696,0.0197221633462091,0.0313081642774495,0
2021,4,20,0.0077079223583856,0.00774162434250959,0.0137616159699067,0.00623660907935274,0,0,0.00457535716827034,0.00134007061290923,0.0180388222750357,0.0124709341993195,0,0.0113273525465434,0.00910105998466443,0.0121248098709811,0.0102991485799987,0.000611920725880979,0,0,0.0089799673364781,0,0,0,0.0149770473999891,0,0.00926964200597426,0.00458766963911963,0.00707499509899852,0,0.0028833276314371,0.00217949480718479,0.000275201881941144,0.000278016378913253,0.00455063490258621,0.018583737930148,0.0313426626656777,0
2021,4,25,0.00776605416365572,0.00768243648091206,0.0138755369987392,0.00615829931426086,0,0,0.00468752083562814,0.00134942283885778,0.0182836757488386,0.0123778325770598,0,0.0114061655179798,0.00908222718148961,0.0123501760010248,0.010177865606159,0.000560143371528765,0,0,0.00908738525666397,0,0,0,0.0147540969992445,0,0.00911517637259098,0.00457167304160849,0.00706751191451503,0,0.00281414830894134,0.0020395151761138,0.000274901515981013,0.00026668693045483,0.00439171986044922,0.0174489554028767,0.0313188642841568,0
2021,4,30,0.00782240514862374,0.00763160244495813,0.0139516008765167,0.0060825947210156,0,0,0.00479675029090706,0.00135738513328462,0.0185041135083734,0.012301544209512,0,0.0114768248897497,0.00905970112078432,0.0125660123532534,0.0100510013794778,0.000518817737361008,0,0,0.00918699852827502,0,0,0,0.014518006364889,0,0.00895723820581203,0.00455786207077586,0.00705816052160224,0,0.00274707248168726,0.00190719322415867,0.000274627624477727,0.000256284799469328,0.00423552359138248,0.0163316203098394,0.0312378982999733,0
2021,5,5,0.00787692384525129,0.00758929443171652,0.0139898131472604,0.00600997072212643,0,0,0.00490248274446277,0.00136392830999621,0.0186988826613948,0.0122427368355012,0,0.0115385320185846,0.00903355403148134,0.0127709467732169,0.00991873473701676,0.000486738654537016,0,0,0.00927863555348032,0,0,0,0.0142695022763804,0,0.0087960837966946,0.00454555569522329,0.00704690960413357,0,0.00268157667228804,0.0017824201740503,0.000274379893488919,0.000246800657903947,0.00408210191939116,0.0152442057722279,0.0311011238088989,0
2021,5,10,0.007929559052544,0.00755592812478333,0.0139909933298126,0.00594077792356946,0,0,0.00500414426247279,0.00136904503719108,0.0188669057262092,0.0122019563266046,0,0.0115905228124835,0.00900378600439558,0.012963417024246,0.0097812459226867,0.000462811597250424,0,0,0.00936215065060361,0,0,0,0.0140094763652876,0,0.00863202347358462,0.0045339819887823,0.00703382729392324,0,0.00261707926841175,0.00166506081791276,0.000274157642374906,0.000238219934963898,0.00393150911654893,0.0141970144153763,0.0309103602425741,0
2021,5,15,0.00798025981049319,0.00753163946715802,0.0139570236959027,0.0058751447049459,0,0,0.00510114960523739,0.00137272355756085,0.0190072070855831,0.0121796316997121,0,0.0116321218255531,0.0089704745516296,0.0131420298191167,0.00963866760420719,0.000445904698611286,0,0,0.00943744641415978,0,0,0,0.0137387919729442,0,0.00846532552778873,0.00452257691926976,0.00701894431534199,0,0.00255301813335771,0.00155486267237728,0.000273959140742192,0.000230527426362758,0.0037838721416486,0.0131988965427279,0.0306675613211755,0
2021,5,20,0.00802897553111817,0.00751712925417294,0.0138901109952896,0.00581302319797532,0,0,0.00519294626351478,0.00137495703598686,0.0191188822670456,0.0121760247674321,0,0.0116626689770844,0.00893371573801823,0.0133054251557262,0.00949117984341119,0.000434937604359556,0,0,0.00950444253750686,0,0,0,0.0134582788834746,0,0.00829630946128608,0.00451077466886425,0.00700222095310289,0,0.00248922501670442,0.00145166889889581,0.0002737842197462,0.000223700503464493,0.00363889563320229,0.0122556205762317,0.0303749384982971,0
2021,5,25,0.00807565610431215,0.00751233744866559,0.0137934563495284,0.0057545014820474,0,0,0.00527894978317364,0.00137574992676564,0.0192012362398213,0.0121912085548275,0,0.0116815781980205,0.00889350969278733,0.0134524684495742,0.00933903318052934,0.00042875085858811,0,0,0.00956310882435097,0,0,0,0.0131688650068424,0,0.00812526268564938,0.00449795995565562,0.00698377682804573,0,0.00242493117164994,0.00135516066241654,0.000273630935200041,0.000217742070320702,0.00349683239504777,0.0113714213805601,0.0300348516270304,0
2021,5,30,0.0081202520079592,0.00751750267101889,0.0136702548715999,0.0056992707262039,0,0,0.00535859421768666,0.00137510519866376,0.0192536546527189,0.0122250949400547,0,0.011688326509668,0.00884994600537975,0.0135819737106584,0.00918243921143635,0.000426335510034115,0,0,0.00961345239067703,0,0,0,0.0128715160970988,0,0.00795248741604926,0.00448342087045856,0.00696366140755869,0,0.00236023269441216,0.00126511636167094,0.000273497280008964,0.000212616694553611,0.00335763116013462,0.0105473186684579,0.0296498908929516,0
2021,6,4,0.00816271442201374,0.00753260103452358,0.0135239881660651,0.00564686343611167,0,0,0.00543134536745186,0.00137303203445501,0.0192756517106169,0.0122775252170765,0,0.0116824571512664,0.0088030565910633,0.0136928282097258,0.00902158024801704,0.000426621153672097,0,0,0.00965550630715426,0,0,0,0.0125671246530157,0,0.00777827614371927,0.00446675267198832,0.00694190682986478,0,0.0022948911697809,0.00118121531017641,0.000273382555236221,0.000208333434790932,0.00322125054059235,0.00978332649867819,0.0292226143585821,0
2021,6,9,0.00820299534620796,0.00755785821781742,0.0133585921509283,0.00559676809597581,0,0,0.00549667479761232,0.00136954654647767,0.019266998618379,0.0123481490990688,0,0.0116635822530853,0.00875291936423344,0.0137842499218634,0.00885676314776645,0.000428701078630849,0,0,0.00968936021181504,0,0,0,0.0122565509844982,0,0.00760295661754417,0.00444750035350939,0.00691866991214157,0,0.00222864435334559,0.00110317035827851,0.000273285102377198,0.000204850277827249,0.0030877551295493,0.00907706436600625,0.0287557112252034,0
2021,6,14,0.00824104772102682,0.00759323330754496,0.0131772980414568,0.00554814461167218,0,0,0.00555408273222435,0.00136466990912287,0.0192275463687685,0.0124363013670268,0,0.0116313254049273,0.00869961044635932,0.0138552972721147,0.0086882450215871,0.000431749406267522,0,0,0.00971513632501937,0,0,0,0.0119407320019916,0,0.00742681983219371,0.00442525947997246,0.00689392848658159,0,0.00216134015712891,0.00103069399293393,0.000273203450607984,0.000202143112812345,0.00295720702218496,0.00842479977949002,0.0282520186616188,0
2021,6,19,0.00827682555156678,0.00763851724968661,0.0129832353662439,0.00550005198616001,0,0,0.00560312140702454,0.001358427799838,0.0191572890977784,0.0125415184004353,0,0.0115855603324631,0.00864320424005044,0.0139055561853177,0.00851627222634097,0.000435099548015874,0,0,0.00973296411897502,0,0,0,0.0116206034622924,0,0.00725016790959425,0.00439990893435044,0.0068678516807148,0,0.00209307828400764,0.000963535153274156,0.000273135988011786,0.000200184204666194,0.00282959350012551,0.00782168895734316,0.0277141814588326,0
2021,6,24,0.00831028403387144,0.00769372972299854,0.0127793946402249,0.00545137116628908,0,0,0.00564336369307447,0.00135086494469528,0.019056361877498,0.0126628822088087,0,0.0115260479326112,0.00858377599025445,0.0139343569671606,0.00834115664277517,0.000438263070019076,0,0,0.00974301481575237,0,0,0,0.0112970505392726,0,0.00707330052886444,0.00437104409716744,0.00684051029537481,0,0.00202381331036974,0.00090143278820585,0.000273081047746986,0.000198990224370702,0.00270482961819397,0.00726279295442919,0.0271448858430138,0
2021,6,29,0.0083413796833169,0.00775863272503229,0.012567686692419,0.00540096300779557,0,0,0.00567442913796019,0.00134201001821737,0.0189251609723649,0.0127994616810707,0,0.0114527072413592,0.0085213942541324,0.0139413774718715,0.00816323594370823,0.000440906203474367,0,0,0.00974548602993405,0,0,0,0.0109709328150895,0,0.00689651399495294,0.00433844918877712,0.00681198021092792,0,0.00195377622512157,0.000844089849264844,0.000273036912827917,0.00019850723226819,0.00258296588209621,0.00674210965398017,0.0265467982187485,0
2021,7,4,0.00837007046460008,0.00783297212288597,0.012350374921986,0.00534747164196917,0,0,0.0056960038157231,0.00133190094781811,0.0187641550935192,0.0129503178101956,0,0.0113655030563485,0.00845614063186916,0.013926657156308,0.00798277280355031,0.000442754720219496,0,0,0.00974059913658153,0,0,0,0.0106430232542417,0,0.00672008918695899,0.00430193924365976,0.00678242476442443,0,0.00188293529321583,0.000791308201425806,0.000273001820953039,0.000198718333008888,0.00246416954478207,0.0062551204170949,0.0259226929804279,0
2021,7,9,0.00839631592286631,0.00791628955272989,0.0121283524883645,0.00528942436449292,0,0,0.00570781022722577,0.00132057876177067,0.0185739985806909,0.0131143245906104,0,0.0112645337854962,0.0083880849894476,0.0138901658419455,0.00780006727401823,0.000443729101271535,0,0,0.00972859648958905,0,0,0,0.0103142159804582,0,0.00654432560478154,0.00426139346397058,0.00675194224296499,0,0.00181137660001237,0.000742877113547495,0.000272973969368844,0.000199593477977397,0.00234831793281304,0.00579745623168313,0.0252751739732473,0
2021,7,14,0.00842007731549692,0.00800844085045063,0.0119024384863958,0.00522546907595106,0,0,0.005709635325969,0.00130809370528423,0.0183554563649211,0.0132900003720292,0,0.0111498586674601,0.00831732089438976,0.0138319564782399,0.0076154998135897,0.000443716138467894,0,0,0.00970972852537677,0,0,0,0.00998531464777441,0,0.00636951468354679,0.00421694541678985,0.00672066271707291,0,0.00173930622088406,0.000698531908011749,0.000272951519758028,0.000201102509807284,0.00223552545082582,0.00536484632714486,0.0246066214070059,0
2021,7,19,0.00844131774406449,0.00810896682031422,0.0116728803796632,0.00515423892721595,0,0,0.00570132726175546,0.00129450790117247,0.0181094581238858,0.0134763092158902,0,0.0110217474682714,0.00824394119991368,0.0137523136528557,0.00742939187224022,0.000442655290493986,0,0,0.00968429249244038,0,0,0,0.00965698374825312,0,0.00619590738066079,0.00416865329078163,0.00668868251361113,0,0.00166690623006034,0.00065809804630242,0.000272932603140729,0.000203243334865817,0.0021258085866873,0.00495422556945435,0.0239197492923267,0
2021,7,24,0.00846000228595217,0.00821721901822646,0.011439453999935,0.0050745985916774,0,0,0.00568279193652635,0.00127988059692267,0.0178370482820144,0.0136715872668903,0,0.0108804314636387,0.00816802010012008,0.0136518968674221,0.00724205726072903,0.000440509952167616,0,0,0.00965256404753117,0,0,0,0.00933002367555253,0,0.00602378142135526,0.00411644794973258,0.00665615168734826,0,0.00159444387653376,0.000621435373283397,0.000272915324777921,0.000205962856352565,0.00201899190508312,0.00456407493496595,0.0232168895689211,0
2021,7,29,0.00847609812512471,0.00833283025645954,0.0112015087205608,0.00498555193169588,0,0,0.0056540195416034,0.00126427212466393,0.0175394602035772,0.0138744732291457,0,0.0107261643857231,0.00808964437941902,0.0135312363724919,0.00705384403998451,0.000437252456082679,0,0,0.00961483993570574,0,0,0,0.00900513634772129,0,0.00585338531466712,0.00406061812577409,0.00662321222946833,0,0.00152202789599341,0.00058835657458171,0.0002728977690663,0.000209252139344922,0.00191537278327606,0.00419241653224761,0.0225004203882662,0
2021,8,3,0.0084895746815321,0.00845528328183339,0.0109582113485087,0.00488616678111694,0,0,0.00561504647451098,0.00124774691157542,0.0172179530181763,0.0140832421072913,0,0.0105594948259149,0.00800889996281226,0.0133912102690644,0.00686507933377498,0.000432853736561955,0,0,0.00957141319104624,0,0,0,0.00868293030994386,0,0.00568498965995905,0.00400122743181752,0.00659001089756136,0,0.00144990207448348,0.000558748478448381,0.000272878004414346,0.000213070517118745,0.00181479313387094,0.003838625637541,0.0217727953794189,0
2021,8,8,0.00850040373862252,0.00858383707634211,0.010708650593216,0.00477590629367035,0,0,0.00556598299378111,0.00123035459099676,0.016873991791123,0.0142965290934223,0,0.0103808051307948,0.00792587296537755,0.0132327536580968,0.0066761410707328,0.000427336140146358,0,0,0.00952256811796633,0,0,0,0.00836398424486003,0,0.0055187887999702,0.00393844940024212,0.00655671577418791,0,0.00137843443218796,0.000532433225931116,0.00027285408808952,0.000217404468828935,0.00171728229493869,0.00350306609187365,0.021036274611512,0
2021,8,13,0.00850855956843946,0.00871781322343135,0.0104517695696105,0.00465445743385609,0,0,0.00550700535690233,0.00121217503473058,0.0165090356972199,0.0145124055399393,0,0.0101907954898348,0.00784067133991879,0.0130568948970528,0.00648734988509662,0.000420739513512618,0,0,0.00946868111930177,0,0,0,0.00804887772520334,0,0.00535509481892528,0.00387265901160053,0.00652346482785595,0,0.00130770846166207,0.000509326493800915,0.000272824071026899,0.000222219826249129,0.00162291034814238,0.00318620670732634,0.0202930987249152,0
2021,8,18,0.00851401905377823,0.00885664191059257,0.0101864574854987,0.00452171573956227,0,0,0.0054383486292421,0.00119328175280271,0.0161246759206451,0.0147294694178968,0,0.00998982285480789,0.0077533713179239,0.0128648570087784,0.00629900510133469,0.000413134238473331,0,0,0.00941001804911254,0,0,0,0.00773814516130519,0,0.00519406317912114,0.00380404220447334,0.0064903811557042,0,0.00123800793984969,0.000489381773391499,0.000272786002589858,0.000227496482914603,0.00153165734627786,0.00288763411315734,0.0195457535732816,0
2021,8,23,0.0085167618068802,0.00899946711956338,0.00991165769797433,0.00437814752691314,0,0,0.0053603289442349,0.00117374129632962,0.015722627886648,0.0149458055673483,0,0.0097787106600997,0.00766407690843346,0.0126578983911007,0.00611146640975603,0.000404635905771444,0,0,0.00934688813823702,0,0,0,0.00743241425598942,0,0.00503590311376975,0.0037330012447555,0.0064576062545414,0,0.00116946879034542,0.000472474012385792,0.000272737935273762,0.000233181451054635,0.00144359220548246,0.00260847634504464,0.0187964264414008,0
2021,8,28,0.00851677028414818,0.0091454607134653,0.00962657166923959,0.0042244654082547,0,0,0.00527330221080279,0.00115363612419131,0.0153046054492485,0.0151599043540809,0,0.00955805921104736,0.00757287627906862,0.012437480823102,0.00592499592989168,0.000395379749982512,0,0,0.00927957013792869,0,0,0,0.00713199234248857,0,0.00488083414563312,0.00365978399032764,0.0064253394724938,0,0.00110236490602334,0.000458501656099381,0.000272677929343964,0.00023927309565124,0.0013586291759266,0.00234905163308778,0.0180473875466166,0
2021,9,2,0.00851402989637436,0.00929401919873739,0.0093306305229093,0.0040615173087605,0,0,0.00517768179806153,0.00113303644358163,0.0148723476438011,0.0153699689311197,0,0.00932863556553739,0.00747986488240806,0.0122050169796915,0.00574003320122822,0.000385556432239645,0,0,0.00920832371859127,0,0,0,0.00683731618014267,0,0.00472903725701747,0.00358478150757756,0.00639365379829038,0,0.00103679140297574,0.000447377250192313,0.00027260405739972,0.000245735937970494,0.00127684055615164,0.00210950260699863,0.0173007806737139,0
2021,9,7,0.00850852911398235,0.00944390906790639,0.00902330094930928,0.00389054954580135,0,0,0.00507395150571712,0.00111201490849097,0.014427628459581,0.015574368976697,0,0.00909121706025401,0.00738512922498047,0.0119620390739881,0.00555679518450877,0.00037541417265308,0,0,0.00913346829048566,0,0,0,0.00654875798836514,0,0.00458064904040058,0.0035082923191414,0.0063627565852492,0,0.000973066950207849,0.000438993785574945,0.000272514408856015,0.000252540304744601,0.00119823219914831,0.00188991227611836,0.0165588054102876,0
2021,9,12,0.00850025956679696,0.00959456966181211,0.00870472404051689,0.00371292821280087,0,0,0.00496261655563504,0.00109064898871955,0.0139723173512772,0.01577155605521,0,0.00884648847623555,0.00728878763754663,0.0117102271812175,0.00537560921531386,0.000365231543419442,0,0,0.00905522283339589,0,0,0,0.00626667242279494,0,0.00443585164637472,0.00343069447568333,0.00633282168131207,0,0.000911240599769121,0.00043334516631522,0.0002724070943356,0.000259651801895665,0.00112269021409143,0.00168995659782492,0.0158235558148373,0
2021,9,17,0.00848921613787067,0.00974515485398405,0.0083752704742794,0.00353021026900815,0,0,0.00484423761662417,0.00106902212114848,0.0135081370976747,0.0159599408689619,0,0.0085953401462793,0.00719092715013867,0.0114511176870201,0.00519678300800269,0.000355373053513294,0,0,0.00897385481417684,0,0,0,0.00599135467192613,0,0.00429479093838706,0.00335233556461644,0.00630396046057293,0,0.000851445184121015,0.000430365199282588,0.000272280249963888,0.00026704945160858,0.00105037630608948,0.00150921173118979,0.0150969117457637,0
2021,9,22,0.0084753970509123,0.00989422288523732,0.00803568303893428,0.00334433972572991,0,0,0.00471942575662072,0.00104720772416391,0.013037055553822,0.0161379018217559,0,0.00833857986073853,0.00709164667496877,0.0111864468532658,0.00502059774002815,0.000346222301225379,0,0,0.00888956685647643,0,0,0,0.00572308624996777,0,0.00415760860192492,0.00327341588556771,0.00627625765949179,0,0.000793710702446193,0.000429907388119973,0.000272132041559699,0.000274710167468495,0.000981096432440067,0.00134673166542458,0.0143809163330036,0
2021,9,27,0.00845880395088268,0.0100414145983052,0.0076870962762277,0.00315691622768598,0,0,0.00458880618474433,0.00102527916554037,0.0125607825472761,0.0163040416096329,0,0.00807708120061354,0.00699105864336125,0.010917790628163,0.00484730714227277,0.000338122540654157,0,0,0.00880258067151036,0,0,0,0.00546201737825175,0,0.00402439917545221,0.00319440618749279,0.00624991523077446,0,0.000738348129839345,0.000431928217468455,0.000271960668715178,0.000282594031129368,0.000914876994033063,0.00120186421925859,0.0136776012866743,0
2021,10,2,0.00843944197734348,0.010185657281879,0.00733085915916186,0.00296979310400868,0,0,0.00445301584934397,0.00100330675706033,0.0120810824665011,0.0164569140593919,0,0.00781169882674267,0.00688925145613405,0.0106468344595733,0.0046770872899612,0.0003314144731611,0,0,0.00871309859824616,0,0,0,0.00520838347361927,0,0.00389529257431099,0.0031155973671886,0.00622510051848806,0,0.0006851935736522,0.000436390133418657,0.000271764368758523,0.000290694334750965,0.000851614202828738,0.00107306610938018,0.0129886777870154,0
2021,10,7,0.00841731983016818,0.0103260974917832,0.00696871723862429,0.00278479294574695,0,0,0.00431272582555828,0.000981375720218428,0.0115996250829355,0.0165952474008866,0,0.00754329191717315,0.00678634857775327,0.0103751870026075,0.00451024061462303,0.000326282064315625,0,0,0.00862127110758914,0,0,0,0.00496229757831573,0,0.00377035488582829,0.00303714556278676,0.00620184378236142,0,0.000634500687658248,0.000443060296002094,0.000271541420593512,0.000298965456921665,0.000791545001155956,0.000959307356590466,0.0123156471967804,0
2021,10,12,0.00839244982724966,0.0104616910624545,0.00660286750081424,0.00260341144508705,0,0,0.00416862440370856,0.000959563175773323,0.011118141966405,0.0167179740561271,0,0.00727266245291719,0.00668245481265134,0.0101043738932536,0.00434700089491903,0.000322748958580711,0,0,0.00852724674525097,0,0,0,0.00472389651438151,0,0.00364969060069469,0.00295937734934113,0.0061803276078387,0,0.000586221337771242,0.00045198039281378,0.000271290148410104,0.000307404314306909,0.000734342963031823,0.000858960496829741,0.0116600463801348,0
2021,10,17,0.00836484795386523,0.0105916101111347,0.00623565318421625,0.00242715166424735,0,0,0.00402140454276574,0.000937918490267747,0.0106382355949946,0.01682377617619,0,0.00700074362710033,0.00657761319869391,0.00983597316061151,0.00418756231165171,0.000320662561046978,0,0,0.00843120698943406,0,0,0,0.00449319016482142,0,0.0035333505834091,0.00288250613589587,0.00616068307727053,0,0.000540312517257023,0.000462982920056466,0.000271008925260741,0.000315996144921787,0.00068013226144497,0.000770677207158157,0.0110233297569259,0
2021,10,22,0.00833453390338865,0.0107150825818477,0.00586938365285227,0.00225741449783055,0,0,0.00387174161702699,0.00091652495363703,0.0101614401795701,0.0169117273948046,0,0.00672831640718703,0.00647194534403375,0.00957142578554906,0.00403207731665476,0.000319619598289331,0,0,0.00833324537497311,0,0,0,0.00427045537287988,0,0.00342136492656381,0.00280673213855353,0.00614303344402968,0,0.00049687198270267,0.000476010524371355,0.000270696176497248,0.000324696655502835,0.00062872419193596,0.000693071433617375,0.0104064806029959,0
2021,10,27,0.00830153110906852,0.0108313309053028,0.00550655009501703,0.00209529065141251,0,0,0.00372029460020836,0.000895458878394438,0.00968924153104231,0.0169808958546279,0,0.00645622931206739,0.00636557332337356,0.00931214636055308,0.00388078986586228,0.000319082186067676,0,0,0.00823346405459447,0,0,0,0.00405549701428121,0,0.00331381958746464,0.0027321873293711,0.00612744102766208,0,0.000455851512294613,0.000490797462180537,0.000270350383063573,0.000333491056591142,0.000580238829983541,0.000624968608131717,0.00981053429963872,0
2021,11,1,0.00826586676662347,0.0109393603184089,0.00514976574783188,0.00194174963395906,0,0,0.00356776689014807,0.000874772736667495,0.00922291949924841,0.017030593101949,0,0.00618524888123288,0.0062586316730051,0.00905937835343457,0.00373381982302609,0.000318417064611067,0,0,0.00813195917072052,0,0,0,0.00384827873149053,0,0.00321069097197283,0.00265908333839404,0.00611404789986871,0,0.000417212328686334,0.000507341325241929,0.000269970084639861,0.000342360302172105,0.000534489609774576,0.00056507403892435,0.00923617946820779,0
2021,11,6,0.00822757184743727,0.0110386221230025,0.00480136197831394,0.00179738317920095,0,0,0.00341478879348682,0.000854539265352767,0.00876382076598491,0.0170600521443098,0,0.00591613122577356,0.00615117354974563,0.00881439453228896,0.00359129516386807,0.000316947293734848,0,0,0.00802877671099374,0,0,0,0.00364898833156978,0,0.00311200743234718,0.00258744726617257,0.00610291722106628,0,0.000380914628947111,0.000525366037659518,0.000269553882633696,0.000351287646601554,0.000491375346555019,0.000512427189721202,0.00868403755285006,0
2021,11,11,0.00818668110217026,0.0111285355742023,0.00446350092178683,0.00166276710684818,0,0,0.00326198994171333,0.000834807115313408,0.00831314257736356,0.0170689863530782,0,0.0056495897532602,0.00604333455585575,0.00857829099368041,0.00345344346988467,0.000314080378116167,0,0,0.0079239958203141,0,0,0,0.0034575064325966,0,0.00301781641502267,0.00251749889898736,0.0060941552416654,0,0.000346960380883087,0.000544730900238499,0.000269100443014597,0.000360234496169517,0.000450809824771671,0.000466096822986981,0.00815475497768552,0
2021,11,16,0.008143233054638,0.011208380213113,0.0041381812413237,0.00153818709114806,0,0,0.00310995313296694,0.000815649417672,0.0078719433343813,0.0170567055365967,0,0.00538631607212866,0.00593521714615066,0.00835197451677741,0.00332028843962055,0.000309390836942651,0,0,0.00781763425319201,0,0,0,0.00327357965174093,0,0.00292807816724778,0.00244921082831242,0.00608783822565576,0,0.000315311441500816,0.000565336553102945,0.000268608498988147,0.000369227154312936,0.000412882584644924,0.000425083832238514,0.00764842015676065,0
2021,11,21,0.00809726998584298,0.0112775433291083,0.00382699651421461,0.00142372271210559,0,0,0.002959253173699,0.000797119125432388,0.00744119480213078,0.0170229542038129,0,0.00512695943685352,0.00582695943655631,0.00813635424235331,0.00319191233670826,0.000302665014831929,0,0,0.00770973502183518,0,0,0,0.0030973742854302,0,0.00284274645073689,0.00238262824981259,0.00608396831490625,0,0.000285943475686895,0.000586929669680698,0.000268076853506435,0.000378224368991108,0.000377407253719319,0.000388973214248676,0.00716509761406074,0
2021,11,26,0.00804883790808086,0.0113356530344425,0.00353123790675419,0.00131939172245523,0,0,0.00281042517376646,0.000779272308467764,0.00702170569927888,0.016967726268277,0,0.00487209281875277,0.00571862950405836,0.00793224977729719,0.00306847902231525,0.000293909990606401,0,0,0.00760030375025293,0,0,0,0.00292860237343766,0,0.00276181089298234,0.00231774708391013,0.00608268617025668,0,0.000258692356715304,0.000609376677081645,0.000267504381611715,0.000387214192680628,0.000344246105887852,0.00035733841223496,0.00670468186186745,0
2021,12,1,0.00799798652907896,0.0113825917213873,0.00325211237234134,0.00122502202552887,0,0,0.00266395440030946,0.00076214816618828,0.00661433481101108,0.0168910627610219,0,0.00462235585830091,0.00561033354956684,0.00774021776450351,0.00295004301492647,0.000283307759467751,0,0,0.00748938763588682,0,0,0,0.00276717858840256,0,0.00268517946476972,0.00225468362659933,0.00608405825856254,0,0.000233581567244171,0.000632429156821576,0.000266890032610525,0.000396189426626313,0.000313356745316895,0.000329329749856556,0.00626684129029253,0
2021,12,6,0.00794476920616056,0.0114178243913053,0.0029899921338948,0.00114018757252373,0,0,0.00252026614973768,0.00074580567298011,0.00621977891590068,0.0167927099749775,0,0.00437824490945542,0.00550213188954609,0.00756077324066553,0.00283657936527696,0.000271179901478345,0,0,0.00737696307377202,0,0,0,0.00261291925729637,0,0.00261285711391826,0.00219327742084368,0.00608804795376793,0,0.000210502147545564,0.000655904921689741,0.000266232832075716,0.000405129723672747,0.000284639651392602,0.000304350464862639,0.00585139708888227,0
2021,12,11,0.00788924289046522,0.0114413765963416,0.00274521698251202,0.00106460563806351,0,0,0.00237979548008352,0.000730294467301624,0.00583855396395154,0.0166733014141175,0,0.00414017197007593,0.0053941875443894,0.00739444268891379,0.00272821005481979,0.000257924338953547,0,0,0.00726301678262709,0,0,0,0.00246572958016337,0,0.00254471810014944,0.00213357157312242,0.00609473122571073,0,0.000189445676429687,0.000679594880277407,0.000265531883674143,0.000414024387777405,0.000258046541332501,0.000282451977999396,0.00545763040511851,0
2021,12,16,0.00783146806129123,0.0114530012030697,0.00251784528418202,0.000997626221686901,0,0,0.0022429344798665,0.000715644126358897,0.0054711403816133,0.0165327584544937,0,0.00390858158836044,0.0052865535876853,0.00724142978297628,0.00262490283567175,0.000243911580918185,0,0,0.00714756698996014,0,0,0,0.00232520039974047,0,0.00248073565905349,0.00207549862893328,0.00610413175432787,0,0.000170415217213351,0.00070329995408505,0.000264786370818028,0.000422859742747319,0.000233397645954412,0.000262821976765008,0.00508498617706414,0
2021,12,21,0.00777150865066245,0.011452940215409,0.00230744271353559,0.000938887849261819,0,0,0.00211000209844793,0.000701895313550546,0.00511798983914932,0.0163720067080455,0,0.00368384108335258,0.00517940189085149,0.00710194905206611,0.00252665442201977,0.000229472607551114,0,0,0.00703058152663923,0,0,0,0.0021916488482836,0,0.00242083525455207,0.00201890279425565,0.0061162558192376,0,0.000153297998306681,0.000726807403398494,0.00026399555813827,0.000431631744578523,0.000210648036683096,0.000245049590890979,0.00473290988769269,0
2021,12,26,0.00770943195825688,0.0114412089395737,0.00211339620385879,0.000887711114280473,0,0,0.00198125353447746,0.000689085535183743,0.00477929669743152,0.0161913956542027,0,0.00346626736167001,0.00507274606880032,0.00697603831691433,0.00243344908757545,0.000214835439993126,0,0,0.00691205290109145,0,0,0,0.00206457188062272,0,0.00236490242409122,0.00196389707973197,0.00613106442907338,0,0.000138086484958982,0.000749883900537043,0.000263158792778234,0.000440340124912307,0.000189737954015669,0.000228855966258288,0.0044007776392278,0
2021,12,31,0.0076453085568696,0.0114181699686769,0.00193509137961278,0.000843494540527401,0,0,0.00185690540004789,0.000677256440851563,0.00445514402367864,0.0159915730699198,0,0.00325613828280459,0.00496673296024932,0.00686360228266927,0.00234539170285507,0.000200150635955999,0,0,0.00679200000164456,0,0,0,0.00194371113908555,0,0.00231283948647328,0.00191023629211016,0.00614858454647282,0,0.000124793576450366,0.000772334101576995,0.000262275505506822,0.000448967878540052,0.00017046397394739,0.000213715016917615,0.00408749130064912,0
2022,1,5,0.00757921218861646,0.0113843057614479,0.00177136213431367,0.000805417684532531,0,0,0.00173720180968096,0.000666430346875242,0.00414575071029549,0.0157733255909838,0,0.00305365416944646,0.00486146500157143,0.00676450450199259,0.00226234083506107,0.00018546921934053,0,0,0.0066704037517724,0,0,0,0.00182904212431679,0,0.0022645163911436,0.00185795349316851,0.00616877319129487,0,0.000113335314933582,0.000793939044933349,0.000261344869072885,0.000457507345587891,0.0001528279661717,0.000199355057540066,0.00379248099305232,0
2022,1,10,0.0075112196521182,0.0113398546370887,0.0016214602300868,0.000772774235245631,0,0,0.00162228933638965,0.000656638999587339,0.0038511798727368,0.015537443814044,0,0.00285896320987011,0.00475709198234595,0.00667857681708796,0.00218430939802392,0.000170816620849475,0,0,0.00654725385859355,0,0,0,0.00172027732740613,0,0.00221982933196892,0.00180685540488129,0.00619162349847352,0,0.000103817145606926,0.000814499413232583,0.000260367198977782,0.000465946900806681,0.000136666135997506,0.000185455450181769,0.00351467722334841,0
2022,1,15,0.00744141068093696,0.0112858727213866,0.00148410696810488,0.000744972337298636,0,0,0.00151225159782007,0.000647901431229128,0.00357105872522344,0.015284984872803,0,0.00267222882781045,0.00465370270208591,0.0066054726229323,0.0021112430469121,0.000156225558603385,0,0,0.00642259216788427,0,0,0,0.00161711200259681,0,0.00217861146470254,0.00175693015088035,0.00621705787833617,0,9.61957711195042e-05,0.000833835662591657,0.000259341807001053,0.00047429112116265,0.000121986746166551,0.000171691290094875,0.00325345980583291,0
2022,1,20,0.00736986781356783,0.0112229125820987,0.00135840811791916,0.000721130711269611,0,0,0.0014071771525187,0.000640251491142876,0.00330568565713326,0.0150168053766754,0,0.00249348804384832,0.00455129327749035,0.00654470583391035,0.00204310803166097,0.000141730985424276,0,0,0.00629640552836128,0,0,0,0.00151950168833281,0,0.00214082748347226,0.0017080420030026,0.00624502785644186,0,9.05376954285801e-05,0.000851745976971725,0.000258268466088963,0.000482520176325314,0.000108609584194109,0.000158090002897096,0.00300822559878483,0
2022,1,25,0.00729668920645134,0.0111516799781009,0.00124317016531279,0.000700629980350184,0,0,0.00130713187451222,0.000633688492418095,0.00305469705834821,0.0147340248546231,0,0.0023228370129573,0.00445003635890138,0.00649582348702763,0.00197979545215078,0.0001274439017616,0,0,0.00616871614076904,0,0,0,0.00142706145785419,0,0.00210626125118448,0.00166014760696521,0.00627546252505413,0,8.70907117215785e-05,0.000868074856837188,0.000257147035631883,0.000490634327918075,9.64150038891209e-05,0.000144448157490643,0.0027776839149878,0
2022,1,30,0.0072219646607711,0.0110732731893601,0.00113722019112983,0.000682646614602318,0,0,0.0012120454019491,0.00062824039736756,0.00281766972869292,0.0144377778392157,0,0.00216024766051787,0.00434998375500443,0.00645823283161216,0.00192126620199738,0.000113495449618585,0,0,0.00603954448665373,0,0,0,0.00133973993293389,0,0.00207479881262242,0.00161310392466092,0.00630827100228878,0,8.56835041488056e-05,0.000882644244974237,0.000255977461483831,0.000498619477571502,8.54965414014059e-05,0.000130857739881942,0.00256152269551128,0
2022,2,4,0.00714575733256995,0.0109888197627011,0.00104001541188038,0.00066635144862874,0,0,0.00112200411186047,0.000623917455815457,0.00259456043867519,0.0141290858947661,0,0.00200565430688007,0.00425121639715578,0.00643132749844448,0.00186738480827938,0.000100058427948439,0,0,0.00590894624403727,0,0,0,0.00125725901200454,0,0.00204636320051344,0.00156689244161678,0.00634335949590089,0,8.67017928611025e-05,0.000895333956388469,0.000254759775800462,0.000506468232739433,7.55740471092747e-05,0.000117375419361604,0.00235893708827213,0
2022,2,9,0.00706816107322505,0.0108993826042928,0.000950316973042047,0.000651183899150195,0,0,0.00103686722932326,0.00062073371339402,0.00238491270457312,0.0138093956453381,0,0.00185892992896601,0.0041538846903585,0.00641448668156925,0.00181815545790264,8.7324959103933e-05,0,0,0.00577697321308765,0,0,0,0.00117946628293096,0,0.00202073252347887,0.00152137936420798,0.00638067966418892,0,9.01828145716115e-05,0.000905982933901092,0.000253494096696548,0.000514177489149978,6.66402259347249e-05,0.00010415314503125,0.00216908366583713,0
2022,2,14,0.00698929486664168,0.0108062744875076,0.000867447865180627,0.000636666321411152,0,0,0.000956603283821587,0.000618699844876848,0.00218827939051153,0.0134797148279157,0,0.00172006972260553,0.00405806329199391,0.0064069203941138,0.0017733871910639,7.54752417544608e-05,0,0,0.00564368743646703,0,0,0,0.00110602139461518,0,0.00199775306937178,0.00147653158077501,0.00642003554295469,0,9.63839029542188e-05,0.00091447862075198,0.000252180627724244,0.000521735065432239,5.86366340082122e-05,9.13911525557468e-05,0.00199118819713493,0
2022,2,19,0.00690924498962821,0.0107107198478961,0.000790722231169245,0.000622164520866623,0,0,0.000881078775475338,0.000617819960228032,0.00200423814014116,0.0131413658577075,0,0.00158887450046713,0.00396380098551107,0.00640792433051941,0.00173296786308271,6.46776343981928e-05,0,0,0.00550917956846762,0,0,0,0.00103682883141653,0,0.00197731832068777,0.00143229830957747,0.00646131995415271,0,0.00010553165410389,0.000920740464879728,0.000250819657173746,0.000529127335621755,5.14839655006924e-05,7.92144324257264e-05,0.00182480224600899,0
2022,2,24,0.00682816467054033,0.0106141086356718,0.000719596695587238,0.000607179509791261,0,0,0.000810197858669577,0.000618089412227064,0.0018324020441685,0.0127955364900162,0,0.00146521325973604,0.0038712270978467,0.00641668446063914,0.00169690853390675,5.50354756665929e-05,0,0,0.0053734947170056,0,0,0,0.000971625543468367,0,0.001959255014091,0.00138862417140643,0.00650444869544972,0,0.000117835860319566,0.000924683610172564,0.000249411557198255,0.000536346992113027,4.50734775739661e-05,6.77675918981365e-05,0.00166921321046804,0
2022,3,1,0.00674607583577163,0.0105178017709014,0.000653448373759584,0.00059133858893755,0,0,0.000743791541741422,0.00061951053267944,0.00167246552964592,0.012443450392145,0,0.00134892148604188,0.00378042353938462,0.00643244933892483,0.00166502525614719,4.66022789434196e-05,0,0,0.00523681228905287,0,0,0,0.000910271683326396,0,0.00194339416348682,0.00134539679969075,0.00654919206244304,0,0.000133758453376334,0.000926253145993922,0.000247956782765461,0.000543376542519061,3.93789316577477e-05,5.72956205837092e-05,0.00152420114451362,0
2022,3,6,0.00666313619903435,0.0104235024193014,0.000591964493598918,0.000574513151276726,0,0,0.000681759332568708,0.000622096187628669,0.00152371711370012,0.0120862102005862,0,0.00123982429063796,0.00369140605691206,0.00645439446172962,0.00163726017889136,3.93950376339603e-05,0,0,0.00509918681373977,0,0,0,0.000852471995842013,0,0.00192960323185483,0.00130268926269573,0.00659540452678,0,0.000153521717529695,0.000925406571808955,0.000246455870438075,0.000550205596795536,3.43011803134478e-05,4.79104719352916e-05,0.0013891063463305,0
2022,3,11,0.00657950583949343,0.0103324149303714,0.00053464642410728,0.000556603199628313,0,0,0.000623928415765298,0.000625829491852831,0.00138574783030132,0.0117251257595397,0,0.00113756834172065,0.00360424537265673,0.00648152417251605,0.00161347669066524,3.33659593104744e-05,0,0,0.00496076121972651,0,0,0,0.000798176954157655,0,0.00191772402371498,0.00126034661533551,0.006642952014245,0,0.00017756851670581,0.000922138642569438,0.00024490943698625,0.000556828042860567,2.98268163771137e-05,3.96688633240717e-05,0.00126318067112498,0
2022,3,16,0.00649519482074685,0.0102460020987309,0.000481320795889216,0.000537414663921434,0,0,0.000570121287897948,0.000630703863124989,0.00125779786305484,0.0113613818366761,0,0.0010419653410185,0.00351901959172744,0.006513283103199,0.00159352404099424,2.84313744092601e-05,0,0,0.00482162500527511,0,0,0,0.000747133010198065,0,0.00190756819941115,0.00121843418800908,0.00669163483015173,0,0.000206299615239734,0.000916467593119544,0.000243318177835059,0.000563222629141889,2.58441316311137e-05,3.26451827649385e-05,0.00114645899094457,0
2022,3,21,0.00641027881538573,0.010165850497039,0.000431588044620925,0.000517101159597014,0,0,0.00052015564064515,0.000636710879083688,0.00113980630135878,0.0109960046532551,0,0.000952799973223406,0.00343581617551326,0.00654871852559699,0.00157730050022744,2.4467748700833e-05,0,0,0.00468202482683808,0,0,0,0.000699218349700232,0,0.00189899135336864,0.00117694493192344,0.00674123626326096,0,0.000240278582020631,0.000908393535976077,0.000241682865350503,0.00056937317882296,2.23411597262613e-05,2.68904963621332e-05,0.00103793321258319,0
2022,3,26,0.00632492048949651,0.0100931201151714,0.000385443583750705,0.000495922941654866,0,0,0.000473849814260422,0.000643838237579886,0.00103107465619515,0.0106300562131871,0,0.000869771394501739,0.00335472751502859,0.00658696268628685,0.00156462139478302,2.13554195448579e-05,0,0,0.00454203758771319,0,0,0,0.000654310173645717,0,0.00189189760762869,0.00113585496868014,0.00679163102782479,0,0.000279966369105609,0.00089798052587948,0.000240004346967866,0.000575262706298159,1.92833767638278e-05,2.2519684250041e-05,0.000937466533955575,0
2022,3,31,0.00623919572058164,0.0100292221878782,0.000342653433995164,0.000474043779085502,0,0,0.00043100326209047,0.000652083249888912,0.000930871516483931,0.0102646183750278,0,0.000792610438039273,0.00327581822437086,0.00662730405040131,0.00155539748251845,1.89659687206836e-05,0,0,0.00440182641236655,0,0,0,0.000612167303570564,0,0.00188607941587578,0.00109511954527165,0.00684256276753967,0,0.000325733506408144,0.000885292451034323,0.00023828354316654,0.000580873578735234,1.66062342119128e-05,1.94371125622499e-05,0.000844815862140822,0
2022,4,5,0.00615325340682641,0.0099752513153271,0.000303113051880002,0.000451822463753767,0,0,0.000391439147366195,0.000661426193871772,0.000838911977101971,0.00990068759815516,0,0.000721023126313837,0.00319906301129085,0.00666891090104951,0.00154956721363703,1.7175299609317e-05,0,0,0.0042616115404999,0,0,0,0.000572608427024673,0,0.00188138967106237,0.00105475304152208,0.00689378238972599,0,0.000378196645381655,0.00087044408145108,0.000236521091707849,0.000586185284613868,1.42845424597752e-05,1.78651306575684e-05,0.000759353381649853,0
2022,4,10,0.00606709749273402,0.00993258781365427,0.000266807027787825,0.000429478660499343,0,0,0.000355005293287758,0.000671845378818717,0.000754533208707984,0.00953919883548224,0,0.000654828434340058,0.0031245965567686,0.00671100885525779,0.00154691620141621,1.5858190257548e-05,0,0,0.00412154455267844,0,0,0,0.000535646956681678,0,0.00187768119965712,0.00101485086166301,0.00694511970674412,0,0.000437869281909126,0.000853516501715109,0.000234718444336605,0.000591181631992548,1.22674285658054e-05,1.77839882489847e-05,0.00068073925400046,0
2022,4,15,0.00598093186503111,0.00990205070131452,0.00023348765293582,0.000407386661194103,0,0,0.000321502216692311,0.00068332896169272,0.00067740350645306,0.00918096533911836,0,0.000593692092007833,0.00305242830975158,0.00675290941185434,0.00154737507209636,1.49044748401533e-05,0,0,0.00398182736730193,0,0,0,0.000500983412943257,0,0.00187482272716205,0.000975357978436123,0.00699634472079357,0,0.000505222232844965,0.000834636637108414,0.00023287637030261,0.000595842129777256,1.04582030092549e-05,1.96038050583084e-05,0.000608648132754099,0
2022,4,20,0.00589483812374302,0.00988438092020357,0.000203206552130991,0.0003859656045674,0,0,0.000290732865628445,0.000695854838594847,0.000607020295880571,0.00882674907054122,0,0.000537284939175014,0.00298260564093434,0.00679388134219049,0.00155071775446618,1.42134930159259e-05,0,0,0.00384268011105245,0,0,0,0.000468576295433993,0,0.00187259527283152,0.000936337963652141,0.00704720785593871,0,0.000580771574921419,0.000813928191225322,0.000230997124730726,0.000600141865824491,8.97977975449982e-06,2.31752898771561e-05,0.000542654738095793,0
2022,4,25,0.00580890490006538,0.00988034325941615,0.000175660287703231,0.000365481291719794,0,0,0.000262548959899249,0.000709400531296633,0.000543049736973567,0.00847738343517348,0,0.000485409301788494,0.00291518818477555,0.00683330109748418,0.0015569413889399,1.36986319605363e-05,0,0,0.00370431912020276,0,0,0,0.00043821468472176,0,0.00187104453182424,0.000897790274758828,0.00709749322671044,0,0.000664989738499,0.000791543114192775,0.000229080858331537,0.000604061354010283,7.72726808043045e-06,2.90234720076114e-05,0.000482407194729663,0
2022,4,30,0.00572315772134671,0.00989028725246696,0.000150903805928633,0.000346149462625601,0,0,0.00023678225864351,0.000723938775066473,0.000484865728618631,0.00813344860588659,0,0.000437819642345985,0.00285015607110183,0.00687045411976417,0.00156587001193928,1.3273612692648e-05,0,0,0.00356689890331518,0,0,0,0.000409987453067077,0,0.00186983168466091,0.000859709229777076,0.00714697589967373,0,0.00075824567542106,0.000767665548858898,0.000227129596042071,0.00060757923483444,6.68035960315632e-06,3.73893695260106e-05,0.000427546107663099,0
2022,5,5,0.0056377998011192,0.00991453272072752,0.000128791037811445,0.000328172262523375,0,0,0.000213178317182162,0.000739457660662645,0.000432094082215937,0.0077955860400939,0,0.000394209644598506,0.00278762262755112,0.00690479718722821,0.0015772967810958,1.28993520270032e-05,0,0,0.0034305955747695,0,0,0,0.000383610066040544,0,0.00186895131539046,0.000822149861995302,0.00719536565159047,0,0.000860937673873667,0.00074245419847777,0.000225144326412704,0.000610671526772387,5.78762998972778e-06,4.89809141048941e-05,0.00037787089000978,0
2022,5,10,0.00555290633346992,0.00995316510972303,0.000109093295590638,0.000311796003260925,0,0,0.000191753026815175,0.00075591090820739,0.000384386279777152,0.00746439941516328,0,0.00035426206600686,0.0027275662415182,0.00693576233713801,0.00159114753931651,1.25482807535343e-05,0,0,0.00329568325647402,0,0,0,0.000359078509929396,0,0.00186823563903434,0.000785214688743857,0.00724239304521545,0,0.000973294901030735,0.000716069983091841,0.000223126465369017,0.000613322120751023,5.15747481685966e-06,6.42570797803846e-05,0.000332882494722889,0
2022,5,15,0.00546860313691392,0.0100059246847735,9.16924880352976e-05,0.000297017755478583,0,0,0.000172227605309586,0.0007732869564346,0.00034135737494536,0.00714028408799677,0,0.000317812386811979,0.0026700355139713,0.00696281725390834,0.0016073281998529,1.22030794006444e-05,0,0,0.00316238849473605,0,0,0,0.000336348945659055,0,0.00186759489817301,0.000748877595426616,0.00728793144653125,0,0.00109554232484691,0.000688731271524837,0.00022107747753052,0.000615503502487304,4.63322543478464e-06,8.40327512032108e-05,0.000292231987976071,0
2022,5,20,0.00538494512532302,0.0100725003400517,7.6494116349152e-05,0.000283803855178421,0,0,0.000154484512719956,0.000791545383719884,0.000302335318914458,0.00682373928040912,0,0.000284659140330722,0.00261510364799571,0.00698550486119585,0.00162561277255977,1.18854412068492e-05,0,0,0.00303083090257558,0,0,0,0.000315217135352892,0,0.00186689049443406,0.000713257945629151,0.00733165320431106,0,0.00122771625465632,0.00066058659834807,0.000218998872951814,0.000617196756761215,4.23873903528761e-06,0.000109295092709734,0.000255772908416019,0
2022,5,25,0.00530205974854456,0.0101521674352426,6.32764169580629e-05,0.000272212647175068,0,0,0.000138409092029001,0.000810662906383509,0.000267389181570316,0.00651523470758441,0,0.000254445990994325,0.00256271438100046,0.00700340442564628,0.00164587914655205,1.16091121117419e-05,0,0,0.00290124699371806,0,0,0,0.000295630010742089,0,0.00186597489507163,0.000678400717236861,0.00737333628212552,0,0.00136981158205576,0.000631843965701928,0.000216891524623365,0.00061838133677061,3.99340011496315e-06,0.000140943752812891,0.000223253569549285,0
2022,5,30,0.00522005637260287,0.0102440437390624,5.18970257491252e-05,0.000262072999481463,0,0,0.000123896974239901,0.000830607231574237,0.000235943109065337,0.00621495488549902,0,0.000227047551391993,0.00251289080957057,0.00701604701308353,0.00166808611748925,1.13981782311702e-05,0,0,0.00277378499727166,0,0,0,0.000277732058955925,0,0.00186483709346991,0.000644302097278949,0.00741272993039282,0,0.00152163150898474,0.000602670211735792,0.000214757752558953,0.000619040111676803,3.84834693865117e-06,0.000180128867481163,0.000194187469730484,0
2022,6,4,0.00513902766129134,0.0103469246367274,4.22179598305028e-05,0.000253219921436204,0,0,0.000110817200377353,0.0008513396710761,0.000207504251100681,0.00592311605774014,0,0.000202218953526807,0.00246568479808866,0.00702325680608396,0.00169205686647192,1.12633246526386e-05,0,0,0.00264862167353198,0,0,0,0.000261296374357901,0,0.001863296655996,0.000610991063238045,0.0074495790598816,0,0.00168284021817921,0.000573264766998856,0.000212599178627997,0.000619150568479814,3.85113799494143e-06,0.000228217767942927,0.000168228057292081,0
2022,6,9,0.00505904849099846,0.0104595586586041,3.40942512998012e-05,0.000245514964662873,0,0,9.90582509832939e-05,0.000872821222014731,0.000182103310590182,0.0056400235365174,0,0.000179841024516047,0.00242107453566202,0.00702460053753923,0.00171760653277561,1.11985839159563e-05,0,0,0.00252591269009482,0,0,0,0.000246362829879489,0,0.00186131784634596,0.000578495082484013,0.00748367283327295,0,0.0018530061208009,0.000543811232510385,0.000210418162431738,0.000618700040847492,3.97420512956723e-06,0.000286527361342003,0.000145254921436714,0
2022,6,14,0.00498020746299109,0.010580483032753,2.7263774284898e-05,0.000238712793564125,0,0,8.8480895980203e-05,0.000895028702354056,0.000159580670133894,0.00536574244403006,0,0.000159539489964795,0.00237909484259304,0.0070199251937322,0.00174464230629291,1.11709861529874e-05,0,0,0.00240593631767081,0,0,0,0.000232872175565971,0,0.00185879885490424,0.000546955024330984,0.00751478505466292,0,0.00203147624044047,0.00051448480988455,0.000208215276124174,0.000617671009313394,4.32557748845117e-06,0.000356201816664801,0.000125033637811067,0
2022,6,19,0.00490257598675356,0.0107078512657556,2.16256204986516e-05,0.000232620060974239,0,0,7.90280303651151e-05,0.000917919362449841,0.000139630031412146,0.00510048754358209,0,0.000141387962434829,0.00233969076753908,0.00700905822120204,0.00177304425250289,1.11346927195743e-05,0,0,0.00228888087751294,0,0,0,0.000220734260162357,0,0.00185565085023994,0.000516345269573275,0.00754269358451229,0,0.00221745874822346,0.000485435171953401,0.000205992628186871,0.000616050037773648,4.78631134288985e-06,0.000438760729900194,0.000107321400056557,0
2022,6,24,0.00482626804514812,0.0108395761444047,1.69941702109953e-05,0.000227033012395924,0,0,7.05551270030433e-05,0.00094146708044129,0.000121944133125957,0.00484421731112709,0,0.000125046068510478,0.00230292843735555,0.00699178583155887,0.00180265157644126,1.10337484216883e-05,0,0,0.00217484575759218,0,0,0,0.000210035249219501,0,0.00185179022992634,0.000486689607654162,0.00756718737061463,0,0.00240999935371365,0.000456796219817769,0.000203752267858532,0.000613825678190076,5.43822228275139e-06,0.000535618179856754,9.17141636205934e-05,0
2022,6,29,0.00475131908247245,0.0109737658256592,1.31646585454189e-05,0.000221768264025418,0,0,6.3070442948231e-05,0.000965622836028673,0.000106348310665622,0.00459705150093251,0,0.000110309389964828,0.00226873652176081,0.00696801399494063,0.00183333106340053,1.08129770167373e-05,0,0,0.00206389850197519,0,0,0,0.000200749883095417,0,0.00184719565542894,0.000458059369081636,0.0075880790596775,0,0.00260796731662999,0.000428736051495129,0.000201494884991655,0.00061098865289371,6.27506370721459e-06,0.000648056597559439,7.8175912914309e-05,0
2022,7,4,0.00467779063200914,0.0111080567703251,1.0104576484067e-05,0.000216588198612336,0,0,5.64270532373779e-05,0.000990349487720398,9.24418699350918e-05,0.00435897018256708,0,9.7168731657663e-05,0.00223714220621758,0.00693759181132069,0.00186499049897309,1.0429090188646e-05,0,0,0.00195621766882164,0,0,0,0.000192929747589161,0,0.00184179246013184,0.000430462268133456,0.00760515363107514,0,0.00281013622259211,0.000401389560263599,0.000199223319774162,0.000607532020221599,7.31577886312635e-06,0.000777002396798514,6.6351322549433e-05,0
2022,7,9,0.0046058702979763,0.0112402662241018,7.72629855872084e-06,0.000211382486184961,0,0,5.06024877588283e-05,0.0010156085830375,8.02190831734708e-05,0.00412991268802636,0,8.53528582755637e-05,0.00220812142217122,0.00690050553411144,0.00189742947425704,9.85676906681246e-06,0,0,0.00185198683998297,0,0,0,0.000186438380859332,0,0.00183561135831469,0.000403892655822522,0.00761821814237304,0,0.00301507593025725,0.000374873086351821,0.000196937935505375,0.000603451321144237,8.67437350556441e-06,0.000923247921950893,5.60294501998821e-05,0
2022,7,14,0.00453557846556755,0.01136791600037,5.8484563966921e-06,0.000205963890440552,0,0,4.55576627004673e-05,0.00104135655746097,6.93800677660437e-05,0.00390981358905334,0,7.48999143316826e-05,0.00218168088533056,0.00685693941510719,0.00193055070099006,9.1051317074948e-06,0,0,0.00175122870922683,0,0,0,0.000181505168262834,0,0.00182842790676209,0.000378374556844058,0.00762710902518982,0,0.00322125229703473,0.000349309683685072,0.000194642376145109,0.000598744704782821,1.02781159673783e-05,0.00108724093461898,4.72253087877225e-05,0
2022,7,19,0.00446693598132052,0.0114885449593277,4.35638204357294e-06,0.000200267026429583,0,0,4.1208002995215e-05,0.00106754851900426,5.97479244072987e-05,0.00369853072818466,0,6.55733893631013e-05,0.00215781634261555,0.00680681204579188,0.00196421433550969,8.19637317098209e-06,0,0,0.00165407064593206,0,0,0,0.000177981181730986,0,0.00182036192854753,0.000353959334875339,0.00763165654119396,0,0.00342700117649251,0.000324757417638998,0.000192337595503383,0.000593413030988847,1.21410138373745e-05,0.00126902087007773,3.95448080948081e-05,0
2022,7,24,0.00440005580012608,0.011599734475183,3.23335083208244e-06,0.00019418320977799,0,0,3.75052543355793e-05,0.00109415867186566,5.13892759777091e-05,0.00349612714371532,0,5.73007860101348e-05,0.00213648872918226,0.00675029081206506,0.00199837829553541,7.1772023004575e-06,0,0,0.00156061749062954,0,0,0,0.000176190706320841,0,0.00181127730824987,0.000330610412708467,0.00763173446551598,0,0.00363063640426115,0.000301330716878438,0.000190025038909322,0.000587458174430842,1.4390351930879e-05,0.001467841364742,3.31019243158808e-05,0
2022,7,29,0.0043349986222877,0.0116991212252898,2.37488029383626e-06,0.00018765851542211,0,0,3.44224451818631e-05,0.00112113017529532,4.42077870713709e-05,0.00330240298299216,0,4.99955825503313e-05,0.00211768898616418,0.00668752892790867,0.00203277523189766,6.10540738770799e-06,0,0,0.0014709541246966,0,0,0,0.000175992899307183,0,0.0018012454011745,0.000308324131762509,0.00762715924104404,0,0.00383033385741766,0.00027911355399007,0.000187706821630751,0.00058089046505364,1.70538988155323e-05,0.00168259875286655,2.75345641347599e-05,0
2022,8,3,0.0042718057242216,0.0117843799246717,1.7260875140296e-06,0.000180664636658652,0,0,3.18519825707769e-05,0.00114842446873496,3.79868595392729e-05,0.00311710025186589,0,4.35032147201144e-05,0.00210136044173505,0.00661854483134307,0.00206735748921035,5.04069555078168e-06,0,0,0.00138515695956596,0,0,0,0.000177464638728489,0,0.00179020855326285,0.000287150152592812,0.00761788122774657,0,0.0040242582591254,0.000258137953408684,0.000185383371956637,0.00057371714852081,2.01851333806504e-05,0.00191149718248272,2.2839641466213e-05,0
2022,8,8,0.00421048332596821,0.0118534152372026,1.20810909782145e-06,0.000173197095734175,0,0,2.99062654196358e-05,0.00117601235021775,3.26287252888395e-05,0.00294009398483931,0,3.77433194510479e-05,0.00208749217564573,0.00654370784781531,0.00210201048851678,4.03638481319523e-06,0,0,0.00130328460148729,0,0,0,0.000180694081828501,0,0.00177809940300696,0.000267058888632378,0.00760377183919653,0,0.00421056384615361,0.000238460759070306,0.000183057898405974,0.000565950454777505,2.38195601989997e-05,0.00215213778938337,1.88929724368679e-05,0
2022,8,13,0.00415113569751392,0.0119040111670009,8.35787987914441e-07,0.00016527305022552,0,0,2.84990929728171e-05,0.00120384079109384,2.78121441043867e-05,0.00277120433575981,0,3.27517035852997e-05,0.00207610268161266,0.00646312584553623,0.00213649190790853,3.13340922464233e-06,0,0,0.00122537547242434,0,0,0,0.000185771528547764,0,0.00176501840315216,0.000248025195067522,0.00758473116489042,0,0.00438742372569266,0.000220138128204255,0.000180733188104383,0.000557605450584475,2.79675468540615e-05,0.00240151234340613,1.55634828498861e-05,0
2022,8,18,0.00409380824855154,0.0119340876432804,5.91300278402937e-07,0.000156928844972011,0,0,2.76172342221252e-05,0.0012318736296211,2.36393881444048e-05,0.00261021583156279,0,2.83320810651866e-05,0.00206707502981623,0.00637712852765473,0.00217076773907089,2.35733715498288e-06,0,0,0.00115139986815977,0,0,0,0.000192925885386005,0,0.00175086149972805,0.000230045145874752,0.00756066830140785,0,0.00455305981782195,0.000203199383812878,0.000178410505278134,0.000548699984280099,3.28186834564437e-05,0.00265608068068077,1.27672291906804e-05,0
2022,8,23,0.00403857667234319,0.0119423080257331,3.85573510892313e-07,0.000148198881853252,0,0,2.72506882652109e-05,0.00126006560479617,1.99807091822002e-05,0.00245683375107108,0,2.437260979346e-05,0.00206044718597803,0.00628611028803084,0.00220469558627967,1.71833232345952e-06,0,0,0.00108148681865016,0,0,0,0.000202243835568721,0,0.00173572492265984,0.00021308110892728,0.00753150932596386,0,0.00470577269388917,0.000187654579859517,0.000176090402404686,0.000539254604075847,3.83871837527392e-05,0.00291186716208066,1.04011561101225e-05,0
2022,8,28,0.00398542906386774,0.0119269566822733,2.6806610740954e-07,0.000139193295023457,0,0,2.73585115852765e-05,0.00128836711595462,1.66200922699981e-05,0.00231100516692707,0,2.09345234421345e-05,0.00205614965662763,0.006190397462385,0.00223809875371869,1.21124719895822e-06,0,0,0.00101563697765765,0,0,0,0.00021368796840654,0,0.00171954297943198,0.00019708309214256,0.00749730807146232,0,0.00484397061113454,0.000173523628416736,0.000173774241041714,0.000529292450777532,4.48328219145036e-05,0.00316458419946383,8.43081159936531e-06,0
2022,9,2,0.00393438711872518,0.0118869751438521,1.84225618329331e-07,0.000129963065439336,0,0,2.79637118210099e-05,0.0013167321879274,1.40196508631869e-05,0.0021725399800679,0,1.80371381899398e-05,0.00205418886856885,0.00608997858230877,0.00227089092793598,8.2895979054358e-07,0,0,0.00095378524706492,0,0,0,0.000227477288395439,0,0.00170234293420271,0.00018203963135348,0.00745794209398052,0,0.00496619705514427,0.000160814858343154,0.000171464406623078,0.000518839126149062,5.22068636945364e-05,0.00340977519630154,6.70635542969861e-06,0
2022,9,7,0.00388551907010766,0.0118213921260089,1.25150225860391e-07,0.000120566708010956,0,0,2.90479387996079e-05,0.00134514102246056,1.17394179653803e-05,0.00204097536085017,0,1.54826388676235e-05,0.00205448609415037,0.00598552594978108,0.00230299889893717,5.49403618474245e-07,0,0,0.000896074619227235,0,0,0,0.00024378995994577,0,0.00168419651547228,0.000167962400606891,0.00741347380256611,0,0.00507115613373514,0.000149554272840178,0.000169162805180145,0.000507922538438772,6.06414501284409e-05,0.00364296769733306,5.35041828056965e-06,0
2022,9,12,0.00383890260846905,0.0117295498432088,8.40401568461046e-08,0.000111092170609722,0,0,3.05157202562741e-05,0.00137353574977186,9.86039208875624e-06,0.00191621758649423,0,1.32201447396179e-05,0.00205706167636277,0.00587736960199757,0.00233425787157617,3.52620003419461e-07,0,0,0.000842424014370084,0,0,0,0.000262882692639883,0,0.00166510811792865,0.000154795999286693,0.00736385405133426,0,0.00515773521748726,0.000139707506935008,0.00016686923334633,0.000496572726866301,7.02582085161753e-05,0.00385982706529894,4.28022390020691e-06,0
2022,9,17,0.00379447432821881,0.0116110720852488,5.57847861643413e-08,0.000101755374583241,0,0,3.25894020311986e-05,0.00140188047923462,8.2399559709971e-06,0.00179813240607755,0,1.12902293151786e-05,0.00206181711360374,0.00576581634461439,0.00236454549961416,2.19169339524193e-07,0,0,0.000792818574298961,0,0,0,0.000284874070172449,0,0.00164514351202376,0.000142464074514623,0.00730914045260259,0,0.00522502429149213,0.000131281293490712,0.000164586776036279,0.000484821667116586,8.11281851742046e-05,0.00405630161007879,3.43214397520801e-06,0
2022,9,22,0.00375230968681013,0.0114659611884023,2.24810910021102e-75,9.25498676060601e-05,0,0,3.52130252192081e-05,0.00143012973967358,6.92750192794686e-06,0.00168637658986403,0,9.57678842856441e-06,0.00206871351220023,0.00565127685128017,0.00239377261323445,1.31919894296499e-07,0,0,0.000747312494539553,0,0,0,0.000309942254973815,0,0.00162426965168231,0.000130961915728297,0.00724929258190226,0,0.00527233156751606,0.000124276996512525,0.000162316839901481,0.000472703060103402,9.34749890414658e-05,0.00422875160582198,2.68275764957471e-06,0
2022,9,27,0.0037123911140164,0.0112944853793106,1.56204195395941e-74,8.35682625440673e-05,0,0,3.83367606969294e-05,0.00145826524406892,5.69757684809871e-06,0.00158058506743388,0,8.04305192785652e-06,0.00207775917658529,0.0055342531028381,0.00242183063647272,7.68952506457233e-08,0,0,0.000705902824478547,0,0,0,0.000338155755619302,0,0.00160255260899669,0.000120248661099798,0.00718455903635048,0,0.00529919500276831,0.000118673348256216,0.00016005918952154,0.000460252106445281,0.00010748827748105,0.00437405671709267,2.10731987822866e-06,0
2022,10,2,0.00367473232225676,0.0110971558150647,1.07285739363875e-73,7.48737671215995e-05,0,0,4.2082516132276e-05,0.00148622090415296,4.72387027757198e-06,0.00148064777648416,0,6.78688212686645e-06,0.00208894371685327,0.00541502749845135,0.00244861612013339,4.34063077153891e-08,0,0,0.000668532088075156,0,0,0,0.000369859276724752,0,0.00157998506316006,0.000110295443494581,0.00711488009093165,0,0.00530538947754342,0.000114491343238708,0.000157817028201553,0.000447505269239499,0.000123275895453753,0.00448969861750839,1.61367885553686e-06,0
2022,10,7,0.00363941253763284,0.0108749154917232,7.28392375637216e-73,6.6572986233426e-05,0,0,4.64469412669712e-05,0.00151396753779297,3.93209618818955e-06,0.0013864941696442,0,5.7582202322741e-06,0.00210216864070001,0.00529413833630833,0.00247400195833942,2.37299577776204e-08,0,0,0.000635214963478795,0,0,0,0.000405176978979704,0,0.00155677157149404,0.000101061958769578,0.00704038271232049,0,0.00529092949570892,0.000111670431179391,0.000155593443663556,0.000434500027823675,0.000141040520767041,0.00457381764755761,1.2110185558876e-06,0
2022,10,12,0.00360629978668239,0.010628571445308,4.88835756607245e-72,5.87502320657987e-05,0,0,5.14399745818944e-05,0.00154145586579016,3.2254532697791e-06,0.0012977026915184,0,4.8204194505363e-06,0.00211741541348842,0.00517183573249952,0.00249793278970754,1.25679437782558e-08,0,0,0.000605924026770874,0,0,0,0.000444492766818145,0,0.0015328789954579,9.24821458649264e-05,0.00696116254617274,0,0.00525606738579852,0.000110222780299154,0.000153388109611963,0.000421274625278669,0.000161001041299827,0.00462524395192889,9.54952024095061e-07,0
2022,10,17,0.00357555664255123,0.0103598298644089,3.24290938259437e-71,5.14274357291704e-05,0,0,5.7050731519475e-05,0.00156865409913187,2.66421982618443e-06,0.00121413441049337,0,4.0325050294327e-06,0.00213463864422359,0.00504854557664385,0.00252029003770652,6.45817691457875e-09,0,0,0.000580628400023514,0,0,0,0.000487893606327012,0,0.00150826168927189,8.45447487237394e-05,0.00687733181691921,0,0.00520128709287142,0.000110143154611561,0.000151201281326111,0.000407867812450808,0.000183368621860108,0.00464350455024869,7.49312512186196e-07,0
2022,10,22,0.00354710957145874,0.010070002891021,2.12657657202606e-70,4.46455451861058e-05,0,0,6.34716942127083e-05,0.00159554513465129,2.15488264600778e-06,0.00113547975984869,0,3.36909834642627e-06,0.00215378563011777,0.00492460557543938,0.00254092873623998,3.24378812563928e-09,0,0,0.000559377490142341,0,0,0,0.000535608177309201,0,0.00148311781108452,7.71576966130312e-05,0.00678903670486641,0,0.00512729375901219,0.000111419411183824,0.000149031616286551,0.000394318591256654,0.000208454773684003,0.00462880828700544,5.85066830282766e-07,0
2022,10,27,0.00352097281631166,0.00976103046499244,1.37848387498834e-69,3.84315082442196e-05,0,0,7.0697634154236e-05,0.00162208217980401,1.68375035954659e-06,0.00106167238079891,0,2.76583436282232e-06,0.00217488714875521,0.00480059419827539,0.00255987830183441,1.12430207930465e-10,0,0,0.000542086691779533,0,0,0,0.000587994112616516,0,0.00145754526941971,7.03456662314769e-05,0.0066964694753643,0,0.0050349993903489,0.000114075294410896,0.000146887936528803,0.000380665959980756,0.000236384831357731,0.00458201076641838,4.54599513851203e-07,0
2022,11,1,0.00349705129143565,0.00943489796274047,8.83276949382979e-69,3.27985726136524e-05,0,0,7.87441624418886e-05,0.00164819815140321,1.36631311981838e-06,0.000992448723769337,0,2.29962857851292e-06,0.00219787227766109,0.00467671718523376,0.00257705116039656,2.59705129517348e-10,0,0,0.000528796182242228,0,0,0,0.000645171296088614,0,0.00143144160475869,6.40597134937076e-05,0.00659981859939657,0,0.00492550499808965,0.000118098078717767,0.000144765318612623,0.000366948663187974,0.000267340883557168,0.00450456145428967,3.51537106263611e-07,0
2022,11,6,0.00347549684429533,0.0090934589058739,5.59457025495287e-68,2.77470710882968e-05,0,0,8.76605410824381e-05,0.00167389224759662,1.13473593708825e-06,0.000927750263802305,0,1.88851616360448e-06,0.00222265622105399,0.00455337642580513,0.00259236047979745,5.80945523883009e-10,0,0,0.000519448870062675,0,0,0,0.000707458166160375,0,0.00140490245663335,5.82872633083389e-05,0.00649916048052884,0,0.00480007967806856,0.000123480880291284,0.000142667254626296,0.00035320494874943,0.00030165548061112,0.00439843534130811,2.7058447366015e-07,0
2022,11,11,0.00345615057612556,0.00873919369002349,3.50276725401654e-67,2.32656325558804e-05,0,0,9.75734029187665e-05,0.00169912910230299,9.04812936323929e-07,0.000867287053239997,0,1.5519448585537e-06,0.00224926876601397,0.00443092787613679,0.00260572295706017,1.2584838905524e-09,0,0,0.000514042241765167,0,0,0,0.000775065582118283,0,0.00137806539397537,5.2951520716458e-05,0.00639477309332001,0,0.00466015570605225,0.000130240470014826,0.00014059320988016,0.000339472334327749,0.000339550143431574,0.00426605202755327,1.80033975052654e-07,0
2022,11,16,0.00343901916087192,0.00837438465751464,2.16785698727928e-66,1.93327331587086e-05,0,0,0.000108547303212799,0.00172384535742602,7.12932612484389e-07,0.000810854978193868,0,1.27972174594465e-06,0.00227768492488395,0.00430960137266223,0.00261712443597873,2.6400811723907e-09,0,0,0.000512581393301624,0,0,0,0.000848195882608123,0,0.00135090441007183,4.80256518884097e-05,0.00628677278077596,0,0.00450724749716591,0.000138350451605264,0.000138544457946913,0.000325787385486384,0.000381357972297391,0.00411018577914966,1.10406774847698e-07,0
2022,11,21,0.00342417490206327,0.00800116604437056,1.32624835418947e-65,1.59184845383977e-05,0,0,0.000120660060430791,0.00174804020738524,5.88189039048243e-07,0.000758378754712419,0,1.06242202126653e-06,0.00230783641616834,0.00418979258190925,0.00262646503811274,5.36446856768726e-09,0,0,0.000515077450850896,0,0,0,0.000927117050083817,0,0.00132358441578687,4.35243225140501e-05,0.00617540568385351,0,0.00434297462760999,0.000147828629890216,0.000136522916679505,0.000312185507383039,0.000427371601513836,0.00393387086058215,8.49449138226286e-08,0
2022,11,26,0.00341151968842357,0.0076221299287164,8.02036349157358e-65,1.29865485905797e-05,0,0,0.00013399895431059,0.00177164025915638,4.83848413383272e-07,0.000709745250945731,0,8.89693748974241e-07,0.00233970694852323,0.00407177414501979,0.0026337266780868,1.05546150145586e-08,0,0,0.000521520006862438,0,0,0,0.00101205575711548,0,0.00129612124114055,3.93864503686038e-05,0.00606089102024264,0,0.00416905675172475,0.000158697892844653,0.000134527105086695,0.000298698870581868,0.000477811651966775,0.00374030700870312,6.53942441316331e-08,0
2022,12,1,0.00340106989615223,0.00723943962245003,4.7944444379454e-64,1.0496070242604e-05,0,0,0.000148579092236707,0.00179467382038961,3.54823817968737e-07,0.000664645260533731,0,7.2941155909888e-07,0.00237324770093121,0.00395577054905418,0.00263889077933443,2.01107082692164e-08,0,0,0.000531842686564745,0,0,0,0.00110325191926989,0,0.00126852439161085,3.55726679023197e-05,0.00594345591971857,0,0.00398719538216673,0.000170927655801203,0.000132560572650733,0.000285364068202297,0.0005330562697812,0.00353277002908114,5.06049932512834e-08,0
2022,12,6,0.00339278061242938,0.0068553731431877,2.83307227324418e-63,8.40353017554986e-06,0,0,0.000164590032124866,0.00181706346746834,2.90620399395833e-07,0.000623088175881684,0,6.07979650229849e-07,0.00240838103843922,0.00384198652432364,0.00264190371792013,3.71095883422263e-08,0,0,0.000546105332822653,0,0,0,0.00120081587368179,0,0.00124093293897955,3.20911084369158e-05,0.0058232841723814,0,0.00379913640431433,0.000184564038608116,0.000130621316413034,0.000272209697027127,0.0005933141126981,0.00331453198364508,3.96733056859826e-08,0
2022,12,11,0.00338662080329658,0.00647204001984003,1.65482556483891e-62,6.66443616545991e-06,0,0,0.000182096687842761,0.00183880420540948,2.37331184000425e-07,0.000585043088731382,0,4.93407726619327e-07,0.00244515892560936,0.00373069758969495,0.00264280457840462,6.6317011892264e-08,0,0,0.000564265541616034,0,0,0,0.00130500586921317,0,0.00121354077308631,2.88750025365308e-05,0.00570067040713194,0,0.00360660775461475,0.000199549025202642,0.000128711058816509,0.000259264771829652,0.000658965526588865,0.00308879426717302,4.82796055999612e-09,0
2022,12,16,0.0033825795028199,0.00609193687053623,9.55481034856372e-62,5.20837320929791e-06,0,0,0.000201228130996678,0.00185983093188563,1.9324087973607e-07,0.000550152076196919,0,3.85427079544689e-07,0.00248354013624925,0.00362205373715259,0.00264156801704394,1.14776350649275e-07,0,0,0.000586356145908378,0,0,0,0.00141593654457159,0,0.00118630902587567,2.59371534968108e-05,0.00557581302795767,0,0.00341129373724486,0.000215957911500638,0.00012682986519991,0.000246556360362834,0.000730242054348183,0.00285863517610433,6.6401560125164e-09,0
2022,12,21,0.00338051630989232,0.00571665721318325,5.45339906973746e-61,4.05477156615054e-06,0,0,0.000222074886020066,0.00188015485531064,1.173539895449e-07,0.000518375440750322,0,3.19379765120901e-07,0.00252351722743086,0.00351621676655986,0.00263818676123842,1.92389069035492e-07,0,0,0.000612316009027498,0,0,0,0.0015337707877046,0,0.00115936818124334,2.32808321713461e-05,0.00544894782793702,0,0.00321481620103334,0.000233726804023633,0.000124978850955021,0.000234109484376943,0.000807451940896289,0.00262697164107727,9.08560334958435e-09,0
2022,12,26,0.00338056538413333,0.00534822795304757,3.07671963244316e-60,3.12581122700892e-06,0,0,0.000244800777536523,0.00189972465653419,9.51183956738244e-08,0.000489817770306429,0,2.514976284009e-07,0.00256501891808344,0.00341332407634281,0.00263265571032624,3.12338307436593e-07,0,0,0.000642127319530279,0,0,0,0.00165860398624984,0,0.00113269211041673,2.08425136480973e-05,0.00532035249790441,0,0.00301872574709297,0.000252881971494119,0.000123156951644466,0.00022194337891216,0.000890852113071179,0.00239649929411505,1.23677353142342e-08,0
2022,12,31,0.00338259525988584,0.00498820382932739,1.71586879101804e-59,2.38601855620094e-06,0,0,0.0002695008430449,0.00191850668983221,6.04394415902046e-13,0.000464187404655892,0,2.07484072575809e-07,0.00260800741467897,0.00331348897261513,0.00262498442572756,4.91144776970227e-07,0,0,0.000675861377467407,0,0,0,0.0017905050028066,0,0.00110640475401131,1.85973541383601e-05,0.00519027169409622,0,0.0028244432711806,0.000273418540186065,0.000121365572938858,0.000210084751225906,0.000980744034952,0.00216982331145604,1.6748947116252e-08,0
2023,1,5,0.00338655200271981,0.0046382512682249,9.45923055281833e-59,1.80336527598721e-06,0,0,0.000296335808934783,0.0019364964877221,8.48404407808484e-13,0.000441344845866518,0,1.57547050367529e-07,0.00265240983229285,0.00321680116832239,0.00261517025591883,7.48107929575805e-07,0,0,0.000713361591361965,0,0,0,0.00192949736155568,0,0.0010804341229452,1.65862944366427e-05,0.00505894019605567,0,0.00263330242335781,0.000295308573792295,0.000119605214575941,0.000198547981792107,0.00107730309809051,0.00194919667634915,2.25655415302349e-08,0
2023,1,10,0.00339249040381618,0.00429950699873756,5.15469771847095e-58,1.34951542149925e-06,0,0,0.000325452766768597,0.00195366010857328,1.18740426567982e-12,0.000421453414338978,0,1.29422289332028e-07,0.00269829673410003,0.00312331412940686,0.00260328912672879,1.10470442316164e-06,0,0,0.000754692977973175,0,0,0,0.00207562996686839,0,0.00105498340254828,1.47598634632751e-05,0.0049265858042601,0,0.00244650843165481,0.000318521222406949,0.00011787460809674,0.000187355559687253,0.00118085018645652,0.0017366966732601,3.02457897534203e-08,0
2023,1,15,0.0034003491405332,0.00397324225723075,2.77668313314856e-57,9.73411864309727e-07,0,0,0.000356961481925932,0.00196998520043,1.65694304650311e-12,0.000404229307621461,0,8.05752785461367e-08,0.00274561428728306,0.00303308759765936,0.00258933260322002,1.57994238461141e-06,0,0,0.000799865742467949,0,0,0,0.00222888609571142,0,0.00103009820522203,1.31023187496882e-05,0.00479348497507211,0,0.00226511834770621,0.000343062553764919,0.000116174653959894,0.000176517129393449,0.00129154621871619,0.00153415537663606,6.22425787495684e-08,0
2023,1,20,0.00340997408651589,0.00366011868966645,1.47851331789024e-56,7.15894498745795e-07,0,0,0.00039103497813239,0.00198543194581324,2.30531308504045e-12,0.000389742083840023,0,5.29194477378368e-08,0.00279431426575132,0.0029461318410236,0.00257334505981603,2.19302141687021e-06,0,0,0.000848672787443844,0,0,0,0.00238916367194782,0,0.00100582671415547,1.16041441051888e-05,0.00465988658699164,0,0.00209006325319275,0.000368864208068729,0.000114504983449086,0.000166042293656749,0.00140965637445008,0.00134307402352689,8.28875432337867e-08,0
2023,1,25,0.00342136593386283,0.00336144257031415,7.78215772352916e-56,5.21123936618856e-07,0,0,0.000427834478911105,0.00199998781316207,3.19790588632593e-12,0.000377908938576347,0,4.33295843995697e-08,0.00284435718812411,0.0028624796372513,0.00255541746199096,2.95178264668133e-06,0,0,0.000901188113352915,0,0,0,0.00255638430799127,0,0.000982191205119773,1.02649855339364e-05,0.00452599007031658,0,0.00192212925318026,0.000395899504763033,0.000112867055380171,0.000155940791004606,0.00153519895815621,0.00116490859021166,1.23585260494171e-07,0
2023,1,30,0.00343459620944273,0.00307757085220981,4.04902776159665e-55,3.75467797339848e-07,0,0,0.000467516258628358,0.00201361579533247,4.42297962920788e-12,0.000368793687255167,0,2.39728410955396e-08,0.00289574754812478,0.00278211377207735,0.00253554661467279,3.863225579002e-06,0,0,0.000957259625598187,0,0,0,0.00273040233911572,0,0.000959261613003582,9.05747745326705e-06,0.00439206883904474,0,0.0017619621440748,0.0004241251440155,0.000111259959884423,0.000146222581872387,0.00166838473294953,0.00100054154263859,1.63361114107023e-07,0
2023,2,4,0.00344948706390737,0.00280896650862668,2.08246392549127e-54,2.67759021524505e-07,0,0,0.000510234279665639,0.00202632340790625,6.09926869293952e-12,0.000362295022564159,0,1.95848521643109e-08,0.00294846736171574,0.0027049695150251,0.00251380024622136,4.91138929448398e-06,0,0,0.00101686646855407,0,0,0,0.00291090456315918,0,0.000937085794664018,7.97136233473044e-06,0.00425831137950539,0,0.00161013465776,0.000453466680815749,0.000109682848552555,0.000136896735493794,0.00180933159329979,0.000850611299934568,2.14847300752846e-07,0
2023,2,9,0.00346612969631572,0.00255573306858254,1.05871799095045e-53,1.88997187561752e-07,0,0,0.000556192327556447,0.00203808315059429,8.38598779525616e-12,0.00035828954979515,0,1.59568246260627e-08,0.00300241944831872,0.00263103013131238,0.00249025258725175,6.07547050182073e-06,0,0,0.0010799022289437,0,0,0,0.00309770451769565,0,0.00091572888844775,6.9969320647153e-06,0.00412496177801607,0,0.00146693210124997,0.000483893799927322,0.000108135579484001,0.000127958480036265,0.00195802244840362,0.000715502128376734,2.81132341502138e-07,0
2023,2,14,0.00348438012573906,0.00231801177239973,5.3205832138597e-53,1.32040283828442e-07,0,0,0.000605546950538964,0.00204887474854966,1.1495937290211e-11,0.000356819452490416,0,6.64900803194522e-21,0.00305761543042066,0.00256017109071529,0.00246495268827426,7.33548919059686e-06,0,0,0.00114630320270027,0,0,0,0.00329051210968921,0,0.00089521968275566,6.12501142246264e-06,0.00399223537841631,0,0.00133263417359112,0.000515285147424046,0.000106618599340316,0.000119417446125885,0.00211447926647446,0.000595318194945282,3.74920686091943e-07,0
2023,2,19,0.003504177894879,0.00209566338347031,2.64310485775801e-52,9.13056181340787e-08,0,0,0.000658465724309825,0.00205868513155853,1.57126093024748e-11,0.000357893158835447,0,1.03465729127325e-20,0.00311401802412663,0.00249239665480414,0.00243796877627391,8.669863944778e-06,0,0,0.00121586004482218,0,0,0,0.00348899595564163,0,0.000875631880922378,5.33268981735793e-06,0.00386036846762939,0,0.00120740166794282,0.000547607743213755,0.000105131592780553,0.000111265138567676,0.00227865799553995,0.000489688451374637,4.86238773783799e-07,0
2023,2,24,0.00352557698214886,0.0018889273337997,1.2979137008599e-51,6.24925953824687e-08,0,0,0.000715140939299934,0.00206749392123968,2.1412435516447e-11,0.000361449510684391,0,1.60568951299005e-20,0.00317162191990874,0.00242756709489107,0.00240937245146045,1.00920680300528e-05,0,0,0.00128851248995854,0,0,0,0.00369253131106453,0,0.000856989140818329,4.62925682079351e-06,0.00372951180466649,0,0.00109125712175653,0.000580735588364779,0.000103673480738216,0.000103502226440803,0.00245046576174723,0.000398004355706987,6.27460310034e-07,0
2023,3,1,0.00354837666200843,0.00169723231311099,6.30018897034844e-51,4.23350128179718e-08,0,0,0.000775646211675295,0.00207528525643606,2.90936171140796e-11,0.000367551405181077,0,2.48514654019043e-20,0.00323028535589444,0.00236559926627636,0.00237923824773599,1.16165757642903e-05,0,0,0.00136415684594198,0,0,0,0.0039007830640269,0,0.000839324625080011,4.00904964399756e-06,0.00359985137377637,0,0.000984153153432612,0.000614619766312353,0.000102244613609705,9.61328898691972e-05,0.00262973753524551,0.000319724659317299,8.05658559229258e-07,0
2023,3,6,0.00357267928695953,0.00152011263687278,3.02299712132769e-50,2.83864423277874e-08,0,0,0.000840262431581239,0.00208206221887852,3.94133479902428e-11,0.000376300035026403,0,3.83590477679152e-20,0.0032900558040894,0.00230641311384465,0.00234764319043009,1.3308751820924e-05,0,0,0.0014425235116599,0,0,0,0.00411321334398455,0,0.000822671388577869,3.47240166116071e-06,0.00347160025950296,0,0.000885975219968843,0.000649143749770043,0.000100843825201189,8.91326713884467e-05,0.00281627834601708,0.000253718424537179,1.02930843703008e-06,0
2023,3,11,0.0035984167481227,0.00135725557433403,1.4338322754516e-49,1.88391990543026e-08,0,0,0.000909082757914744,0.00208780395639916,5.32356985342728e-11,0.000387607252176684,0,5.90485198775249e-20,0.00335086913413497,0.00224984383947203,0.00231466635569012,1.52906308636491e-05,0,0,0.00152350762336425,0,0,0,0.00432935511109394,0,0.000807134768954758,2.99846316963395e-06,0.00334494247953662,0,0.000796548189993458,0.000684168221652484,9.94713355932579e-05,8.25204491610424e-05,0.00300983202468672,0.000198776340768064,1.33070113306482e-06,0
2023,3,16,0.00362550723915132,0.00120783960392421,6.72257247832785e-49,1.23752552253068e-08,0,0,0.000982286274932028,0.00209248963746348,7.16929858898161e-11,0.000401564321363511,0,9.06516258523787e-20,0.0034126598006978,0.00219578745867369,0.00228038843576312,1.77363083037986e-05,0,0,0.00160692621701859,0,0,0,0.00454853705565766,0,0.000792688290118855,2.58125464003775e-06,0.00322003639299215,0,0.000715548452869068,0.000719612330954036,9.81259072763981e-05,7.62793804514633e-05,0.00321009214126939,0.000153714337446356,1.68489892750128e-06,0
2023,3,21,0.00365391164899921,0.00107165308716882,3.11565396790456e-48,8.04611463304056e-09,0,0,0.001060051370888,0.00209613212159292,9.62641372247824e-11,0.000418169565042212,0,1.38792999855999e-19,0.00347541635621202,0.00214408744445098,0.00224489131419552,2.08506284531936e-05,0,0,0.00169256769646954,0,0,0,0.00476994608773847,0,0.000779388893835089,2.16691250482618e-06,0.0030970364031025,0,0.000642729571580659,0.000755361414288089,9.68076965645636e-05,7.03918714268382e-05,0.0034166874488705,0.000117354691705733,2.15679114883707e-06,0
2023,3,26,0.00368366871482751,0.000947736757274534,1.42737993126094e-47,5.177959492068e-09,0,0,0.00114247841721033,0.00209871433153623,1.2887437747854e-10,0.000437500778799514,0,2.11926326891697e-19,0.00353908424066648,0.00209466126338693,0.00220825765471438,2.48850717456721e-05,0,0,0.00178022103915572,0,0,0,0.00499298988529832,0,0.000767253435717071,1.8572755682499e-06,0.00297605861444155,0,0.000577742396018039,0.000791283211857414,9.55157274626781e-05,6.48611679589515e-05,0.00362920207474182,8.84059297092297e-05,2.77893223483193e-06,0
2023,3,31,0.00371461569921376,0.000835600028752646,6.46407903878591e-47,3.29815849925837e-09,0,0,0.00122967921296274,0.00210023089412757,1.7202156755748e-10,0.000459595120008997,0,3.22721309182511e-19,0.00360356004518368,0.00204728924603825,0.002170570507242,3.00763464815269e-05,0,0,0.00186957710436264,0,0,0,0.00521692581320236,0,0.000756330108941976,1.58657828759886e-06,0.00285726309815224,0,0.000520237883251891,0.000827270875804962,9.42493676177282e-05,5.96638270440119e-05,0.00384712695551243,6.55677037347958e-05,3.63761750773394e-06,0
2023,4,5,0.00374676162947776,0.000734393414612798,2.89367992807751e-46,2.07933707262438e-09,0,0,0.00132180603050785,0.00210067432190951,2.2893571128804e-10,0.000484512470967056,0,4.90112475882278e-19,0.00366886527205914,0.00200198214585082,0.00213190047810157,3.66436813055054e-05,0,0,0.00196045245335012,0,0,0,0.00544097599561263,0,0.000746604510043656,1.35079252920172e-06,0.00274073269715456,0,0.000469820626224358,0.000863188715755636,9.30079538331012e-05,5.48011912554086e-05,0.00406993031076482,4.80280617229654e-05,4.61116551812242e-06,0
2023,4,10,0.00378005130829609,0.000643360590621516,1.2804751235357e-45,1.2975342449947e-09,0,0,0.00141896087275971,0.00210005036472169,3.03779570867088e-10,0.000512312599138315,0,7.42316742690102e-19,0.00373490359434388,0.00195851032376755,0.00209234548206592,4.47669203500144e-05,0,0,0.00205258939141366,0,0,0,0.00566442706542675,0,0.000738117277509682,1.13239152269317e-06,0.00262666835835538,0,0.000426106275370325,0.000898923473059717,9.17907947891154e-05,5.02531697793088e-05,0.00429703312403019,3.4721359310101e-05,5.81093717669219e-06,0
2023,4,15,0.00381460567461161,0.000561853122755572,5.60104003331166e-45,8.01407451299065e-10,0,0,0.00152120016379347,0.00209834223038278,4.01900015178741e-10,0.000543038855091369,0,1.12126466880693e-18,0.00380169360610262,0.00191675237450246,0.0020519867202435,5.4529659805969e-05,0,0,0.00214576718707168,0,0,0,0.00588642487678026,0,0.000730883330756813,9.3239241908969e-07,0.00251506995056103,0,0.000388768600006251,0.000934358315034669,9.05971737872005e-05,4.60081775988304e-05,0.00452775667228768,2.46772428187213e-05,7.27475799999835e-06,0
2023,4,20,0.0038502452863996,0.000489110725692924,2.42182714121747e-44,4.89923865265101e-10,0,0,0.00162862680661265,0.00209556546193933,5.30141709811822e-10,0.000576834064755325,0,1.68908849073836e-18,0.00386907289792296,0.00187661789878806,0.00201090281133961,6.59653503070508e-05,0,0,0.00223961472695607,0,0,0,0.00610614545609742,0,0.000724931295301614,7.87998957833389e-07,0.00240607623045744,0,0.000357397637823062,0.000969358242610982,8.94263515089647e-05,4.20503589484591e-05,0.00476141780901602,1.71551762066924e-05,8.98613127962611e-06,0
2023,4,25,0.00388689772105645,0.000424392850266931,1.03512928912443e-43,2.96445281887559e-10,0,0,0.00174121748763647,0.00209171728598164,6.97237080558976e-10,0.000613648248968863,0,2.53759348735097e-18,0.00393703345569642,0.00183787046425674,0.00196918885999123,7.90047857650509e-05,0,0,0.00233391523671693,0,0,0,0.00632278398618214,0,0.000720269025703024,6.63559231506994e-07,0.00229974950564596,0,0.00033180387275756,0.00100381708495446,8.82772161804952e-05,3.8382652357687e-05,0.00499727436943385,1.18997914660377e-05,1.11720173947404e-05,0
2023,4,30,0.00392467845374461,0.000367058845023523,4.37343924400578e-43,1.77542067571047e-10,0,0,0.00185907870995297,0.00208679417220956,9.14289183480956e-10,0.000653709144448341,0,3.80204351131538e-18,0.00400546692138353,0.00180045702096721,0.00192688431646546,9.35595975228992e-05,0,0,0.00242829310403342,0,0,0,0.00653553307299653,0,0.000716908818628779,5.56750852839562e-07,0.00219618485670103,0,0.000311440961015022,0.00103761002133087,8.71497272716475e-05,3.49777020655771e-05,0.0052345432104536,8.15490977841479e-06,1.39805782992081e-05,0
2023,5,5,0.00396343085442578,0.000316496433746678,1.82653794203114e-42,1.0524436243736e-10,0,0,0.00198214399248638,0.00208080614469244,1.19536723429087e-09,0.000696907495471705,0,5.68116624126803e-18,0.00407430201659589,0.00176424156853724,0.00188410318439141,0.000109462735967379,0,0,0.00252255668054891,0,0,0,0.00674358777859687,0,0.000714860611499918,4.65445921933987e-07,0.00209540250100931,0,0.000296042374725274,0.00107062270576559,8.60427085495088e-05,3.18303229306541e-05,0.00547240495021379,5.50645118620841e-06,1.72495857923924e-05,0
2023,5,10,0.00400320926559893,0.000271913695337868,7.54069634205008e-42,6.17500483212184e-11,0,0,0.0021103498682445,0.002073746398621,1.55823812655967e-09,0.00074346433838038,0,8.46609809100662e-18,0.00414353373906244,0.00172910520703454,0.00184092144261414,0.000126567050784546,0,0,0.00261633389610692,0,0,0,0.00694616114289765,0,0.000714132033281374,3.87707954351208e-07,0.00199749969214396,0,0.000285358218639099,0.00110274408167021,8.49549961930058e-05,2.89231903333066e-05,0.00571000919032191,3.62348760595481e-06,2.1055400241325e-05,0
2023,5,15,0.00404388444491166,0.000232969847126058,3.07731117598482e-41,3.58605302755047e-11,0,0,0.00224373524428878,0.00206564101205101,2.02526133760328e-09,0.000793362399129473,0,1.25821389713715e-17,0.00421300097673088,0.00169490051491793,0.00179739640196393,0.000144778322441576,0,0,0.00270937451203276,0,0,0,0.00714249186636176,0,0.000714739313606796,3.21786141462791e-07,0.00190245623302348,0,0.000279133773400119,0.00113385944070564,8.38858414261152e-05,2.62434830172951e-05,0.00594648016389319,2.31249655516363e-06,2.55952759026096e-05,0
2023,5,20,0.00408555478066118,0.00019892308662533,1.24139112374471e-40,2.06128057548302e-11,0,0,0.00238209202945112,0.00205648795471257,2.62447921293174e-09,0.000846673465263438,0,1.86488064990907e-17,0.00428267387806746,0.00166157549689517,0.00175359895143798,0.000164057778049146,0,0,0.00280141869756323,0,0,0,0.00733185194664079,0,0.000716669470080162,2.66107493608197e-07,0.0018103310413588,0,0.00027705161493622,0.00116388178725664,8.28354769183528e-05,2.37794305690614e-05,0.00618092274417574,1.49832030532697e-06,3.10737019196241e-05,0
2023,5,25,0.00412813474969027,0.000169260926193422,4.95020482963464e-40,1.17273142870759e-11,0,0,0.00252534076187184,0.00204629698853455,3.3909397565487e-09,0.000903432212166434,0,2.75659517118622e-17,0.00435242593885767,0.00162900833912251,0.00170959771828694,0.000184443668734459,0,0,0.00289210962433121,0,0,0,0.00751355416754373,0,0.000719913923649949,2.19267374536373e-07,0.00172116383622307,0,0.000278902786868651,0.00119270271057485,8.18023243873386e-05,2.15186188569022e-05,0.00641242874222168,9.13100740468047e-07,3.76575381848599e-05,0
2023,5,30,0.00417158289345279,0.000143637565398927,1.95125966394485e-39,6.6039095952551e-12,0,0,0.00267330231565098,0.00203507930246337,4.36829474522382e-09,0.000963676376382479,0,4.06368768397535e-17,0.00442221083808643,0.001597039622173,0.00166545900196326,0.000206033100212751,0,0,0.00298125828331769,0,0,0,0.00768694172953634,0,0.000724499591038983,1.80018887164862e-07,0.00163495459314415,0,0.00028449000353693,0.00122022766457169,8.07852190404503e-05,1.94540583719138e-05,0.00664008341711525,4.98354031335611e-07,4.54661046841757e-05,0
2023,6,4,0.00421586174831946,0.000121466791185288,7.60298929485661e-39,3.68082209250535e-12,0,0,0.00282580998343538,0.00202284750538784,5.61072222454134e-09,0.00102752318952295,0,5.97438268665103e-17,0.00449190508447641,0.00156560857085642,0.00162124673182035,0.000228988119123197,0,0,0.00306856978012514,0,0,0,0.00785146904685349,0,0.000730410428669408,1.47261518361801e-07,0.00155169416006896,0,0.000293539984893477,0.00124636666337902,7.9784057839351e-05,1.75646887930855e-05,0.00686297211883033,2.41596604277995e-07,5.46061260852452e-05,0
2023,6,9,0.00426105530982923,0.000102419979100757,2.92840510900568e-38,2.03062504047213e-12,0,0,0.00298262017992528,0.00200960949199722,7.18522920736653e-09,0.00109496540870348,0,8.75973838819489e-17,0.0045613892220561,0.00153469049269913,0.0015770224465096,0.000253430971322825,0,0,0.00315368604952019,0,0,0,0.00800659142112002,0,0.000737641394399903,1.20029396457549e-07,0.00147136973150343,0,0.000305919274192178,0.0012710343614475,7.87976490981363e-05,1.58417375363906e-05,0.00708018698194233,1.0924536994945e-07,6.52508661430398e-05,0
2023,6,14,0.0043071052809985,8.60823383626497e-05,1.11495014249067e-37,1.10880685014946e-12,0,0,0.0031434842483967,0.00199539373317842,9.17439763056224e-09,0.00116602493911847,0,1.28089820695438e-16,0.00463065615799271,0.00150415880862645,0.00153284529281602,0.000279447383892027,0,0,0.00323648880602174,0,0,0,0.00815185321993689,0,0.000746185518080468,9.74794614068184e-08,0.00139398732607055,0,0.000321617668874445,0.00129415010189136,7.78241301241967e-05,1.42803944929786e-05,0.00729083358820253,6.73258410490093e-08,7.77276053791495e-05,0
2023,6,19,0.00435393210353659,7.20804515788385e-05,4.19621085259022e-37,5.99271142490092e-13,0,0,0.00330805910417776,0.00198020672150539,1.16796442519089e-08,0.0012406830198308,0,1.86794241093491e-16,0.00469955374724492,0.0014739076264792,0.00148877204151846,0.000306997387932109,0,0,0.0033168213506309,0,0,0,0.00828687121034528,0,0.000756033954183663,7.88797954956138e-08,0.00131951746097424,0,0.000340324746354983,0.00131563794705442,7.68638673225667e-05,1.28621995278592e-05,0.00749403751738478,4.083682282381e-08,9.23411108736546e-05,0
2023,6,24,0.0044016115817015,6.01157722630648e-05,1.56112173502805e-36,3.20576866894352e-13,0,0,0.0034760604803937,0.00196407054924882,1.4825073068361e-08,0.00131894813035578,0,2.7166752804171e-16,0.00476796210001966,0.00144394432442084,0.0014448571177556,0.00033588556125015,0,0,0.00339447617710985,0,0,0,0.00841133903427501,0,0.000767176032996214,6.3598313432541e-08,0.00124794300155284,0,0.00036204289826885,0.00133542670504974,7.59167174192643e-05,1.15852081600473e-05,0.0076889507087784,2.43788668304427e-08,0.000109162262919252,0
2023,6,29,0.00445002056177207,5.00054601029278e-05,5.74108396307654e-36,1.69739294800418e-13,0,0,0.00364706996210015,0.0019470041034913,1.87620068486058e-08,0.00140072678244256,0,3.94037325531753e-16,0.00483579185037943,0.00141417413957282,0.00140115264332616,0.000365719605151515,0,0,0.00346919584992383,0,0,0,0.00852503085672979,0,0.000779599310146594,5.1091965477118e-08,0.00117921172162727,0,0.000386524200309371,0.00135344996517114,7.49804567149739e-05,1.0434469195725e-05,0.00787475756012511,1.43240719873085e-08,0.000128696709098875,0
2023,7,4,0.00449922296989454,4.14169409789292e-05,2.08703020504256e-35,8.89557555779133e-14,0,0,0.00382073663700449,0.00192903181134275,2.36742922883553e-08,0.00148609831126224,0,5.69983623220887e-16,0.00490294803834706,0.00138445968498425,0.00135770848834888,0.000395919481897112,0,0,0.00354089907166818,0,0,0,0.00862780411151707,0,0.000793301011114418,4.08965665433485e-08,0.00111327667410161,0,0.000413797131323082,0.00136964615363676,7.40557900403622e-05,9.40657960929085e-06,0.0080506806965362,8.28344295155684e-09,0.000151246683627269,0
2023,7,9,0.00454927060321132,3.4142126423478e-05,7.49965569388208e-35,4.61431464325886e-14,0,0,0.00399660478500564,0.0019101686765413,2.97844808524255e-08,0.00157492248154849,0,8.22266838938415e-16,0.00496937268724313,0.00135492033417918,0.00131457232975306,0.000425711024137316,0,0,0.00360948684792306,0,0,0,0.00871960127893468,0,0.000808248854122736,3.2617328321226e-08,0.00105012441394864,0,0.000443757602545935,0.00138395861917452,7.31408530030618e-05,8.48688077281241e-06,0.00821598634880135,4.7146199214458e-09,0.000177122388934835,0
2023,7,14,0.00460011150423025,2.79531877757444e-05,2.66398464933741e-34,2.36909183870914e-14,0,0,0.00417422888732468,0.00189044498893888,3.7360994240207e-08,0.00166712683083711,0,1.18301038664848e-15,0.00503484860757783,0.00132536241937976,0.00127178971416183,0.000454182498424651,0,0,0.00367482909640782,0,0,0,0.0088004506407003,0,0.000824426339312673,2.59201405062567e-08,0.000989695096055453,0,0.000476289780936419,0.00139633575559116,7.22359877341941e-05,7.66832591927682e-06,0.00836998928830191,2.64103343343466e-09,0.000206710203003496,0
2023,7,19,0.00465167423548398,2.25784296483421e-05,9.35405582997115e-34,1.20392150868476e-14,0,0,0.00435311753479947,0.00186987522500432,4.67263892133173e-08,0.00176261421262058,0,1.69742159344776e-15,0.00509937994220549,0.00129583045395322,0.00122937815650919,0.000480333103446127,0,0,0.00373690216082821,0,0,0,0.00887046596948099,0,0.000841818704858201,2.05236211577475e-08,0.000931937254093788,0,0.000511435003475691,0.001406731165791,7.1339026433987e-05,6.94910195935912e-06,0.00851205727424012,1.45610442585179e-09,0.000240422560100604,0
2023,7,24,0.00470400970536478,1.82193391114472e-05,3.24672937321893e-33,6.05558466983523e-15,0,0,0.00453267785893653,0.00184849857415248,8.14447384106278e-08,0.00186126135941338,0,2.42893711445438e-15,0.0051627958295411,0.00126624378564618,0.00118742313649558,0.000503136766683654,0,0,0.00379563999909994,0,0,0,0.00892984512356358,0,0.000860405338882468,1.61919348149736e-08,0.000876774427210156,0,0.000549187572550304,0.00141510386885129,7.04496832951401e-05,6.3175150373781e-06,0.00864161497784812,7.90137284502124e-10,0.000278717435015627,0
2023,7,29,0.00475705553322899,1.45632381265094e-05,1.11396144571455e-32,3.01478026623314e-15,0,0,0.00471249305072255,0.00182633156752381,1.01614954462448e-07,0.0019629217325694,0,3.46631640593662e-15,0.00522499158702984,0.00123666966300127,0.00114595951154088,0.000521608415191725,0,0,0.00385113867409366,0,0,0,0.00897886753140302,0,0.000880164112857608,2.51469112255677e-13,0.000824166012278633,0,0.000589517723676839,0.0014214185488466,6.95680777644568e-05,5.77966458824026e-06,0.00875814735740172,4.21991788169953e-10,0.000322203999228461,0
2023,8,3,0.00481090649044281,1.17236315304122e-05,3.77808924237945e-32,1.48558315677739e-15,0,0,0.00489193104271164,0.00180340526995865,1.26409899656186e-07,0.00206738110713663,0,4.93339077797139e-15,0.00528582945903716,0.0012070296962672,0.00110501078002883,0.000534874520471822,0,0,0.00390333865517606,0,0,0,0.00901789056587609,0,0.000901071416889343,3.63581397133609e-13,0.000774056798995317,0,0.000632607674213767,0.00142564584127472,6.86934937651221e-05,5.31644147607297e-06,0.00886120246699207,2.21818035574953e-10,0.000371233243996127,0
2023,8,8,0.00486555813283123,9.32900710880893e-06,1.26663735011131e-31,7.24569474567347e-16,0,0,0.00507045352158209,0.00177975223379079,1.56795474973343e-07,0.00217454021693556,0,7.00242096903448e-15,0.00534529526251235,0.00117736897628788,0.00106461289984495,0.000542205557016771,0,0,0.00395232994817698,0,0,0,0.00904734482391409,0,0.000923102192986825,5.23776250941703e-13,0.000726379470852143,0,0.000678267955908194,0.00142776265029446,6.78249653812572e-05,4.91980226818687e-06,0.00895039369087661,1.14757511121982e-10,0.000426424027417466,0
2023,8,13,0.00492096379056259,7.2672915174671e-06,4.19769072327611e-31,3.49788001241329e-16,0,0,0.00524748275034141,0.00175539854842636,2.0947478601097e-07,0.00228415305845319,0,9.91234245153837e-15,0.00540318337586028,0.00114759857383986,0.00102477616774797,0.000543090625036004,0,0,0.00399824487357876,0,0,0,0.00906772834363016,0,0.00094622996642739,7.51825573752605e-13,0.000681047320220739,0,0.000726728472974573,0.00142775248765455,6.6961563576426e-05,4.59334229313396e-06,0.0090254014036349,5.84328134125604e-11,0.000488298121718687,0
2023,8,18,0.00497710146394261,5.58053128966138e-06,1.3751393105267e-30,1.67136626560063e-16,0,0,0.00542241310368074,0.0017303750525065,2.58809756675235e-07,0.00239592216692088,0,1.39936098905046e-14,0.0054594535563303,0.00111772840584699,0.000985584539143887,0.000537251685527309,0,0,0.00404118342351614,0,0,0,0.00907959980790719,0,0.000970429313886676,1.07526504795627e-12,0.000637999198786883,0,0.000777951851421406,0.00142560582226782,6.61030800078934e-05,4.32283466848888e-06,0.00908597406411505,2.9283560785719e-11,0.000557427420071402,0
2023,8,23,0.0050340192523836,4.22502679944706e-06,4.45308629979952e-30,7.90460639555434e-17,0,0,0.0055947275489878,0.00170470705321822,3.18843750549671e-07,0.0025095763100084,0,1.97019227066328e-14,0.00551401996940079,0.00108780787217573,0.00094704047357282,0.000524682644011336,0,0,0.00408129808191272,0,0,0,0.00908357080045873,0,0.000995666484344731,1.53229049212582e-12,0.000597162470398226,0,0.000831995558391688,0.00142132042794395,6.52493553020617e-05,4.12071046516456e-06,0.00913192875813089,1.44438304695732e-11,0.000634381788441061,0
2023,8,28,0.0050916939061281,3.10701718716997e-06,1.42545569385429e-29,3.70024773416802e-17,0,0,0.00576379911429835,0.00167843759415577,3.91673347003929e-07,0.00262484709486605,0,2.76638641095846e-14,0.00556673458948448,0.00105789116237807,0.00090917306579013,0.000505634445609207,0,0,0.00411877115898366,0,0,0,0.00908029719737666,0,0.00102191306213832,2.17567402878261e-12,0.00055848227048171,0,0.000889015912838741,0.00141490171588802,6.43998714802718e-05,3.96988829278758e-06,0.00916315121094839,7.01184473904631e-12,0.000719700215918149,0
2023,9,2,0.00515012695407918,2.24864728539944e-06,4.51049881239267e-29,1.71444410109769e-17,0,0,0.00592906810540998,0.00165159912760532,4.79754931718046e-07,0.00274142958493466,0,3.87384694282272e-14,0.0056175411527282,0.00102794426095461,0.000871997839446311,0.000480624581207631,0,0,0.00415379667776436,0,0,0,0.00907046979386565,0,0.00104913719223817,3.07803597476391e-12,0.000521874030534611,0,0.000949096557927109,0.00140636303823204,6.35530795222921e-05,3.87961896881481e-06,0.00917959529571299,3.3502221877868e-12,0.000814097418442609,0
2023,9,7,0.00520927440785473,1.5835752736843e-06,1.41082680372431e-28,7.86244961552531e-18,0,0,0.00608995749724441,0.001624222034719,5.85955548202353e-07,0.00285895057358149,0,5.41000237671065e-14,0.00566633574642516,0.000997986855148689,0.000835553800349613,0.000450434945158824,0,0,0.00418660105176952,0,0,0,0.00905480428194092,0,0.00107730573739931,4.33891056326898e-12,0.000487234208186003,0,0.0010122446240781,0.00139572594909161,6.27089652232876e-05,3.83815823429002e-06,0.00918128206808646,1.57545622564223e-12,0.000917958883115151,0
2023,9,12,0.00526923246843377,9.81193360323661e-07,4.36215558500925e-28,3.568900821907e-18,0,0,0.00624596393787887,0.00159634084402904,7.66701287696313e-07,0.00297699483229914,0,7.53490597933811e-14,0.00571301830734879,0.000968067112413759,0.000799853543820866,0.000416035417751278,0,0,0.00421742587660751,0,0,0,0.00903403071001128,0,0.00110638430181879,6.09417397417575e-12,0.000454517966058735,0,0.00107856468930656,0.00138302041041047,6.18674973461659e-05,3.84861096678322e-06,0.00916829836048587,7.29172836335101e-13,0.0010318076107853,0
2023,9,17,0.0053299068218203,6.12620594954324e-07,1.33323578332585e-27,1.60344172814803e-18,0,0,0.00639655968340999,0.00156799062130316,1.09333259701049e-06,0.00309526903154468,0,1.04660692153418e-13,0.00575749595633085,0.000938135336037826,0.000764957073017831,0.000378591485053691,0,0,0.00424652858856323,0,0,0,0.00900888256914605,0,0.00113633725428435,8.52856848241123e-12,0.000423641006870967,0,0.00114830814459494,0.00136828493112396,6.10290293770056e-05,3.90693154692496e-06,0.00914079497148836,3.32159006840029e-13,0.00115623798355158,0
2023,9,22,0.0053913944220844,3.61041642982272e-07,4.02801585626572e-27,7.13040210903215e-19,0,0,0.0065412599237096,0.00153920690032161,1.33140703882722e-06,0.00321330405483053,0,1.44982221793621e-13,0.00579971135903176,0.000908269619130193,0.000730856556767316,0.000339364702727568,0,0,0.00427416795972741,0,0,0,0.00898008566307877,0,0.00116712775107049,1.18922649696654e-11,0.000394519636483049,0,0.00122133407149668,0.00135156662987265,6.01928118156527e-05,4.01725649321061e-06,0.00909898448724859,1.48919989070269e-13,0.00129159696836894,0
2023,9,27,0.00545360676558586,2.47779335833806e-07,1.20296729735641e-26,3.1384631946776e-19,0,0,0.00667962611585182,0.00151002561219036,1.77329054390578e-06,0.00333064650717652,0,2.0029554165068e-13,0.00583957776625834,0.000878489582527891,0.000697558046309011,0.000299649059845394,0,0,0.0043006533824011,0,0,0,0.0089483469292759,0,0.00119871775884552,1.65226672286077e-11,0.000367101889913455,0,0.00129786763758542,0.00133292121354762,5.93574643300253e-05,4.17084175324344e-06,0.00904313877226426,6.57130112380585e-14,0.00143830079628034,0
2023,10,2,0.00551662871971165,1.18871626425165e-07,3.5513620502916e-26,1.36729515376062e-19,0,0,0.00681122254536913,0.00148048301338043,2.1528801531331e-06,0.00344689887341487,0,2.75964486881191e-13,0.00587704440749617,0.000848882404159724,0.000665107266647233,0.000260703490607666,0,0,0.00432624848790214,0,0,0,0.00891434338634091,0,0.0012310680778571,2.28729867406791e-11,0.000341275573298261,0,0.0013778414601101,0.00131241286625226,5.85238111898655e-05,4.3688294931808e-06,0.00897358616662475,2.85391577900292e-14,0.00159664855024962,0
2023,10,7,0.00558033838311392,5.47667839132637e-08,1.03636943226401e-25,5.89589531933304e-20,0,0,0.00693564316116661,0.00145061561268829,2.64980573659803e-06,0.00356157254153266,0,3.79193160871896e-13,0.00591198836391726,0.000819460352565016,0.000633504377271438,0.000223682891557067,0,0,0.00435124588846498,0,0,0,0.00887871138829614,0,0.00126413836566591,3.15495190669393e-11,0.000317010499088191,0,0.00146138843505837,0.00129011404572109,5.76912375509144e-05,4.61785185364694e-06,0.00889070842610972,1.21989470777573e-14,0.00176688480464039,0
2023,10,12,0.00564484091277146,4.34732665371086e-08,2.98959800969257e-25,2.5163992490928e-20,0,0,0.00705257851485763,0.00142045662393139,3.20137795255087e-06,0.00367419667265474,0,5.19628756884982e-13,0.00594442542276005,0.000790187306616699,0.000602763296571311,0.000189528211392941,0,0,0.0043759333560536,0,0,0,0.00884203636857497,0,0.00129788716169642,4.3360047723871e-11,0.000294214967813226,0,0.00154846537987989,0.00126610518673842,5.68591847073905e-05,4.91005464046315e-06,0.00879500254237646,5.13209813817758e-15,0.00194907245583938,0
2023,10,17,0.00571007590837966,3.43898452935417e-08,8.52490581425358e-25,1.06304502834786e-20,0,0,0.00716172459966401,0.00139005024376742,3.88626085730813e-06,0.00378429312017441,0,7.10151882170278e-13,0.00597427159392423,0.000761188187308948,0.000572883532333941,0.000158945917870181,0,0,0.00440059421269776,0,0,0,0.00880484325559496,0,0.00133227191287139,5.93764054742522e-11,0.000272848396805617,0,0.00163902634548614,0.00124047431354681,5.60285798933915e-05,5.24796259821723e-06,0.00868684572671447,2.12500016741074e-15,0.00214319564451474,0
2023,10,22,0.00577613034778977,2.7110724302458e-08,2.40295154596275e-24,4.44494245433769e-21,0,0,0.00726284051792598,0.00135942930253807,4.67149134369434e-06,0.00389137987629442,0,9.67909362438196e-13,0.0060014822336534,0.000732386181980718,0.000543891300323737,0.000132330442114697,0,0,0.00442550379278468,0,0,0,0.00876758773735022,0,0.00136726011880031,8.10149553588891e-11,0.000252822721275436,0,0.00173305516978678,0.0012133165655338,5.51975851988555e-05,5.64377126734089e-06,0.00856679037092036,8.65993027613825e-16,0.00234912603223767,0
2023,10,27,0.00584289355656909,2.12987936581315e-08,6.695439730878e-24,1.83959842984216e-21,0,0,0.00735572961617788,0.00132863058011869,5.60032725046477e-06,0.00399497470682843,0,1.31565954967251e-12,0.00602600167266123,0.000703913468926273,0.000515804383431998,0.000109791943493598,0,0,0.00445092597603339,0,0,0,0.00873064854440582,0,0.00140279100325294,1.10139635365556e-10,0.000234054006658788,0,0.00183037246242521,0.00118473364255115,5.43681553792988e-05,6.08829463956039e-06,0.00843540815959162,3.47345144989158e-16,0.00256662018403054,0
2023,11,1,0.0059103978848349,1.6675233173519e-08,1.84413156068368e-23,7.53567846349393e-22,0,0,0.00744024553558114,0.00129769073380307,6.75058723054938e-06,0.0040945989305343,0,1.7835189880345e-12,0.00604783983825705,0.000675811919575911,0.00048861605002428,9.11845876507778e-05,0,0,0.00447710983383211,0,0,0,0.00869432090892328,0,0.00143882004843688,1.49193263761875e-10,0.000216506113504266,0,0.00193094712881417,0.00115483317798812,5.35391744527332e-05,6.58673089330603e-06,0.00829334058701536,1.37119582158173e-16,0.00279517702445356,0
2023,11,6,0.00597857576850772,1.30104370195354e-08,5.02092155257916e-23,3.05537250937594e-22,0,0,0.00751629864790961,0.00126664622322281,8.07507213821725e-06,0.00418978129493115,0,2.41122276720376e-12,0.0060669321381024,0.000648128727723557,0.000462331019201607,7.61039412996972e-05,0,0,0.00450428643006573,0,0,0,0.00865881134190437,0,0.0014753047519634,2.01364050279432e-10,0.000200127209581101,0,0.00203462577849331,0.00112372804913786,5.27087686754438e-05,7.1360410497219e-06,0.008141182222466,5.32756969881216e-17,0.00303423365767066,0
2023,11,11,0.00604750964419076,1.0116142764816e-08,1.35130613156662e-22,1.22616379324045e-22,0,0,0.00758383410915321,0.00123553323567639,9.60827335157399e-06,0.00428006189727285,0,3.25104003248126e-12,0.0060833045899995,0.0006207970474166,0.000436926820778031,6.40548574873281e-05,0,0,0.00453266581543116,0,0,0,0.00862423385181896,0,0.00151219756943543,2.7079572539327e-10,0.000184842862533937,0,0.00214118159343692,0.00109152971920247,5.18794601004981e-05,7.74672404387583e-06,0.00797964236819117,2.03727759886917e-17,0.00328303296213254,0
2023,11,16,0.00611708460105303,7.8386476995127e-09,3.59503290828625e-22,4.87052030692327e-23,0,0,0.00764286224819005,0.00120438761209567,1.14022691008371e-05,0.00436499609722744,0,4.37152214040819e-12,0.00609692755053176,0.000593932653249642,0.000412422201373716,5.43918718515228e-05,0,0,0.00456243425156998,0,0,0,0.00859060770538734,0,0.00154945005770957,3.62851409193091e-10,0.000170565746221964,0,0.00225036590832962,0.00105837245886751,5.10513080454342e-05,8.40487530803516e-06,0.00780941597234199,7.66765723198094e-18,0.00354065063052642,0
2023,11,21,0.006187318265704,6.05299769371075e-09,9.45433179258098e-22,1.91489433049475e-23,0,0,0.00769343781468928,0.00117324477387949,1.3495382034752e-05,0.00444415836691711,0,5.86230527994876e-12,0.00610780092365402,0.000567561343539049,0.000388865611729951,4.65659201455889e-05,0,0,0.00459375169819215,0,0,0,0.00855785680582941,0,0.00158701291521826,4.84443314237606e-10,0.000157242457856608,0,0.0023619422858859,0.00102437272962904,5.02242578049382e-05,9.1268468176315e-06,0.00763123844947955,2.84031548501076e-18,0.00380599538341126,0
2023,11,26,0.00625827770370503,4.65803848054113e-09,2.45774991610993e-21,7.45172616920116e-24,0,0,0.00773566287090753,0.00114213625829816,1.59304471664011e-05,0.00451714602433736,0,7.84024370151021e-12,0.00611593175688267,0.000541714616481021,0.000366211523625,4.00233198645186e-05,0,0,0.00462674959277468,0,0,0,0.00852581073578488,0,0.00162483602520534,6.44442631267823e-10,0.000144819708315225,0,0.002475672338576,0.000989656674099056,4.93973188022687e-05,9.90597141580703e-06,0.00744567458349839,1.03552808826875e-18,0.00407781241562666,0
2023,12,1,0.00632982618802552,3.57222553762843e-09,6.31572855365477e-21,2.87019639709885e-24,0,0,0.0077696928621241,0.00111110021671937,1.8941895095689e-05,0.0045835827977813,0,1.04572159638876e-11,0.00612133584551298,0.00051639509121648,0.000344429951433536,3.43603106173421e-05,0,0,0.00466152894846011,0,0,0,0.0084942074818598,0,0.00166286850203798,8.54186495116586e-10,0.000133305698572039,0,0.00259106269064913,0.000954351663797848,4.85705322084793e-05,1.07596217798234e-05,0.00725357991283975,3.71576804976554e-19,0.00435469023292623,0
2023,12,6,0.00640198330251677,2.73009612939102e-09,1.6043095608747e-20,1.09423103959549e-24,0,0,0.0077957024688843,0.00108017384583756,2.23025093810496e-05,0.00464312217168732,0,1.39100270816868e-11,0.00612404477779039,0.000491658866939674,0.000323555908830519,2.92964612341562e-05,0,0,0.00469815879151617,0,0,0,0.00846269782596307,0,0.00170106820731635,1.12810177492767e-09,0.000122585554615562,0,0.00270779738486082,0.000918585467232786,4.77444235992428e-05,1.16838482031743e-05,0.00705573328323362,1.31228063317631e-19,0.00463507094913567,0
2023,12,11,0.00647474963531914,2.07931511575678e-09,4.02839335257031e-20,4.12904072551715e-25,0,0,0.00781392671578649,0.00104937962591702,2.61942399280615e-05,0.00469545046820549,0,1.84529267236316e-11,0.00612406792359438,0.000467531611631459,0.000303577384185025,2.4663717528972e-05,0,0,0.00473667495522307,0,0,0,0.00843085135593899,0,0.00173936517807866,1.48446857122749e-09,0.000112652235987594,0,0.00282546948427435,0.000882485430385491,4.69191225215131e-05,1.26795520021342e-05,0.0068529053178207,4.56137999597093e-20,0.00491726401881165,0
2023,12,16,0.00654808792860746,1.57821446168886e-09,9.99895436438448e-20,1.54216931419545e-25,0,0,0.00782463255815499,0.00101876050027072,3.073648637371e-05,0.00474028962360448,0,2.4413380622115e-11,0.00612146446413524,0.000444007076173142,0.000284433161197757,2.04305157023458e-05,0,0,0.00477707924239948,0,0,0,0.00839816401521189,0,0.00177774836881619,1.94634971142775e-09,0.000103417789594647,0,0.00294363972693843,0.000846177678050245,4.60948610388451e-05,1.37643679236937e-05,0.00664575155409235,1.56047637671926e-20,0.0051994632800986,0
2023,12,21,0.00662189016658594,1.19375470427682e-09,2.45333215763546e-19,5.7010878846467e-26,0,0,0.00782810933085915,0.000988347622808856,3.59458995476138e-05,0.00477739962425279,0,3.22118724281883e-11,0.00611626795658861,0.000421122331455726,0.00026618063900824,1.65689873888801e-05,0,0,0.00481933896403747,0,0,0,0.00836406707901634,0,0.00181610178580412,2.54271617573669e-09,9.48134615562347e-05,0,0.00306182438867746,0.000809786343367726,4.52716789213262e-05,1.49300254918648e-05,0.00643509977077614,5.25423573813208e-21,0.00547976708086909,0
2023,12,26,0.00669618991505639,8.99844725951234e-10,5.95027721083586e-19,2.08605730568278e-26,0,0,0.00782468166962056,0.000958160495312329,4.18262162822617e-05,0.00480658057311708,0,4.23866800923202e-11,0.00610853045057547,0.000398911335890873,0.000248789711407455,1.31199482385786e-05,0,0,0.00486338685676252,0,0,0,0.00832793741408861,0,0.00185442317590308,3.30980219563463e-09,8.69175235701621e-05,0,0.00317963172610414,0.000773432831784712,4.44499290275774e-05,1.61766936128415e-05,0.00622172541141617,1.74121869094234e-21,0.00575620434255914,0
2023,12,31,0.00677095053739025,6.75963879196222e-10,1.42658338398794e-18,7.55505423068829e-27,0,0,0.00781469414469966,0.000928237004455862,4.86019084932709e-05,0.00482767436432899,0,5.56247685657229e-11,0.0060983016234955,0.000377374248882942,0.000232218306459388,1.01154903645448e-05,0,0,0.00490912137713883,0,0,0,0.0082891088502379,0,0.00189261712714831,4.29272765872622e-09,7.96021280079177e-05,0,0.00329649613217113,0.000737235124597163,4.36305579171672e-05,1.7513918311133e-05,0.00600640051948918,5.67921744841866e-22,0.00602674828360371,0
2024,1,5,0.00684607772625102,5.06037696516932e-10,3.38093070986092e-18,2.70826914648035e-27,0,0,0.00779850916288514,0.000898609053624167,5.64505172762183e-05,0.00484056595017489,0,7.28001736700922e-11,0.0060856384686436,0.000356512875024214,0.00021646584129496,7.58892310284473e-06,0,0,0.00495640736626936,0,0,0,0.00824688446676723,0,0.00193066002307917,5.54742930743377e-09,7.28595927422832e-05,0,0.0034119250163417,0.000701307126246904,4.28127806465079e-05,1.89494691964818e-05,0.00578972488321095,1.82311928579485e-22,0.00628935933211203,0
2024,1,10,0.00692148004991227,3.77525028438716e-10,7.92053573329368e-18,9.60923854198111e-28,0,0,0.00777650221154291,0.000869303550710181,6.53230973707745e-05,0.00484518419166166,0,9.50215251884689e-11,0.0060706509544554,0.000336366584221563,0.000201525300392356,5.52840424718932e-06,0,0,0.00500507707375938,0,0,0,0.00820054957499057,0,0.00196848637975324,7.14294587969763e-09,6.66142944842964e-05,0,0.00352550236716662,0.000665745632221978,4.19968159665675e-05,2.04912690591311e-05,0.00557261870221009,5.76014059317531e-23,0.00654200366920154,0
2024,1,15,0.00699715627902735,2.80680445632443e-10,1.83422266159542e-17,3.3746526250647e-28,0,0,0.00774905708808096,0.000840335797798086,7.54551368436888e-05,0.00484150229042018,0,1.23690675688067e-10,0.00605340673427161,0.000316902382163885,0.000187351331268966,3.90655336340496e-06,0,0,0.00505493152597808,0,0,0,0.0081493680251974,0,0.00200603923846959,9.16410561328181e-09,6.07786828715624e-05,0,0.00363660222262278,0.000630682284470011,4.11821039479654e-05,2.21371911749744e-05,0.00535578203752177,1.79119345245377e-23,0.00678268450037846,0
2024,1,20,0.00707322404223397,2.0796110985811e-10,4.1988348473551e-17,1.17303819615883e-28,0,0,0.00771656118321852,0.000811739319348885,8.68068871744258e-05,0.00482953780596005,0,1.60574770604981e-10,0.00603397739607713,0.000298185256502379,0.000173940575354171,2.67994395079323e-06,0,0,0.00510574221971839,0,0,0,0.00809266779838948,0,0.00204325788898989,1.17146671846643e-08,5.54304436221663e-05,0,0.0037448503081103,0.000596199487343439,4.03709221185668e-05,2.38963809759485e-05,0.00513979837464223,5.48205404898588e-24,0.00700947103889802,0
2024,1,25,0.00714930395494971,1.53552074155724e-10,9.50133875966691e-17,4.03587997788208e-29,0,0,0.00767940088404039,0.000783534421026259,9.96764151062283e-05,0.00480935226804488,0,2.07894520097968e-10,0.00601245110269797,0.000280156307551594,0.000161247961145322,1.78421971380786e-06,0,0,0.00515725311886544,0,0,0,0.00802974097546368,0,0.00208009444381942,1.83657097222187e-08,5.05373923286291e-05,0,0.00384981079630307,0.000562389410189283,3.95630492074586e-05,2.57852496943258e-05,0.00492548919179437,1.65133636093098e-24,0.00722052682285083,0
2024,1,30,0.00722550530726882,1.12988142721698e-10,2.12529937544923e-16,1.37438172300088e-29,0,0,0.00763795715931504,0.000755759177976673,0.00011410834022558,0.00478105039910777,0,2.68431919445891e-10,0.00598892066852116,0.000262856599055398,0.000149314163579306,1.15232828070911e-06,0,0,0.00520918292857632,0,0,0,0.00795993716869674,0,0.00211650228212622,2.34013963227662e-08,4.60516111741015e-05,0,0.00395105529896065,0.00052933071794862,3.87588114496472e-05,2.78081928329548e-05,0.00471352201553772,4.89574946627078e-25,0.00741413671305784,0
2024,2,4,0.00730177031789852,8.28540428640694e-11,4.69931718232747e-16,4.63254418383302e-30,0,0,0.0075926013850651,0.000728408387008579,0.000130312461810198,0.00474475784460597,0,3.45661217386028e-10,0.00596348309604751,0.000246292148972961,0.000138063227703304,7.19334652622424e-07,0,0,0.00526122761877942,0,0,0,0.00788263924010562,0,0.0021524109328069,2.97120790626322e-08,4.18719324808046e-05,0,0.00404820588172152,0.000497117342691982,3.79585901745668e-05,2.99579903313721e-05,0.00450454039469777,1.42854602619387e-25,0.00758875194646232,0
2024,2,9,0.00737810985453982,6.05477796265248e-11,1.02713792612365e-15,1.54552085389428e-30,0,0,0.00754369146302564,0.00070150337180034,0.000148517449543851,0.00470070862007694,0,4.43907555314435e-10,0.00593623908898004,0.000230432904210356,0.000127460339045179,4.36218432143324e-07,0,0,0.00531306316654142,0,0,0,0.00779732599035926,0,0.00218777324509943,3.75908304971317e-08,3.80818504619142e-05,0,0.0041410014310975,0.000465799147270038,3.71613095984985e-05,3.22496356535778e-05,0.00429920546782142,4.10261440305206e-26,0.00774293956708511,0
2024,2,14,0.00745419414512112,4.40947058814514e-11,2.21922922933259e-15,5.10356086417529e-31,0,0,0.00749156827854829,0.000675106130314826,0.000168851121378031,0.00464910229975557,0,5.68538398413464e-10,0.00590729254469261,0.000215315595964151,0.00011752836303069,2.56216760322947e-07,0,0,0.00536434848504059,0,0,0,0.00770354308338723,0,0.00222255700699122,4.73902285243239e-08,3.45501034780785e-05,0,0.00422901748898141,0.00043546151478264,3.63698629397675e-05,3.46881952800975e-05,0.00409817722673362,1.15962768196796e-26,0.007875503527961,0
2024,2,19,0.00753046991096068,3.20020957058725e-11,4.73974506862173e-15,1.66807236171366e-31,0,0,0.00743655253785713,0.000649200867425002,0.00019144585885057,0.00459020172349716,0,7.26193655054999e-10,0.00587675002907868,0.000200871652738571,0.000108245269347575,1.4576096779692e-07,0,0,0.00541472850553085,0,0,0,0.00760088464552227,0,0.00225666744611517,5.95324950442995e-08,3.13490921605116e-05,0,0.00431209665566035,0.000406152712424338,3.55816722306674e-05,3.72802927556259e-05,0.00390202484766756,3.22602596429287e-27,0.00798543808969798,0
2024,2,24,0.00760639887909462,2.31459046257349e-11,1.00066164359478e-14,5.39634444831652e-32,0,0,0.00737894201748874,0.00062380827023118,0.000216673367532062,0.00452430395112534,0,9.25061234137917e-10,0.00584472023691441,0.00018712482249725,9.95383008134278e-05,8.03165066276384e-08,0,0,0.00546383737778419,0,0,0,0.00748903502155075,0,0.00229015709224263,7.60246587999918e-08,2.84278797491033e-05,0,0.00439009783091983,0.000377928888189328,3.48001121386149e-05,4.0035702276584e-05,0.0037113945841283,8.83300657209547e-28,0.00807195371462206,0
2024,2,29,0.00768206960670663,1.66829826288571e-11,2.08832939626229e-14,1.72793601264854e-32,0,0,0.00731900925140879,0.000598939642924593,0.000244656500274623,0.00445173766306962,0,1.17520572010664e-09,0.00581130419810315,0.000174066150653459,9.14212739359226e-05,4.28645132466697e-08,0,0,0.0055113017540498,0,0,0,0.00736781782985087,0,0.00232283544672972,9.49238644297873e-08,2.57808851829504e-05,0,0.00446282910139203,0.000350821728260619,3.40232456101594e-05,4.29608274153262e-05,0.00352684142967583,2.38034912435947e-28,0.0081344874360189,0
2024,3,5,0.00775729836500642,1.19833174172568e-11,4.30814446416864e-14,5.47644707033777e-33,0,0,0.00725698400103734,0.000574609214598734,0.000275603361484521,0.00437286036036317,0,1.48895884831444e-09,0.00577663275573144,0.000161693557153408,8.38312580665012e-05,2.21574686539456e-08,0,0,0.00555674412155448,0,0,0,0.0072371309268939,0,0.00235468656778937,1.18107385944342e-07,2.32757345533925e-05,0,0.00453027377585353,0.000324845676986256,3.32528307928507e-05,4.6067142982251e-05,0.00334892285946029,6.31341264893335e-29,0.00817270622965703,0
2024,3,10,0.00783211471073142,8.57796528308883e-12,8.78539008791147e-14,1.71796141995108e-33,0,0,0.00719311756655816,0.000550837184871917,0.000309675275216714,0.00428805539582501,0,1.88138153186235e-09,0.00574080723346735,0.000149988926423652,7.67719575883351e-05,8.61872895171955e-09,0,0,0.00559978614897006,0,0,0,0.00709699853405708,0,0.00238568850506521,1.46440353131305e-07,2.10648435109004e-05,0,0.00459245004708746,0.000300054775769362,3.24893371088646e-05,4.93654289818288e-05,0.00317815749578339,1.64808309001591e-29,0.00818650779729316,0
2024,3,15,0.00790627440189301,6.11921043715953e-12,1.7709708185913e-13,5.33422364733888e-34,0,0,0.00712757824711554,0.000527632907783327,0.000347164747491405,0.00419772886802224,0,2.37080831376891e-09,0.0057039298633669,0.000138921679263474,7.02497674797457e-05,2.48777438420999e-09,0,0,0.00564005201306527,0,0,0,0.00694751134618318,0,0.00241577170834294,1.80937224671209e-07,1.90175115887074e-05,0,0.00464940112473081,0.000276453966045025,3.17304197925033e-05,5.28626409839636e-05,0.00301509101775066,4.23433721449786e-30,0.00817601722624799,0
2024,3,20,0.0079798437335311,4.35021182093353e-12,3.52891625092914e-13,1.63935255989153e-34,0,0,0.00706052380169777,0.0005049950497957,0.000388449457991605,0.00410230640913743,0,2.97948627928215e-09,0.00566613154900013,0.000128475425535322,6.42161958479072e-05,1.18277043934016e-09,0,0,0.00567717167291306,0,0,0,0.00678883638937702,0,0.00244491181199425,2.22781924284695e-07,1.71509567850738e-05,0,0.00470122269608249,0.000254072175929789,3.09790275218054e-05,5.65552763717429e-05,0.00286023841360186,1.07073793684119e-30,0.00814158001542074,0
2024,3,25,0.00805280656578782,3.08197675027178e-12,6.9510580746771e-13,4.986741575074e-35,0,0,0.00699206681649101,0.000482924437269795,0.000433459994209334,0.00400222989723373,0,3.73432164081801e-09,0.00562751142142717,0.000118617784145763,5.86241066137612e-05,5.44561959564381e-10,0,0,0.00571078406050698,0,0,0,0.00662140991831587,0,0.00247301715108622,2.73349515047984e-07,1.54607937598356e-05,0,0.00474812457355107,0.00023289684385238,3.02340982060892e-05,6.04629863028257e-05,0.00271404153183065,2.66484743174339e-31,0.0080837517801687,0
2024,3,30,0.00812481097483871,2.1759668652431e-12,1.35344349173348e-12,1.50142881274831e-35,0,0,0.00692233925870101,0.000461467639968684,0.000482678202127259,0.00389795412268071,0,4.66774837465039e-09,0.00558817747205813,0.000109334199947044,5.34526044776652e-05,2.42801579417776e-10,0,0,0.00574054015841675,0,0,0,0.00644559055882638,0,0.00250014619085149,3.34229282437004e-07,1.3872835272932e-05,0,0.00479025191457959,0.000212924530712456,2.94989646674802e-05,6.45905058354075e-05,0.00257700476340764,6.52759077589095e-32,0.00800328501941475,0
2024,4,4,0.0081958097076442,1.53101409859072e-12,2.60500770301485e-12,4.47441270688093e-36,0,0,0.00685139221406167,0.00044060053937849,0.000536244115626804,0.00378994343772637,0,5.81873440937717e-09,0.00554823538374725,0.000100649068282387,4.8694754442455e-05,1.04836637514166e-10,0,0,0.00576610593714721,0,0,0,0.00626187673470239,0,0.0025260978455512,4.07249030900291e-07,1.2496412368054e-05,0,0.00482792222389031,0.00019413215554179,2.87695626147591e-05,6.89550966676475e-05,0.00244953137828218,1.5737107121832e-32,0.00790111338225494,0
2024,4,9,0.00826597389755565,1.07351995417973e-12,4.95630010374704e-12,1.31980804356205e-36,0,0,0.00677926830606788,0.000420327479758686,0.000594462334308857,0.00367866841740579,0,7.2339418990094e-09,0.00550778801317463,9.2494111057106e-05,4.43126426974668e-05,4.38361119402122e-11,0,0,0.00578716512711729,0,0,0,0.00607091484987792,0,0.0025509401875138,5.07975765614692e-07,1.1226480167274e-05,0,0.00486130013034746,0.000176526721875132,2.80514332223964e-05,7.35620555656033e-05,0.00233208758145252,3.73412019285562e-33,0.0077783339070463,0
2024,4,14,0.00833504342155754,7.50144791718282e-13,9.32150214697708e-12,3.85326578079724e-37,0,0,0.0067059844238675,0.000400652554887783,0.000657585870458522,0.00356458284194055,0,8.96905900777124e-09,0.00546693489249677,8.48658116927374e-05,4.03278263629503e-05,1.77504080010711e-11,0,0,0.00580342180260864,0,0,0,0.00587333051725279,0,0.00257457568273339,6.22793874784234e-07,1.00429882471415e-05,0,0.00489067814344129,0.000160078539223315,2.73391517332847e-05,7.84162119417141e-05,0.00222505594991229,8.72053431302091e-34,0.00763618772317853,0
2024,4,19,0.00840283508710487,5.22377120349553e-13,1.73298165261166e-11,1.11350110010371e-37,0,0,0.00663153365807919,0.000381588177416784,0.000726013224706111,0.00344820350651011,0,1.10903213302594e-08,0.00542577175336168,7.77407504858674e-05,3.66624493939778e-05,6.96052537671894e-12,0,0,0.00581460275760872,0,0,0,0.00566993657970039,0,0.00259704165624364,7.52594046011341e-07,8.98015737342683e-06,0,0.00491638142525416,0.000144771099573258,2.66366191103708e-05,8.35238371725021e-05,0.0021286904539611,2.00442268156122e-34,0.00747603970506316,0
2024,4,24,0.00846936316133851,3.62516095125344e-13,3.18479735182011e-11,3.18490036741623e-38,0,0,0.00655587065948003,0.000363138054517372,0.000799803809503524,0.00332997540348733,0,1.36762415016388e-08,0.0053843900762396,7.11136635188786e-05,3.33445976544788e-05,2.64321853403153e-12,0,0,0.00582045965615269,0,0,0,0.00546150857628079,0,0.00261827456318468,9.06397691344119e-07,7.99275429881021e-06,0,0.00493873135979601,0.000130532158115718,2.59448443793318e-05,8.89012063291958e-05,0.00204364215388931,4.53447417069154e-35,0.00729935755070675,0
2024,4,29,0.0085343680516428,2.50711677623125e-13,5.7856138703152e-11,9.01663714690192e-39,0,0,0.00647898479394386,0.000345280325915785,0.000879265212372602,0.00321036193644277,0,2.72703546581004e-08,0.00534287666785508,6.49454177577064e-05,3.03664927309101e-05,9.72034074097373e-13,0,0,0.0058207709425171,0,0,0,0.00524890685064081,0,0.00263825408373776,1.09935476260296e-06,7.1050137744092e-06,0,0.00495791012620077,0.00011738423994425,2.52610280769839e-05,9.45474358602309e-05,0.0019700465554804,1.00961540161136e-35,0.00710769072566158,0
2024,5,4,0.00859788333121267,1.7279293495549e-13,1.0389554288389e-10,2.52660238462741e-39,0,0,0.0064007762883247,0.000328014682846361,0.00096453336896384,0.00308981710695872,0,3.35268657328784e-08,0.00530131326932006,5.92146903833266e-05,2.76337524539559e-05,3.46168284546122e-13,0,0,0.00581534349940078,0,0,0,0.00503305341667115,0,0.00265693160507648,1.32632051643989e-06,6.33501420752045e-06,0,0.00497418652091889,0.000105249560828375,2.45901488792939e-05,0.000100474242354714,0.00190830643057916,2.21246501716294e-36,0.00690265618838069,0
2024,5,9,0.00865992249486092,1.1868110294528e-13,1.84426889654759e-10,7.00765645272929e-40,0,0,0.00632118570226627,0.000311335360096631,0.00105620798905713,0.00296878279266661,0,8.21723097769133e-08,0.00525977619736391,5.38853841133778e-05,2.52133407478137e-05,1.19385183477218e-13,0,0,0.00580401404501418,0,0,0,0.00481488771083669,0,0.00267425299101436,1.58342281829234e-06,5.61879662155163e-06,0,0.00498790254288953,9.40931947164959e-05,2.3928175631182e-05,0.000106697251980265,0.00185861714727264,4.77186631859895e-37,0.0066858945342663,0
2024,5,14,0.00872029906132334,8.12346596045636e-14,3.23617088489786e-10,1.92376633502756e-40,0,0,0.00624013907799391,0.000295254382013457,0.00115408064013169,0.00284768620793931,0,1.00762595640296e-07,0.00521833602083442,4.89548988112802e-05,2.30348408384226e-05,3.98722694023199e-14,0,0,0.00578665026275648,0,0,0,0.00459525547965698,0,0.00269018270726773,1.89466739831275e-06,5.00873960953797e-06,0,0.00499923192209389,8.38701926331342e-05,2.32757944305234e-05,0.000113214418363154,0.0018213206804536,1.01295822578941e-37,0.0064590834312599,0
2024,5,19,0.00877878134046943,5.54121983271926e-14,5.61330389066285e-10,5.22727658750197e-41,0,0,0.00615752232093227,0.000279782135221028,0.00125851948511573,0.00272693756680354,0,1.38224691399273e-07,0.00517705727440682,4.43845683446439e-05,2.1104994503187e-05,1.28958165776864e-14,0,0,0.00576315165986465,0,0,0,0.00437518665211453,0,0.00270472081999119,2.24826724189531e-06,4.47622337121881e-06,0,0.00500832914041933,7.45285195013803e-05,2.26352229090276e-05,0.000120038801115366,0.00179650774028405,2.11634376535891e-38,0.00622389920222856,0
2024,5,24,0.00883546459228096,3.76680937878486e-14,9.62466430953195e-10,1.4058607505665e-41,0,0,0.00607323516904584,0.000264882280293801,0.00136976576187521,0.00260692796569745,0,1.68765642100411e-07,0.00513599821118707,4.02017469779793e-05,1.94138267615545e-05,4.03909537459259e-15,0,0,0.00573345015404506,0,0,0,0.00415558696490402,0,0.00271783430902133,2.67266620618037e-06,4.01396475898428e-06,0,0.00501543208530345,6.60264469193873e-05,2.20056511413782e-05,0.000127179833903443,0.00178453454479947,4.35183380502853e-39,0.00598200470481191,0
2024,5,29,0.00889011369924863,2.55179732998416e-14,1.63129528250241e-09,3.74242256366554e-42,0,0,0.00598717579213186,0.000250560485172831,0.00148821236663846,0.00248802750145666,0,2.05503968120015e-07,0.00509521059563253,3.63099069367725e-05,1.79220259127961e-05,1.22511466239887e-15,0,0,0.0056975103896262,0,0,0,0.00393739156692501,0,0.00272952232745587,3.19611903853625e-06,3.55877052879854e-06,0,0.00502061126411508,5.8321301582618e-05,2.1386563225181e-05,0.000134636169652375,0.00178536690399226,8.80744217535858e-40,0.00573503388126023,0
2024,6,3,0.00894255906284057,1.72275298402864e-14,2.73312532417826e-09,9.86068429012964e-43,0,0,0.00589924378803719,0.000236804451034541,0.00161370265631661,0.00237058363736704,0,2.49571124795552e-07,0.0050547395379401,3.27778861368979e-05,1.66103497772651e-05,3.59854332282271e-16,0,0,0.00565532978718061,0,0,0,0.00372141936279433,0,0.00273979169365241,3.79124270874226e-06,3.1501355584504e-06,0,0.00502394746503063,5.13490114249097e-05,2.07796196019523e-05,0.00014241539987739,0.0017992036895833,1.75435997423327e-40,0.00548458967376637,0
2024,6,8,0.00899280974017739,1.15905531656342e-14,4.52654156590905e-09,2.5716095152348e-43,0,0,0.00580932656217176,0.000223593283225846,0.00174669637204798,0.0022549198272871,0,3.02278038119204e-07,0.00501462337077093,2.95374340105235e-05,1.55589329575708e-05,1.02360901466537e-16,0,0,0.00560693833284059,0,0,0,0.00350848900296015,0,0.00274858064989231,4.46525583262937e-06,2.81811038810494e-06,0,0.00502548290240857,4.50643213068683e-05,2.01874758926747e-05,0.000150524008808364,0.00182608395599255,3.4393710460713e-41,0.00523218818370827,0
2024,6,13,0.00904080241074387,7.77122816299622e-15,7.41060224172635e-09,6.63814532648206e-44,0,0,0.0057173551150297,0.000210943766877571,0.00188747211624264,0.00214131342469623,0,3.65138125159601e-07,0.0049748935688938,2.65702148829015e-05,1.46931411380764e-05,2.81967359204455e-17,0,0,0.00555239811566157,0,0,0,0.003299459265313,0,0.00275587777894208,5.27515847209848e-06,2.50874667303611e-06,0,0.00502522742265346,3.94300612592911e-05,1.96068443208509e-05,0.000158965717819369,0.0018658619617432,6.63637260929276e-42,0.00497930774283623,0
2024,6,18,0.00908639345178934,5.1925360946625e-15,1.19927986394972e-08,1.69602509374263e-44,0,0,0.00562326558731864,0.000198832186859714,0.00203578403656357,0.00203008318903987,0,4.39892236184882e-07,0.00493556488476202,2.38584510282016e-05,1.39814352941955e-05,7.52178543021893e-18,0,0,0.00549180262335873,0,0,0,0.00309501967980225,0,0.00276173619781446,6.2431535103815e-06,2.20341646581848e-06,0,0.00502312592610988,3.43967843525048e-05,1.90386639634735e-05,0.000167745650205831,0.00191863695003488,1.26029990690282e-42,0.00472734207545967,0
2024,6,23,0.00912958065896238,3.45759227236612e-15,1.91852583218537e-08,4.28905484853821e-45,0,0,0.0055269546853626,0.000187251062051333,0.00219183035413153,0.0019214486562484,0,5.28535486085435e-07,0.0048966757923167,2.13715634595121e-05,1.34106646042882e-05,1.94312353693362e-18,0,0,0.00542527580854694,0,0,0,0.00289583229670835,0,0.00276608438798902,7.32598408697828e-06,1.96616168357475e-06,0,0.00501915457952372,2.98907068386064e-05,1.84827613826877e-05,0.000176870944410978,0.00198419644063382,2.35563748684129e-43,0.00447761245657755,0
2024,6,28,0.00917022266387671,2.2944175050321e-15,3.03385523801559e-08,1.07358085526642e-45,0,0,0.00542838945779234,0.000176185314117216,0.00235599939439962,0.00181562898514437,0,6.33345897560752e-07,0.00485822606384769,1.91095251412051e-05,1.30242458564947e-05,4.8611301953312e-19,0,0,0.00535297093924593,0,0,0,0.00270250129323066,0,0.0027689791225215,8.58618757463813e-06,1.70640778170659e-06,0,0.00501318147618217,2.58952473138688e-05,1.79400518165266e-05,0.000186338710560388,0.00206229440489601,4.33345629050453e-44,0.0042313186005351,0
2024,7,3,0.00920821362775801,1.51731430545961e-15,4.74244359498626e-08,2.6598170841678e-46,0,0,0.00532751774730313,0.000165626728171662,0.00252807662501508,0.00171279409337664,0,7.56914725923422e-07,0.00482021033722431,1.70680434833965e-05,1.28203781672206e-05,1.17769128690304e-19,0,0,0.00527506924886462,0,0,0,0.00251552576565475,0,0.00277033980458426,1.00198306545548e-05,1.50160395821968e-06,0,0.00500513031278843,2.23555743170333e-05,1.74100517662267e-05,0.000196151550857148,0.00215268673343527,7.84606306572432e-45,0.00398959162434677,0
2024,7,8,0.0092434711012626,9.99961125261943e-16,9.47711663934026e-08,6.52247857696705e-47,0,0,0.00522433601922743,0.000155535112667995,0.00270828381548342,0.00161315882358911,0,9.02178275136468e-07,0.0047826461537863,1.518884064296e-05,1.27057121256494e-05,2.76301370775746e-20,0,0,0.0051917677842589,0,0,0,0.0023353854316732,0,0.00277021562574738,1.17041131945941e-05,1.31874131580557e-06,0,0.00499485198746372,1.92589497150536e-05,1.68958575186862e-05,0.000206309751985009,0.00225489382851785,1.39817193216023e-45,0.00375345332020884,0
2024,7,13,0.00927597839852977,6.56742561144203e-16,1.45826598759503e-07,1.58313318004781e-47,0,0,0.00511882907570931,0.000145920680714022,0.0028966819437649,0.00151683445299126,0,1.07245094688106e-06,0.00474551388108389,1.35054397634902e-05,1.28054020844273e-05,6.27757609222076e-21,0,0,0.00510331201869682,0,0,0,0.00216257951218056,0,0.0027686053599868,1.35882317968717e-05,1.1370504664593e-06,0,0.00498217071167112,1.65296161173911e-05,1.63945495945019e-05,0.000216813899981575,0.00236857058602205,2.45222759494357e-46,0.00352384887841072,0
2024,7,18,0.00930564017385722,4.29844834080957e-16,2.21848707167436e-07,3.80334886136383e-48,0,0,0.00501107394848572,0.000136777253962409,0.00309344517878791,0.00142389530400054,0,1.27145918932274e-06,0.00470879835297329,1.19835329479019e-05,1.30499945513433e-05,1.38120550375469e-21,0,0,0.00500995546763956,0,0,0,0.00199721592463543,0,0.00276554126955299,1.57739993704181e-05,9.92915335151609e-07,0,0.00496693151061549,1.41458699628614e-05,1.59060566921545e-05,0.000227662701425264,0.00249323695266347,4.23304009074746e-47,0.00330156413969049,0
2024,7,23,0.00933239740055651,2.80370803914885e-16,3.78514006836104e-07,9.04396386280225e-49,0,0,0.00490107211925354,0.000128104833497204,0.00329842471337447,0.00133449685356907,0,1.53085076963937e-06,0.00467247841975257,1.06129558693868e-05,1.34141329039612e-05,2.94294389967603e-22,0,0,0.00491198557562843,0,0,0,0.00183962921561206,0,0.00276103975799779,1.82618534808471e-05,8.55935180075319e-07,0,0.00494892264724887,1.20588023555102e-05,1.54330674703242e-05,0.00023885567005317,0.00262808660591415,7.19176352569592e-48,0.00308729107788563,0
2024,7,28,0.00935615543062255,1.82246169797374e-16,6.00746683051343e-07,2.12860677255043e-49,0,0,0.0047888518556248,0.000119874057704329,0.00351175473813483,0.00124868200113252,0,1.83214504529677e-06,0.00463650794569465,9.37943204679581e-06,1.39161738903939e-05,6.07243724089675e-23,0,0,0.00480967472148873,0,0,0,0.00168999101122884,0,0.00275511023494442,2.10772026194203e-05,7.51912493664567e-07,0,0.00492804646047451,1.02509249648088e-05,1.49744160314279e-05,0.00025038907204611,0.00277249949172868,1.20256850806264e-48,0.00288161534067586,0
2024,8,2,0.00937703755298274,1.18056146079695e-16,8.90509706990434e-07,4.95879378461853e-50,0,0,0.00467457510198493,0.000112041875714274,0.00373335680042582,0.00116646916792079,0,2.15788655018373e-06,0.00460089549340586,8.2873335904002e-06,1.45664600492373e-05,1.21339291624938e-23,0,0,0.00470334461264466,0,0,0,0.00154840430831699,0,0.00274779868938895,2.42734990620486e-05,6.40067055791201e-07,0,0.00490410230231132,8.63985893659674e-06,1.45312810420984e-05,0.000262254428725535,0.00292559247956348,1.97913612178065e-49,0.00268515457844123,0
2024,8,7,0.00939482584666344,7.6212004475697e-17,1.50910564784995e-06,1.14340652314866e-50,0,0,0.00455830868055153,0.000104631267072851,0.00396318404263815,0.00108794476278254,0,2.57697170027234e-06,0.00456557296392392,7.30808850728716e-06,1.53467254558739e-05,2.34799541179749e-24,0,0,0.00459331314954615,0,0,0,0.00141492930815906,0,0.00273912209249951,2.78950982426627e-05,5.68279264164738e-07,0,0.0048769223134299,7.29118826205389e-06,1.41014193080479e-05,0.00027444858977466,0.00308642241113811,3.20577409125136e-50,0.00249812473211149,0
2024,8,12,0.00940935876469479,4.9030099979384e-17,2.26344157958459e-06,2.60957217465996e-51,0,0,0.00444018000128718,9.76148044893728e-05,0.00420106754585068,0.00101303771006466,0,3.03469543471055e-06,0.00453050835089331,6.43189406604135e-06,1.62926974745397e-05,4.39997694781873e-25,0,0,0.00447994113020362,0,0,0,0.00128953624980452,0,0.00272908560639598,3.19931680610364e-05,4.95267960698257e-07,0,0.00484638051689116,6.12613147221131e-06,1.36875576788402e-05,0.000286964679385669,0.00325413764639069,5.11071396000622e-51,0.00232099512284918,0
2024,8,17,0.0094208227872257,3.14345180623649e-17,3.40201750714372e-06,5.8949755942499e-52,0,0,0.00432032492578915,9.09662238972799e-05,0.00444722274951116,0.000941763944409823,0,3.57594147235915e-06,0.0044956650225124,5.63524178313619e-06,1.73601625266194e-05,7.98474271641921e-26,0,0,0.00436356271292563,0,0,0,0.00117208034454264,0,0.00271773281116514,3.66506402994127e-05,4.20187330193001e-07,0,0.00481231496163216,5.13374005040983e-06,1.32879998035371e-05,0.000299796335445535,0.0034275696020005,8.01902644261113e-52,0.00215386527550459,0
2024,8,22,0.00942910209271788,2.0084243947014e-17,5.07733029009218e-06,1.31807093032278e-52,0,0,0.00419893117443148,8.47053920047841e-05,0.00470116912128547,0.000874103496284581,0,4.1743606272297e-06,0.00446098247403279,4.91442425637391e-06,1.85933762983868e-05,1.40322987131373e-26,0,0,0.00424454391131782,0,0,0,0.0010624091813986,0,0.0027050631227785,4.19219027874041e-05,3.72248111500378e-07,0,0.00477460807051416,4.26112506826493e-06,1.29048900459046e-05,0.000312932231664286,0.00360555896489955,1.2383777120552e-52,0.00199675058524982,0
2024,8,27,0.00943408047482464,1.27881830382508e-17,7.4149638526725e-06,2.91702160051448e-53,0,0,0.00407615080341041,7.88153506226205e-05,0.00496306420758067,0.000809984337578682,0,4.87043270236308e-06,0.00442640736804904,4.30170337094978e-06,1.99709267743903e-05,2.38810866265326e-27,0,0,0.00412323295849202,0,0,0,0.00096036710349747,0,0.0026912087214227,4.79113212205642e-05,3.20087680232008e-07,0,0.00473312673076682,3.54667222516477e-06,1.25386886267698e-05,0.000326361204867867,0.00378690630835188,1.88224442462115e-53,0.00184985537545052,0
2024,9,1,0.00943582212483424,8.11459585557467e-18,1.04810082611248e-05,6.38976110606954e-54,0,0,0.00395219312865676,7.32599173677934e-05,0.00523250679421823,0.000749323905823811,0,5.6576113875817e-06,0.00439188344270656,3.75770365995998e-06,2.15230702193608e-05,3.9358334762737e-28,0,0,0.00399998305746746,0,0,0,0.000865881242258024,0,0.00267615728795774,5.453730695336e-05,2.74360041856698e-07,0,0.00468784065777725,2.92743104611488e-06,1.21880804179172e-05,0.000340072344407001,0.00397021703118806,2.8157255548911e-54,0.00171299241804541,0
2024,9,6,0.00943440137414751,5.13132664448703e-18,1.48005469304348e-05,1.38539536879172e-54,0,0,0.00382739024406452,6.80295936677667e-05,0.00550961170398278,0.000692075487376371,0,6.56774756626985e-06,0.00435734199847069,3.27578172620472e-06,2.3255795106311e-05,6.28169310820011e-29,0,0,0.00387514829281077,0,0,0,0.000778591742814256,0,0.00265995404271703,6.21321572512852e-05,2.4247315300698e-07,0,0.0046386898741695,2.41290736685642e-06,1.18526355836124e-05,0.000354052520739761,0.00415422382035645,4.14568247979633e-55,0.0015860975480214,0
2024,9,11,0.0094296381847485,3.23368091598477e-18,2.07424623571389e-05,2.97308273751527e-55,0,0,0.00370186864109357,6.31072013711516e-05,0.00579384091960247,0.000638147230859895,0,7.60590167795179e-06,0.00432272417651439,2.82353519406713e-06,2.51653670525949e-05,9.7089906647863e-30,0,0,0.00374909683777859,0,0,0,0.000698130847171622,0,0.00264262459138566,7.0597888454448e-05,2.14024825286012e-07,0,0.00458564824944261,1.97864977607137e-06,1.15328972641664e-05,0.000368289211863679,0.00433751252437807,6.00749143998834e-56,0.00146897903038212,0
2024,9,16,0.00942167197092632,2.03081059955119e-18,2.88698215065945e-05,6.3151610849528e-56,0,0,0.00357591016923744,5.84792703563487e-05,0.00608513093625137,0.000587472226029167,0,8.81388321898272e-06,0.00428799740483399,2.4526201122165e-06,2.72401107075204e-05,1.4532114812808e-30,0,0,0.0036222100488915,0,0,0,0.000624268444968969,0,0.00262422774358158,8.01028428956414e-05,1.88678449632076e-07,0,0.00452870662785547,1.62878732485197e-06,1.12294775750243e-05,0.000382764022362837,0.00451865270427846,8.56804415362963e-57,0.00136129055334312,0
2024,9,21,0.00941036855419526,1.27100264655171e-18,3.98076114863714e-05,1.32771867563102e-56,0,0,0.00344969749682022,5.41501716131604e-05,0.00638305744865273,0.000539921164046922,0,1.01567552442522e-05,0.00425304738829422,2.11188508402252e-06,2.95036398674075e-05,2.10640038664245e-31,0,0,0.00349485009416214,0,0,0,0.000556681891369701,0,0.00260484275849858,9.0765202974937e-05,1.66126175370002e-07,0,0.00446788601708779,1.32295165667637e-06,1.09430647956361e-05,0.000397460223035641,0.00469620160702524,1.20271199359377e-57,0.00126277443626276,0
2024,9,26,0.00939584657605686,7.92735456886021e-19,5.40282123190361e-05,2.76294289265316e-57,0,0,0.00332355484436921,5.00958423034649e-05,0.00668749829331314,0.000495364058671852,0,1.16731348128123e-05,0.00421787277245676,1.82739689503621e-06,3.1967448669004e-05,2.95672136680707e-32,0,0,0.00336734050260034,0,0,0,0.000495105145880353,0,0.00258455075884993,0.000102632768178587,1.46086948148676e-07,0,0.00440325915863128,1.08254265725124e-06,1.06754534462821e-05,0.000412360161763069,0.0048685516001064,1.66162492638624e-58,0.00117323921926088,0
2024,10,1,0.00937807441766123,4.92736718258006e-19,7.28831897381621e-05,5.69091351761452e-58,0,0,0.00319776644192328,4.62827539225435e-05,0.00699796661464795,0.000453696527670791,0,1.33830396038514e-05,0.00418237683613608,1.57785626878426e-06,3.46300689041579e-05,4.01917801577057e-33,0,0,0.00324001565226111,0,0,0,0.000439151215485552,0,0.00256334348387434,0.00011589361012436,1.28304624383805e-07,0,0.00433482482383229,8.7741025644453e-07,1.04240845985352e-05,0.00042744430681184,0.00503454866113154,2.25941374245676e-59,0.00109210285828434,0
2024,10,6,0.00935713231055087,3.05215372793735e-19,9.7239975018797e-05,1.16020922778042e-58,0,0,0.00307252135451455,4.27161313711134e-05,0.00731414138567638,0.00041484578112766,0,1.53169499260356e-05,0.00414649655368533,1.34453834278854e-06,3.74936965880618e-05,5.29080131957526e-34,0,0,0.00311322367528039,0,0,0,0.000388471389802084,0,0.00254130286022409,0.000130691626127481,1.12546166299419e-07,0,0.00426270903955315,7.08367644266576e-07,1.019072261325e-05,0.000442691875068844,0.00519266349597677,3.02377828663864e-60,0.00101906341872964,0
2024,10,11,0.00933302547184146,1.88409472844887e-19,0.000128336259936537,2.3411805967891e-59,0,0,0.00294805521650007,3.93713246261879e-05,0.00763536875132061,0.00037862703153456,0,1.74639235816631e-05,0.0041101698687247,1.14249591926889e-06,4.06147354995538e-05,6.7447061406986e-35,0,0,0.00298724431480597,0,0,0,0.000342693875500121,0,0.00251851453603297,0.000147230733697115,9.85999205108431e-08,0,0.00418693330639421,5.7614145167045e-07,9.97406179543541e-06,0.000458080853054041,0.00534157645403625,3.98286451235574e-61,0.000953932751902899,0
2024,10,16,0.00930579579824756,1.15905471277492e-19,0.000167831079596401,4.67603558218273e-60,0,0,0.00282475455891451,3.62817978653825e-05,0.00796129523093045,0.000344991245902445,0,1.98780118869002e-05,0.00407332681740035,9.6844223055969e-07,4.39823517307518e-05,8.32649030515795e-36,0,0,0.00286241126541671,0,0,0,0.000301435302547816,0,0.00249500096164731,0.000165656229985716,8.62739820524268e-08,0,0.00410771053789244,4.55957569663176e-07,9.77526417242185e-06,0.000473588099941601,0.00547987032527226,5.16336150529195e-62,0.000896171608103895,0
2024,10,21,0.0092755240205195,7.10575175462992e-20,0.000217755784733407,9.24410793313763e-61,0,0,0.00270281074661802,3.33923071113965e-05,0.00829148653299927,0.000313828644233875,0,2.25723199207337e-05,0.00403592842110351,8.3038856110382e-07,4.76350783312801e-05,9.95447355687908e-37,0,0,0.0027390120980477,0,0,0,0.000264458437597399,0,0.00247086330951947,0.000186078511956737,5.74202981223533e-08,0,0.00402515571398023,3.65053906831633e-07,9.59427333848975e-06,0.000489189086899373,0.00560642460663718,6.5881115337606e-63,0.000845488042656235,0
2024,10,26,0.00924226215067263,4.34131235875877e-20,0.000280060641565183,1.80882493361546e-61,0,0,0.00258250687617879,3.06809201061383e-05,0.00862544976281568,0.000284883695652822,0,2.55700042258626e-05,0.00399788805648874,7.10420921970073e-07,5.15676992039747e-05,1.15247624481365e-37,0,0,0.00261728076505076,0,0,0,0.000231395369962783,0,0.0024462101780471,0.000208742833555644,5.02581901423213e-08,0,0.00393938813786361,2.92268409038606e-07,9.43173170041933e-06,0.000504858346143048,0.00571993058924938,8.27333793618096e-64,0.000801517384173631,0
2024,10,31,0.00920596291308648,2.64324224396668e-20,0.00035693807438875,3.50326032466351e-62,0,0,0.002463986157963,2.8180746431583e-05,0.00896226929012949,0.000258205229847511,0,2.88945211226023e-05,0.00395918377160432,5.78105068881491e-07,5.58107560240957e-05,1.29212055698095e-38,0,0,0.00249750293662254,0,0,0,0.000201838818201515,0,0.00242104131601986,0.000233827059322733,4.39335458219965e-08,0,0.0038505290931468,2.41826828900464e-07,9.28920037873583e-06,0.000520569248974843,0.00581946794505404,1.02256752436282e-64,0.000763986683159053,0
2024,11,5,0.00916677424666491,1.60382819944936e-20,0.000451058766738907,6.71572107483185e-63,0,0,0.00234757542116061,2.58615625958403e-05,0.00930156394304946,0.000233549814985999,0,3.25686681754275e-05,0.00391972514848161,4.93313515318095e-07,6.03524886773369e-05,1.40291532085754e-39,0,0,0.0023798841090269,0,0,0,0.00017558492419525,0,0.0023954663222303,0.000261635073351438,3.83560294290443e-08,0,0.00375877253307583,1.89605716148156e-07,9.16461576258507e-06,0.000536294113702135,0.00590406499309331,1.24392626665489e-65,0.000732323903924787,0
2024,11,10,0.00912480009658123,9.69803369953307e-21,0.000565166300193427,1.27425771856002e-63,0,0,0.00223337284373484,2.37003549954832e-05,0.00964269580571253,0.00021078834729943,0,3.66265274385944e-05,0.00387951591087292,4.19981560551199e-07,6.5225199863503e-05,1.47508568599065e-40,0,0,0.00226461583759694,0,0,0,0.000152335091605473,0,0.0023695970821501,0.000292339676056006,2.45847508331113e-08,0,0.00366433814965823,1.50397880922919e-07,9.05997752113213e-06,0.000552004256141926,0.00597294304175928,1.48932229788728e-66,0.000706703784576103,0
2024,11,15,0.00908007149897207,5.84405797540482e-21,0.000702624088841756,2.39313003171054e-64,0,0,0.00212170148173697,2.17008128568944e-05,0.00998482558796513,0.000189987150094648,0,4.11102875480314e-05,0.00383849232366395,3.56720004003211e-07,7.04341945256333e-05,1.50196705899861e-41,0,0,0.00215191702899228,0,0,0,0.000131831837403805,0,0.00234345555434651,0.000326187139284737,2.14623298388379e-08,0,0.0035673835140788,1.35863809033067e-07,8.97427250968654e-06,0.000567670045394311,0.00602537131672557,1.75498801822512e-67,0.000686799883997373,0
2024,11,20,0.00903277357606689,3.50954118619269e-21,0.000866462865822978,4.44856294367959e-65,0,0,0.00201274485181304,1.98453188075331e-05,0.0103273386805896,0.000170926174226044,0,4.60553054278977e-05,0.00379659354268336,3.02283052089639e-07,7.60151633631535e-05,1.48102004157263e-42,0,0,0.00204200080978133,0,0,0,0.000113772590273608,0,0.00231715380271459,0.000363394618382592,1.87123509821003e-08,0,0.00346804703219815,1.20887797391399e-07,8.90887902917455e-06,0.000583260965011819,0.00606092103709214,2.03540590685055e-68,0.000672443666482883,0
2024,11,25,0.00898287103399567,2.10034767338883e-21,0.00105967695034325,8.18497994941624e-66,0,0,0.00190662518977552,1.814204412152e-05,0.0106695276439558,0.000153409792628407,0,5.14797132548261e-05,0.00375382684753111,2.55557298268539e-07,8.19888110778145e-05,1.41422604704231e-43,0,0,0.00193495067983752,0,0,0,9.78962495952119e-05,0,0.00229074852114584,0.000404266405193901,1.62937211930237e-08,0,0.00336654279602608,1.20930915363061e-07,8.86300198485964e-06,0.000598745679695248,0.00607916532149805,2.32337502180279e-69,0.000663466543223868,0
2024,11,30,0.00893053133116869,1.25267114340954e-21,0.00128605890672487,1.49059601024155e-66,0,0,0.00180335598528593,1.65593436527453e-05,0.0110105518565153,0.000137474649691336,0,5.74273532210817e-05,0.00371015892264221,2.1555097783116e-07,8.84448741523385e-05,1.3077782086705e-44,0,0,0.00183096676744147,0,0,0,8.3996776498853e-05,0,0.00226432068267,0.000449089762336808,1.41694385653246e-08,0,0.00326303817899086,1.06249324078878e-07,8.8354507584112e-06,0.000614092107645671,0.00607989722916805,2.61023141504601e-70,0.000659647979599591,0
2024,12,5,0.00887586508496811,7.44539957521243e-22,0.00154872535572371,2.68687066114636e-67,0,0,0.00170325799850814,1.5084209150585e-05,0.0113494033379142,0.000122900802001724,0,6.38836294093772e-05,0.00366552362319947,1.68441748937855e-07,9.52714433290857e-05,1.17113437831345e-45,0,0,0.00173015048918747,0,0,0,7.18885874167025e-05,0,0.00223797431407546,0.000498120583771926,1.23062416965972e-08,0,0.00315777663425364,1.22358630366169e-07,8.83115070608314e-06,0.000629267498695914,0.00606313014593419,2.88622456841274e-71,0.000661326196485777,0
2024,12,10,0.00881898937215837,4.41005512967449e-22,0.00185088151381362,4.79377953803696e-68,0,0,0.0016063855927025,1.37389374847064e-05,0.0116857909459825,0.000109600560711552,0,7.09729037822592e-05,0.0036199321900481,1.41697778645096e-07,0.000102608015433432,1.01563283158202e-46,0,0,0.00163258994256358,0,0,0,6.13523742049385e-05,0,0.00221176892627492,0.000551667650295511,1.06742820552191e-08,0,0.00305100053074278,1.43466807014235e-07,8.84760503722107e-06,0.000644238518331974,0.00602895058242365,3.14103399625475e-72,0.00066805544615201,0
2024,12,15,0.00876002756856353,2.60318549414275e-22,0.00219551913059919,8.46552429018803e-69,0,0,0.00151283144341974,1.24993811228284e-05,0.0120185114669709,9.75714634083882e-05,0,7.86506088614425e-05,0.00357333943591677,1.18915821474236e-07,0.000110412892461615,8.52951037575389e-48,0,0,0.00153838739451274,0,0,0,5.22316893595162e-05,0,0.0021858101066452,0.000609990721542264,9.24681873427815e-09,0,0.00294292731597316,1.70165059888796e-07,8.88516201578265e-06,0.000658971337694841,0.00597761822316019,3.3643917964126e-73,0.000680327550566113,0
2024,12,20,0.0086991091741015,1.53133891175393e-22,0.00258520008975797,1.47970174791807e-69,0,0,0.00142268388138347,1.13591415034392e-05,0.0123469939076075,8.66352831822498e-05,0,8.69741378433068e-05,0.00352578611650451,8.64105088369791e-08,0.000118752760661147,6.9369544156639e-49,0,0,0.00144756106478828,0,0,0,4.434371536575e-05,0,0.00216015791252732,0.000673378711357423,7.99993484851695e-09,0,0.00283381959891133,1.95885894611257e-07,8.94384340697292e-06,0.000673431729625399,0.00590949791799853,3.54676083800909e-74,0.000698018299796265,0
2024,12,25,0.00863636962370905,8.97723602254129e-23,0.00302198683177505,2.55999462938223e-70,0,0,0.00133601586137676,1.02894493885889e-05,0.0126702358726363,7.66961452586536e-05,0,9.59673005900077e-05,0.00347721587345233,7.24046095434648e-08,0.000127660010704204,5.46350000747383e-50,0,0,0.0013601706719502,0,0,0,3.75257150956166e-05,0,0.00213489620461766,0.000742130940268164,6.91227474674819e-09,0,0.00272386786629504,2.37697981897975e-07,9.02472864017959e-06,0.000687585170778953,0.00582515765436506,3.6800070815602e-75,0.000721475105454712,0
2024,12,30,0.00857195008472452,5.24468136404181e-23,0.003507345572013,4.38377725626108e-71,0,0,0.00125278765503078,9.33080591332162e-06,0.0129876965044508,6.78835462283529e-05,0,0.000105689178021009,0.00342764069202541,6.05198496553228e-08,0.000137133381878217,4.16706642985961e-51,0,0,0.00127629431868995,0,0,0,3.16493441789564e-05,0,0.00211015172898204,0.000816501251091717,5.96480114765412e-09,0,0.00261339933507996,3.02522355798966e-07,9.12748331713576e-06,0.000701396949791212,0.00572540808581021,3.75800033979804e-76,0.000750536064631597,0
2025,1,4,0.00850599724132567,3.05351971916382e-23,0.00404187923864615,7.43023377934533e-72,0,0,0.00117310109850465,8.4521968859998e-06,0.0132986818686052,5.99054892071557e-05,0,0.000116192769879854,0.00337708814406548,5.04616487614239e-08,0.000147218405205569,3.07784870831778e-52,0,0,0.0011959061138666,0,0,0,2.66489471976969e-05,0,0.00208596549603693,0.000896802886923355,5.14057125952013e-09,0,0.00250262817271852,3.71953072521666e-07,9.25323526728069e-06,0.000714832281424212,0.00561100149663302,3.77708176507125e-77,0.000785734232727497,0
2025,1,9,0.008438663066647,1.77168913724603e-23,0.00462540070206269,1.24652521582014e-72,0,0,0.00109695305225626,7.65129197364967e-06,0.0136025334977402,5.27811013639142e-05,0,0.000127483573568048,0.00332555053838492,4.19717428632327e-08,0.000157923718850767,2.20151415000287e-53,0,0,0.0011190056716879,0,0,0,2.2376346183349e-05,0,0.00206244127428625,0.000983220451205491,4.42453091247002e-09,0,0.00239186591641266,4.62395846924407e-07,9.40166237617948e-06,0.000727856426558718,0.00548284367947783,3.736348423879e-78,0.00082744684138008,0
2025,1,14,0.00837010458322443,1.02442343487279e-23,0.00525667537363165,2.06987569673101e-73,0,0,0.00102425693962285,6.91003559487774e-06,0.0138981811544324,4.6394054881999e-05,0,0.000139571199675855,0.00327307240218639,3.48244721196586e-08,0.000169357166034585,1.52494107542713e-54,0,0,0.00104557843176427,0,0,0,1.87366563779128e-05,0,0.0020396170171857,0.00107606117541809,3.80332571342935e-09,0,0.00228145286314481,5.70750703121374e-07,9.57322729643352e-06,0.000740434817829565,0.00534206497686076,3.63772413383701e-79,0.000875458175358628,0
2025,1,19,0.0083004836124359,5.90305313923652e-24,0.00593334974593623,3.40198258363627e-74,0,0,0.00095506410454028,6.23173305265394e-06,0.0141855284736257,4.06606581235206e-05,0,0.000152495980269068,0.00321966470984887,2.88233232084514e-08,0.000181552174553318,1.02292080701054e-55,0,0,0.000975596621880352,0,0,0,1.56122004895513e-05,0,0.00201764921555504,0.00117541246324878,3.26512822768777e-09,0,0.00217159932440014,6.92244142647637e-07,9.76907982609547e-06,0.000752533190622774,0.00518970710315252,3.48580882364209e-80,0.000930292045473549,0
2025,1,24,0.00822996651362304,3.38983923558233e-24,0.00665187198190921,5.53432355855752e-75,0,0,0.000889224346192556,5.61289448301639e-06,0.0144641024394793,3.55285401629764e-05,0,0.000166344955938698,0.00316533447542159,2.37977299906495e-08,0.000194479311116081,6.64489818692586e-57,0,0,0.000909020252348154,0,0,0,1.29314815312269e-05,0,0.00199653359684027,0.00128150322977786,2.79948019497255e-09,0,0.00206272654516771,8.43506057232113e-07,9.98965149247023e-06,0.000764117719068949,0.00502705132173491,3.28752284332074e-81,0.000992317884317901,0
2025,1,29,0.00815872391359343,1.93993308108394e-24,0.00740743650671544,8.91131226000248e-76,0,0,0.000826788168347392,5.04427711884105e-06,0.0147332009053329,3.09462069764489e-05,0,0.00018116472578815,0.00311013400362695,1.96001314947034e-08,0.000208156811664335,4.18015146163287e-58,0,0,0.000845798131688854,0,0,0,1.07093413898222e-05,0,0.00197638905783357,0.00139447150415861,2.39714880090776e-09,0,0.00195511025912264,1.00888011293412e-06,1.02346541537216e-05,0.000775155156577533,0.00485530903821949,3.05158452761022e-82,0.00106162633137441,0
2025,2,3,0.00808693042721271,1.10636811036822e-24,0.00819399836659889,1.42024558988155e-76,0,0,0.000767701296519552,4.52628782087194e-06,0.0149926000002028,2.69239490155477e-05,0,0.000196882528982546,0.00305408042626013,1.61032823786183e-08,0.000222670389091361,2.5465550773451e-59,0,0,0.000785847684734145,0,0,0,8.75594652688887e-06,0,0.00195729337227225,0.00151442525130527,2.04999604522284e-09,0,0.00184913339367432,1.22537971610877e-06,1.05053246798068e-05,0.00078561298036236,0.00467572848052494,2.78787591545506e-83,0.00113840779763727,0
2025,2,8,0.00801476436980346,6.28807653153175e-25,0.00900415740463427,2.24042249271402e-77,0,0,0.000711815662839294,4.0784639781827e-06,0.0152420632838533,2.33478321361555e-05,0,0.00021355253271241,0.00299723467034611,1.31978079205904e-08,0.000238021840254619,1.50235130187395e-60,0,0,0.000729134235989518,0,0,0,7.12069752603543e-06,0,0.0019393466006535,0.00164140356698027,1.75086027481857e-09,0,0.0017450162261779,1.47351514478066e-06,1.08017545457902e-05,0.00079545953931199,0.00448970744697641,2.50676075264274e-84,0.00122305596091194,0
2025,2,13,0.00794240746207143,3.56156826704078e-25,0.00982938620614476,3.49817153706492e-78,0,0,0.000659124091483887,3.66654459618101e-06,0.0154814480790167,2.01870059313839e-05,0,0.000231240610076607,0.00293963216314087,1.07899931636656e-08,0.00025429864509674,8.58316161846451e-62,0,0,0.000675565272041674,0,0,0,5.75315700669335e-06,0,0.00192259022403485,0.00177543264669253,1.49344898161629e-09,0,0.00164319299256312,1.80082028477544e-06,1.11244455329968e-05,0.000804664204460407,0.00429853895947942,2.21841985597364e-85,0.00131580507766596,0
2025,2,18,0.0078700445282809,2.0103423791788e-25,0.0106600242450346,5.40626087010908e-79,0,0,0.000609495469194209,3.29662208635868e-06,0.015710708689705,1.73891788609634e-05,0,0.000249973829979569,0.00288132272170138,8.79979402700039e-09,0.000271599933927919,4.74876251748588e-63,0,0,0.000625055752605208,0,0,0,4.61083477925262e-06,0,0.00190710945285402,0.00191645488330705,1.27224200094454e-09,0,0.0015439397650762,2.15416175077687e-06,1.14739109753221e-05,0.000813197521216594,0.00410350963940089,1.93226199384925e-86,0.00141679909180585,0
2025,2,23,0.00779786318839847,1.13084764635622e-25,0.0114854451267959,8.26984992054462e-80,0,0,0.000562813878131784,2.95641307194666e-06,0.0159297563376916,1.4975194255631e-05,0,0.000269764886428181,0.00282235991413255,7.15905692330118e-09,0.000289843446339702,2.54431560135067e-64,0,0,0.00057751192356621,0,0,0,3.60213546169839e-06,0,0.00189299617784593,0.00206435578773128,1.08240428509357e-09,0,0.00144745277162277,2.58453973687876e-06,1.18506752502935e-05,0.000821031362417244,0.0039059061062934,1.6564551841304e-87,0.00152633330376663,0
2025,2,28,0.00772605354491991,6.33933204499899e-26,0.0122942442669271,1.25211150899395e-80,0,0,0.000519033807519423,2.6387606636995e-06,0.0161392230825011,1.28188140834609e-05,0,0.000290626147621248,0.0027628007709703,5.80993261767719e-09,0.000309069999427482,1.32013662228028e-65,0,0,0.000532817829249967,0,0,0,2.83448356005157e-06,0,0.00188025780069505,0.00221897916376052,9.19707467731149e-10,0,0.00135416954212124,3.09039554115919e-06,1.22552731901874e-05,0.000828139081177601,0.00370697694505718,1.3976060753807e-88,0.00164430915918388,0
2025,3,5,0.00765480786508662,3.5415081693462e-26,0.0130744683062821,1.87643338475405e-81,0,0,0.000477917353300884,2.34179378611741e-06,0.0163390819093903,1.09791264174268e-05,0,0.000312632087445756,0.00270270548132317,4.70346965869222e-09,0.000329386066725107,6.63321609389764e-67,0,0,0.000490927143197053,0,0,0,2.21513204529369e-06,0,0.00186901354611076,0.00238009511402134,7.80459477367055e-10,0,0.00126424910052402,3.67478212138468e-06,1.26882494123127e-05,0.000834495662433069,0.00350790302363834,1.16059656277937e-89,0.00177110307056716,0
2025,3,10,0.00758432025918831,1.97168874380449e-26,0.013813881609153,2.78335162091694e-82,0,0,0.00043947642821269,2.08828546060336e-06,0.0165296382513872,9.35699052807676e-06,0,0.000335713760457164,0.00264213707609482,3.79837264263866e-09,0.000350788360108553,3.22765257443805e-68,0,0,0.000451686803770164,0,0,0,1.72385586479639e-06,0,0.00185931603667362,0.00254740647024399,6.61441501309004e-10,0,0.00117786659651339,4.36641935220884e-06,1.31501575677586e-05,0.000840077871991075,0.00330985910344605,9.48569575475017e-91,0.0019066453036404,0
2025,3,15,0.00751478635563528,1.09394085605012e-26,0.0145002630988637,4.08646507615096e-83,0,0,0.000403619031628384,1.85895054116141e-06,0.0167117409236699,7.94716535354131e-06,0,0.000359950867537037,0.00258115162894961,3.05991077643551e-09,0.000373345807969069,1.52092144916859e-69,0,0,0.000414992021707195,0,0,0,1.18403896826895e-06,0,0.00185122777431148,0.00272054668662383,5.59851644997191e-10,0,0.00109534322358856,5.1719267910979e-06,1.36415595080959e-05,0.000844864401850577,0.00311387010246302,7.6304212150197e-92,0.00205095727804023,0
2025,3,20,0.00744640297346922,6.04859796382276e-27,0.0151217247182961,5.93843925417096e-84,0,0,0.000370176552324725,1.6485599375508e-06,0.0168857689784704,6.72360194965449e-06,0,0.00038534876339525,0.00251983689762648,2.45896262768601e-09,0.000397043645776134,6.94039449943424e-71,0,0,0.000380744762945617,0,0,0,7.76309511088621e-07,0,0.00184481589460531,0.00289907846256606,4.73254674744008e-10,0,0.00101668511941276,6.07875793762753e-06,1.41630243697224e-05,0.000848836010497614,0.00292096452625566,6.04114479302201e-93,0.00220418591319636,0
2025,3,25,0.00737936779296358,3.33289016003537e-27,0.0156670410845698,8.54164797201474e-85,0,0,0.000339079046483511,1.45874618181468e-06,0.0170526106530569,5.66763204613735e-06,0,0.000411969040914579,0.00245825176334135,1.97118354253167e-09,0.000421968278111537,3.0670361697739e-72,0,0,0.000348847839099805,0,0,0,5.44216109946054e-07,0,0.00184012428504003,0.00308249316578128,3.99537274325561e-10,0,0.000942113120477456,7.16100706248517e-06,1.47151275757527e-05,0.00085197565685106,0.00273200130379509,4.70740308966166e-94,0.00236600373961539,0
2025,3,30,0.00731387902494652,1.83017535836901e-27,0.0161259785580501,1.21606239238356e-85,0,0,0.000310112267204187,1.29232740825839e-06,0.0172131424717943,4.78121137955157e-06,0,0.000439818718108129,0.00239645728544977,1.57628292895522e-09,0.000448130905652453,1.3125353440828e-73,0,0,0.00031917775369134,0,0,0,3.74119030664656e-07,0,0.00183721378150116,0.00327021111753783,3.36868287229475e-10,0,0.000871688751547155,8.43068796461701e-06,1.52984497555697e-05,0.000854268626514952,0.00254783071932059,3.610230591333e-95,0.002536476762982,0
2025,4,4,0.0072501350794579,1.00154355610443e-27,0.0164896110721792,1.71362148948798e-86,0,0,0.000283225538930623,1.14298612691653e-06,0.0173682286491954,4.02068094334483e-06,0,0.000468799659824402,0.00233454683708727,1.25739940676264e-09,0.000475591134028655,5.43951883342486e-75,0,0,0.000291634623525152,0,0,0,2.70590561595703e-07,0,0.00183613598686647,0.00346158279100317,2.83663456379837e-10,0,0.000805504589593741,9.87857469568499e-06,1.59135755823821e-05,0.000855702648993538,0.0023691466905195,2.72508407926656e-96,0.00271537909839952,0
2025,4,9,0.00718833423433045,5.46200920427931e-28,0.0167506097575732,2.39011506355913e-87,0,0,0.000258329395418478,1.01791447888397e-06,0.0175194698021167,3.36743887224139e-06,0,0.000499092663658934,0.00227258215002635,1.00056268280313e-09,0.000504349529496481,2.18306833886163e-76,0,0,0.000266065377600741,0,0,0,1.8295368748135e-07,0,0.00183693948675172,0.00365589096114485,2.38554211615553e-10,0,0.000743546104444195,1.1550772461621e-05,1.65610925293654e-05,0.000856268004543801,0.0021965702137276,2.02449301075681e-97,0.00290254191415624,0
2025,4,14,0.0071286743042614,2.96852340697439e-28,0.0169034937003121,3.29964790274572e-88,0,0,0.000235328605360724,8.91757306298242e-07,0.0176676624823257,2.83076935098036e-06,0,0.000530595540190387,0.00221063670583405,7.94231893502119e-10,0.00053447104468888,8.48460338551299e-78,0,0,0.000242386638554462,0,0,0,1.14683074175271e-07,0,0.00183967652594501,0.00385235383077374,2.00360091925375e-10,0,0.000685818443687541,1.34876944834179e-05,1.72415895452064e-05,0.000855957619378078,0.00203062637163667,1.48028066932667e-98,0.00309751628500339,0
2025,4,19,0.00707135231091672,1.60780733411325e-28,0.01694483012885,4.50880327059335e-89,0,0,0.000214073244215225,7.79293237525555e-07,0.0178141134264162,2.34920836889843e-06,0,0.000563282547076014,0.00214878410565083,6.28901043804455e-10,0.000565975558650232,3.19339859089123e-79,0,0,0.000220530521363177,0,0,0,4.16066756836323e-08,0,0.00184437668004781,0.00405012914219919,1.68064424320265e-10,0,0.000632235511271312,1.57508295115501e-05,1.7955655650121e-05,0.000854767147987151,0.00187174542718527,1.06527875175955e-99,0.00330019045924521,0
2025,4,24,0.00701656415458489,8.67826734002086e-29,0.0168733739219324,6.09817499492827e-90,0,0,0.000194402312327779,6.82820838466894e-07,0.0179600286576971,1.94368775775657e-06,0,0.000597246094058045,0.00208709774037855,4.96763043931975e-10,0.000598883758155834,1.16394398739778e-80,0,0,0.000200386085888774,0,0,0,3.37765721361698e-08,0,0.00185108484633503,0.00424831926786073,1.40792914171746e-10,0,0.000582718549899152,1.83438273910459e-05,1.8703878453669e-05,0.0008526950414316,0.00172026516546115,7.54525413642933e-101,0.00351005546353663,0
2025,4,29,0.00696450428787152,4.66807204028347e-29,0.0166901385319748,8.16363169155442e-91,0,0,0.000176340357291462,5.96577559645362e-07,0.0181070243847183,1.62060479331303e-06,0,0.000632459014699104,0.00202565046979666,3.91424688729611e-10,0.00063329840658625,4.10835914356165e-82,0,0,0.000181817373568742,0,0,0,2.73387177125349e-08,0,0.00185983652798756,0.00444597725647296,1.17794832818437e-10,0,0.000537172252211921,2.12742531394087e-05,1.94868425959565e-05,0.000849742600546018,0.00157643434990147,5.25988065600376e-102,0.00372671281552872,0
2025,5,4,0.00691536539189977,2.50234735166353e-29,0.0163983931495449,1.08171253065809e-91,0,0,0.000159665497853009,5.24056263112475e-07,0.0182566478950263,1.3241484362052e-06,0,0.000668985894278754,0.00196450508210108,3.07665728121639e-10,0.000669146931828386,1.40430709672824e-83,0,0,0.000164708410080872,0,0,0,2.20622967747215e-08,0,0.00187066372195802,0.0046421137939636,9.84265172280491e-11,0,0.00049543326062071,2.46993312439403e-05,2.03051281140825e-05,0.000845914013116085,0.00144041714755756,3.60885405609947e-103,0.00394969043036493,0
2025,5,9,0.00686933805545559,1.33678994943369e-29,0.0160035840843282,1.41868268962803e-92,0,0,0.000144414242002397,4.55055831437118e-07,0.01841024708166,1.09798920819533e-06,0,0.00070680142902513,0.00190373196865797,2.41235933702827e-10,0.000706465858461089,4.64850334753856e-85,0,0,0.000149019105659114,0,0,0,1.77514288980372e-08,0,0.00188360559583943,0.00483570502112049,8.21369235100499e-11,0,0.000457319063090889,2.85782954719743e-05,2.11593087359632e-05,0.000841216374221334,0.00131229837081916,2.43699231155759e-104,0.00417846487488386,0
2025,5,14,0.00682661045749039,7.1167923774247e-30,0.0155131817617371,1.84163535396073e-93,0,0,0.000130383754219717,3.88028033877208e-07,0.0185689890283441,9.07553727741608e-07,0,0.000745880985918449,0.00184343249486938,1.88684770742921e-10,0.000745322585754629,1.49012113327622e-86,0,0,0.000134616373935521,0,0,0,1.42405225422871e-08,0,0.0018986777928739,0.005025701132732,6.84550011378971e-11,0,0.000422650379033249,3.30019909398035e-05,2.20499501039455e-05,0.000835659689085237,0.00119208937962358,1.61968443796556e-105,0.00441254250099277,0
2025,5,19,0.00678736805336795,3.77581737659925e-30,0.0149364582574265,2.36628470132606e-94,0,0,0.000117498847399483,3.33749425028837e-07,0.0187346345666017,7.28829872146975e-07,0,0.000786244200076458,0.00178362224404134,1.47218934072106e-10,0.00078569844811125,4.62580550414791e-88,0,0,0.000121398822218433,0,0,0,1.13901264980189e-08,0,0.00191589902242322,0.00521103566645904,5.69786779097983e-11,0,0.000391199494593504,3.80233426256509e-05,2.29776079309079e-05,0.000829256857937047,0.00107973448856224,1.05949294866885e-106,0.00465118662489775,0
2025,5,24,0.00675179326521701,1.99638013274416e-30,0.0142842037163792,3.00936828787327e-95,0,0,0.000105781705427418,2.95090568691447e-07,0.0189086846484921,5.79103891631492e-07,0,0.000827940155669242,0.00172438188995957,1.14583599419477e-10,0.000827622540656145,1.39062659755199e-89,0,0,0.000109357536468511,0,0,0,9.08324822127675e-09,0,0.0019352797901293,0.00539063537407894,4.73652670178028e-11,0,0.000362887283138857,4.37515764605563e-05,2.39428260918331e-05,0.000822023642564695,0.000975117727111504,6.82114281620828e-108,0.00489378444033999,0
2025,5,29,0.00672006517672609,1.05191605792385e-30,0.0135683931178902,3.78816327663715e-96,0,0,9.50191339951614e-05,2.55807641879853e-07,0.0190925736252691,4.75197679812937e-07,0,0.000870954417221153,0.00166582393521162,8.89637792157487e-11,0.000871106645427885,4.04847128385417e-91,0,0,9.83829461437085e-05,0,0,0,7.22210554493748e-09,0,0.00195684122772548,0.00556343055345095,3.93231271822196e-11,0,0.000337413194989582,5.02113988547004e-05,2.49461346541257e-05,0.000813978614422259,0.00087806980806109,4.3222275301177e-109,0.00513958572039428,0
2025,6,3,0.00669235923269333,5.52362937718324e-31,0.0128018174426844,4.71983761951462e-97,0,0,8.52549904851984e-05,2.20714873518215e-07,0.0192877125015041,3.88653143193847e-07,0,0.000915298546462745,0.00160798623777788,6.8902655184013e-11,0.000916160828703096,1.14137659638868e-92,0,0,8.83410316749067e-05,0,0,0,5.72527685948861e-09,0,0.00198060367086647,0.00572836570692608,3.26044247254732e-11,0,0.00031449587140243,5.75228586463054e-05,2.59880478502454e-05,0.000805143084346693,0.000788375168645734,2.69556319923632e-110,0.00538803864943066,0
2025,6,8,0.00666884694362114,2.89050410212873e-31,0.0119976951813287,5.82063621328831e-98,0,0,7.63693734488273e-05,1.94576449799914e-07,0.0194955210174723,3.16825129132452e-07,0,0.000960963295964487,0.00155091688386304,5.32341916082472e-11,0.000962845596302733,3.11619216876806e-94,0,0,7.92310607866275e-05,0,0,0,4.52521448010077e-09,0,0.00200655213863875,0.00588441038129522,2.69988627959092e-11,0,0.00029398343329029,6.57981433875114e-05,2.70690619965133e-05,0.00079554101413362,0.000705778960430119,1.65456115029174e-111,0.00563816961526278,0
2025,6,13,0.00664969559562385,1.5073991840557e-31,0.0111692811379011,7.10491523591941e-99,0,0,6.83306131624452e-05,1.57364930492588e-07,0.0197171832580546,2.5742227797268e-07,0,0.0010079890165391,0.00149466197272891,4.10277159684194e-11,0.00101105362710849,8.2390448871582e-96,0,0,7.09325333104333e-05,0,0,0,3.56608636417503e-09,0,0.002034697693488,0.00603057003605396,2.23282578006589e-11,0,0.000275576205014867,7.50606854005803e-05,2.81896533622475e-05,0.000785198910418165,0.000629993877162641,9.99556937046325e-113,0.00588940204871754,0
2025,6,18,0.00663506796589597,7.83409080360349e-32,0.0103294895270332,8.58405324113289e-100,0,0,6.10127232726149e-05,1.33992032763019e-07,0.019953773319466,2.08468868986213e-07,0,0.00105635630783631,0.001439285685298,3.15424910406731e-11,0.00106088367182211,2.10953567659009e-97,0,0,6.34451647863473e-05,0,0,0,2.80191243618445e-09,0,0.00206503766612511,0.00616589678103688,1.8441856562224e-11,0,0.000259045938506132,8.54930014787294e-05,2.93502759936727e-05,0.000774145701501021,0.000560706724115009,5.94324540343358e-114,0.00614072517971719,0
2025,6,23,0.00662512204397004,4.05746309681971e-32,0.00949054740145775,1.02652841295818e-100,0,0,5.43830575127289e-05,1.17906675795518e-07,0.0202063454723867,1.68269093597926e-07,0,0.00110610242575487,0.0013848465887203,2.41905981868394e-11,0.00111226665728802,5.23063299192559e-99,0,0,5.66556411282011e-05,0,0,0,2.19496335588295e-09,0,0.00209756526788943,0.00628949982157373,1.52122998709535e-11,0,0.000244243474072023,9.71735400503221e-05,3.05513594973387e-05,0.000762412597949149,0.000497584647392251,3.47801298800279e-115,0.00639142840893092,0
2025,6,28,0.00662001075897527,2.09423889410956e-32,0.00866369252350259,1.2150513426485e-101,0,0,4.83873960018202e-05,1.03624489904898e-07,0.0204761175834198,9.59362514721092e-08,0,0.00115719101859014,0.00133136127267704,1.8506709096519e-11,0.00116521247548774,1.25596920603123e-100,0,0,5.05184114396927e-05,0,0,0,1.71439149311456e-09,0,0.00213226955723429,0.00640055544942803,1.25321490590548e-11,0,0.000230892845054257,0.000110222846538294,3.17933067880717e-05,0.000750032937981711,0.000440280956891421,2.00322691426254e-116,0.00664062773683196,0
2025,7,3,0.00661988171309283,1.077217849764e-32,0.00785892702840559,1.42351936844012e-102,0,0,4.29777994145849e-05,9.09601233510864e-08,0.020763557469901,7.74649290155552e-08,0,0.00120967903299834,0.00127885651878945,1.41235463774252e-11,0.0012197455932448,2.92052617332937e-102,0,0,4.49785542921319e-05,0,0,0,1.33506602866994e-09,0,0.00216913541173554,0.00649831642101662,1.03109020632089e-11,0,0.00021880025100325,0.000124749422097058,3.30764918067587e-05,0.00073704017314188,0.000388440491608055,1.1355872409298e-117,0.00688740325303512,0
2025,7,8,0.00662487692138948,5.52187474999528e-33,0.00708483481223521,1.65073454454575e-103,0,0,3.81198754467838e-05,6.48671705727048e-08,0.0210692922379449,6.23364895058957e-08,0,0.00126358108129406,0.00122742418184667,1.0752025695257e-11,0.00127580651465519,6.57658719318142e-104,0,0,4.00049864807495e-05,0,0,0,1.03658638615112e-09,0,0.00220814350575719,0.00658212057083177,8.47243426131346e-12,0,0.000207843373534103,0.000140869380691877,3.44012572135461e-05,0.000723475372692905,0.000341704490484319,6.33581186414038e-119,0.00713097948512591,0
2025,7,13,0.00663513255819905,2.82081928813884e-33,0.00634846676133577,1.89468152261527e-104,0,0,3.37308675175904e-05,5.21487754947137e-08,0.0213938242811618,4.99912950102199e-08,0,0.00131893030847328,0.0011770923100657,8.16523706067816e-12,0.00133342504194852,1.43415942278141e-105,0,0,3.54966981402133e-05,0,0,0,8.0245053280893e-10,0,0.00224927029391923,0.0066513985175763,6.9528072499494e-12,0,0.000197787084706437,0.0001587723189316,3.57679120622992e-05,0.000709375000705015,0.000299714945663291,3.47916841543853e-120,0.00737043329372763,0
2025,7,18,0.00665077871021119,1.4360504344304e-33,0.00565523982456699,2.15248598802705e-105,0,0,2.97865906325381e-05,3.63249991166484e-08,0.0217374355980057,3.99540919785387e-08,0,0.00137568861296591,0.00112790829169378,6.18556356009374e-12,0.00139254709706995,3.02866785016644e-107,0,0,3.14697154510175e-05,0,0,0,6.19357002434779e-10,0,0.00229248800052331,0.00670568033317924,5.69839575442691e-12,0,0.000188457376502307,0.000178537557883811,3.71767294624275e-05,0.000694779106993431,0.000262118427617102,1.8803558347404e-121,0.00760495577614682,0
2025,7,23,0.00667193913641807,7.28567590410285e-34,0.0050091908429642,2.4204136402343e-106,0,0,2.62120377672917e-05,3.1927620828845e-08,0.0221002013231195,3.182313600749e-08,0,0.00143389221821981,0.0010798816763163,4.67435530744282e-12,0.00145316137874636,6.19388635623586e-109,0,0,2.78782699054859e-05,0,0,0,4.76621739991598e-10,0,0.00233776461510183,0.00674460106040887,4.66428910991263e-12,0,0.000179735588833522,0.000200302379462014,3.86279442344351e-05,0.000679728913275715,0.000228569382966768,1.000221171107e-122,0.00783368584755751,0
2025,7,28,0.00669873103506373,3.68362781144295e-34,0.00441258562674128,2.69391574215181e-107,0,0,2.29948883406855e-05,2.80266629538543e-08,0.0224819163564173,2.52603588999185e-08,0,0.00149355172535796,0.00103304679487696,3.52367738603874e-12,0.00151523998320166,1.22668254797821e-110,0,0,2.46470460100583e-05,0,0,0,3.65693008104446e-10,0,0.00238504145419986,0.00676790498298331,3.81292929282402e-12,0,0.000171453494865606,0.000224193403294334,4.01217505657884e-05,0.000664266597070961,0.00019873291577935,5.23652829120865e-124,0.00805580322030056,0
2025,8,2,0.00673123184082478,1.85604024956802e-34,0.0038666644310482,2.96772458410581e-108,0,0,2.01654750984875e-05,2.45708426405478e-08,0.0228824091859543,1.99825491796489e-08,0,0.00155468034867275,0.000987407819670572,2.64973552823326e-12,0.0015787670313291,2.35265642629733e-112,0,0,2.17675045173592e-05,0,0,0,2.7974960331396e-10,0,0.00243432552485502,0.00677544857256377,3.11295238432288e-12,0,0.000163595955297242,0.000250387467015217,4.16579433279342e-05,0.00064843507130452,0.000172287071636758,2.69825056337913e-125,0.00827050690248172,0
2025,8,7,0.00676961369050499,9.31976153978476e-35,0.0033711133087811,3.2359988780078e-109,0,0,1.76704681603593e-05,1.69149101218021e-08,0.0233011085016608,1.57535014122412e-08,0,0.00161727423577448,0.000943012762230708,1.98765447037529e-12,0.00164368173071227,4.3696052021749e-114,0,0,1.91642317777166e-05,0,0,0,2.13369488071471e-10,0,0.00248554683080037,0.006767202059396,2.53820467556224e-12,0,0.00015601237053873,0.000278958711951583,4.3237014985576e-05,0.000632277761497493,0.000148924650793057,1.36839824755277e-126,0.00847718147431529,0
2025,8,12,0.00681393680061268,4.66367187088736e-35,0.00292476010378259,3.49251535479173e-110,0,0,1.53999097715614e-05,1.48295546713042e-08,0.0237374607021313,1.23770781721271e-08,0,0.00168134384322539,0.0008998660574389,1.48734330182447e-12,0.00170995789188085,7.85928900713605e-116,0,0,1.68298450860617e-05,0,0,0,1.62257643549375e-10,0,0.00253865653572566,0.00674324959717339,2.06690843585347e-12,0,0.000148654393710591,0.000310066511763944,4.4859379036617e-05,0.000615838382431228,0.000128354582289961,6.83021151586579e-128,0.00867495327662993,0
2025,8,17,0.0068642899568945,2.32571749643768e-35,0.00252582810344803,3.7308989937012e-111,0,0,1.34306258541782e-05,1.29843276695882e-08,0.0241903364460804,9.69112072068363e-09,0,0.00174694449625711,0.000857948839923268,1.11023144952478e-12,0.00177758237596302,1.36893140593801e-117,0,0,1.47871199880654e-05,0,0,0,1.23023485446951e-10,0,0.00259360164180851,0.00670378801740938,1.68095571404401e-12,0,0.000141425163540394,0.000343792837186516,4.65242875528336e-05,0.000599160716164187,0.000110302895037533,3.35542246122343e-129,0.00886325863456794,0
2025,8,22,0.00692075432789919,1.15582406619499e-35,0.00217150759989704,3.94488072248145e-112,0,0,1.17271775083967e-05,1.13538663596578e-08,0.0246586664881733,7.56213985750276e-09,0,0.00181400698867555,0.000817283747297504,8.26699738335097e-13,0.00184647046071922,2.30907204566992e-119,0,0,1.29677915275794e-05,0,0,0,9.29995619888285e-11,0,0.00265032502614517,0.00664912419366871,1.36531147960947e-12,0,0.000134335929961094,0.000380288184542095,4.8232461265856e-05,0.000582288393242398,9.45133246745207e-05,1.62237659533675e-130,0.00904156133794983,0
2025,8,27,0.0069833709958471,5.72443089280453e-36,0.00185882307557641,4.12856845845536e-113,0,0,1.01384422247937e-05,9.91519032871236e-09,0.0251411443235713,5.88071643801461e-09,0,0.00188259132511224,0.00077783827999597,6.14064578186066e-13,0.00191656659716626,3.77181730384043e-121,0,0,1.13519177085174e-05,0,0,0,7.00944758437542e-11,0,0.00270876548463905,0.00657967106083091,1.10750997846711e-12,0,0.000127315821311271,0.0004196572307711,4.99834021869543e-05,0.000565262772333459,8.07475966103799e-05,7.72053770617969e-132,0.00920930682338574,0
2025,9,1,0.00705223863279616,2.82539207840179e-36,0.00158448973330291,4.27671534499783e-114,0,0,8.81806142584686e-06,8.64751471484865e-09,0.0256362881566902,4.55754120879946e-09,0,0.00195267254533635,0.000739715909806118,4.55000908147835e-13,0.00198783722262795,5.96652111743888e-123,0,0,9.86527565010869e-06,0,0,0,5.2674048013264e-11,0,0.00276885778355026,0.00649594235855723,8.97230420458217e-13,0,0.000120335252695696,0.000461955099098776,5.17769564611094e-05,0.00054813067174351,6.87854261469177e-05,3.6160533971439e-133,0.00936625256123029,0
2025,9,6,0.00712741554236668,1.38973169910125e-36,0.00134498773525952,4.38496823546331e-115,0,0,7.63095378847859e-06,7.53207356527093e-09,0.0261424297834841,3.52002543530876e-09,0,0.00202425439123629,0.000702853472116563,3.36312068403854e-13,0.00206023796219185,9.14006078737785e-125,0,0,8.57587785034691e-06,0,0,0,3.94656819321855e-11,0,0.00283052129980507,0.00639854619072191,7.25940068129156e-13,0,0.000113411059655477,0.000507306760680152,5.36125467028428e-05,0.000530931745341625,5.84242761216656e-05,1.66691529781939e-134,0.00951185432968224,0
2025,9,11,0.0072089504359126,6.81222603382957e-37,0.00113707102424255,4.45008003792143e-116,0,0,6.54921616608408e-06,6.55195335369193e-09,0.0266578084370456,2.70941687306276e-09,0,0.00209729660887001,0.000667277078910398,2.47973123168291e-13,0.00213369921889691,1.35592089898848e-126,0,0,7.43932094099356e-06,0,0,0,2.94817012482066e-11,0,0.0028937070840033,0.0062881775132014,5.86594493572829e-13,0,0.000106527752867471,0.000555716886847752,5.54906614377405e-05,0.000513705039516071,4.94789112533801e-05,7.56281784579092e-136,0.00964589302313638,0
2025,9,16,0.00729691926553644,3.32776762730384e-37,0.00095714536798716,4.47007147704173e-117,0,0,5.62107548139309e-06,5.69193657685711e-09,0.0271802994979889,2.07835960302562e-09,0,0.00217177141148025,0.000632969739812339,1.82389042349997e-13,0.00220814726682187,1.94794636004715e-128,0,0,6.46869980397376e-06,0,0,0,2.19581366719904e-11,0,0.00295832532004475,0.00616560968058559,4.73386242023953e-13,0,9.97610457981345e-05,0.000607260200872528,5.74105661093128e-05,0.000496494541372648,4.17424460862997e-05,3.37710962916767e-137,0.00976823318610665,0
2025,9,21,0.00739131558472804,1.62002905512221e-37,0.000802238753333108,4.44433103054993e-118,0,0,4.83005698767562e-06,4.93835527437513e-09,0.0277077537189418,1.58884080804414e-09,0,0.00224765280350463,0.000599893230769206,1.33821177040898e-13,0.00228355144008492,2.71004811332438e-130,0,0,5.60172765876295e-06,0,0,0,1.63060376289187e-11,0,0.0030242953459212,0.00603168519764281,3.8153441486942e-13,0,9.30063563121006e-05,0.000661944675491596,5.93715069226702e-05,0.000479336489415194,3.51283068910851e-05,1.48421934790377e-138,0.00987874947843972,0
2025,9,26,0.0074921624942633,7.85956471232295e-38,0.000669199023799805,4.37364599990463e-119,0,0,4.13543198375422e-06,4.27895425157822e-09,0.0282383152022462,1.21047245446078e-09,0,0.00232493872809188,0.000568015927611866,9.79451462702103e-14,0.00235981752751087,3.65118952999255e-132,0,0,4.85006932526129e-06,0,0,0,1.20728946210093e-11,0,0.0030915222503541,0.005887305833374,3.07108785106318e-13,0,8.64412878718262e-05,0.000719772648597117,6.13733924902905e-05,0.000462267957731963,2.94744599686162e-05,6.42010940444321e-140,0.00997744368708023,0
2025,10,1,0.00759940552444977,3.79996918683742e-38,0.000555783702675146,4.26016251254541e-120,0,0,3.5323621426564e-06,3.70276373120672e-09,0.0287692020803706,9.19060853868646e-10,0,0.00240354372781089,0.000537410218780552,7.15110185929197e-14,0.00243685922170477,4.76375175747907e-134,0,0,4.18912231272613e-06,0,0,0,8.9121891022055e-12,0,0.00315992903149703,0.00573342226395601,2.46883006783606e-13,0,7.99810100877383e-05,0.000780733452876444,6.34160627755901e-05,0.00044532442450861,2.4673743402287e-05,2.73324259324926e-141,0.0100643947545218,0
2025,10,6,0.00771312417160867,1.83091236422363e-38,0.000459050877370291,4.10727729091668e-121,0,0,3.0279037386024e-06,3.1999811155343e-09,0.0292982821389058,6.95422051005208e-10,0,0.00248341424416449,0.000507995830912748,5.20828787029166e-14,0.00251460967912596,6.0189569232314e-136,0,0,3.58619408624281e-06,0,0,0,6.55944944780466e-12,0,0.00322942605670399,0.00557102341563108,1.98212295921608e-13,0,7.37301245724156e-05,0.000844773283204938,6.54981676134935e-05,0.000428539649169342,2.05537482218625e-05,1.14526329382868e-142,0.0101397033060065,0
2025,10,11,0.00783331211364911,8.79145894748795e-39,0.000377380824553008,3.91946880375122e-122,0,0,2.5261663199683e-06,2.76186150531534e-09,0.0298230653410811,5.24405790685813e-10,0,0.00256450361431643,0.000479739007185879,3.78398118144393e-14,0.00259300027891004,7.36462633912854e-138,0,0,3.04947056928046e-06,0,0,0,4.8134936057924e-12,0,0.00329991721400786,0.00540112567957834,1.5893166094541e-13,0,6.76348336595825e-05,0.000911821596329874,6.76197615181539e-05,0.000411945564991569,1.70871490558566e-05,4.7230649085889e-144,0.0102035708385268,0
2025,10,16,0.00796002901108421,4.20688142159956e-39,0.000308480457455792,3.70207950879284e-123,0,0,2.11465646180104e-06,2.38061659484571e-09,0.0303408848569058,3.94095369261109e-10,0,0.00264673722915576,0.000452690118376459,2.74242605711163e-14,0.00267191973884022,8.72644924408947e-140,0,0,2.6023920199112e-06,0,0,0,3.52178972831339e-12,0,0.00337131655008277,0.0052247621680481,1.27271360938602e-13,0,6.17941119472006e-05,0.000981784547083901,6.97790348046398e-05,0.000395572187553402,1.41019553083475e-05,1.91705201769423e-145,0.0102562986566642,0
2025,10,21,0.00809317508522661,2.00615979889712e-39,0.000250702172391367,3.46106394951814e-124,0,0,1.80317723502214e-06,2.04932154268428e-09,0.0308492897263153,2.95154913146046e-10,0,0.00272999831331148,0.000426824157746359,1.98268105487121e-14,0.00275128951752651,1.00134050887454e-141,0,0,2.22343986250282e-06,0,0,0,2.56907308382326e-12,0,0.00344349908099159,0.00504297217469547,1.01786783374232e-13,0,5.61947414463511e-05,0.00105453971211994,7.19758936324518e-05,0.000379445580463005,1.15949957497509e-05,7.6583514234393e-147,0.0102981089461683,0
2025,10,26,0.00823268269460634,9.53403453948561e-40,0.000202420981403519,3.20271924034052e-125,0,0,1.51347442362512e-06,1.76182940440751e-09,0.0313458393762118,2.20299511387812e-10,0,0.00281419554061462,0.000402096254405957,1.42989042554061e-14,0.0028310152467438,1.11271354056896e-143,0,0,1.92464575293158e-06,0,0,0,1.868527564909e-12,0,0.00351636182065931,0.00485679099236455,8.13003711498514e-14,0,5.09015798887994e-05,0.00112994105038905,7.4210159756e-05,0.000363595951308234,9.43718389508576e-06,3.01112022452626e-148,0.0103292619744464,0
2025,10,31,0.00837855108039853,4.51537551946971e-40,0.000162084230333635,2.93341485953809e-126,0,0,1.28453277069213e-06,1.51269270641344e-09,0.0318279414744448,1.63867143370988e-10,0,0.00289920570969865,0.000378491524624876,1.02869026711826e-14,0.00291099782886757,1.19740847802338e-145,0,0,1.6425696245922e-06,0,0,0,1.35497902497539e-12,0,0.00358982398976692,0.0046672402288866,6.48536020392409e-14,0,4.58856218063309e-05,0.00120780843938586,7.64800995002744e-05,0.000348043100576143,7.63965206738447e-06,1.1652317542324e-149,0.010350112524322,0
2025,11,5,0.00853069239370769,2.13116459903371e-40,0.000128799965482079,2.65933770234784e-127,0,0,1.08728578906944e-06,1.29709173753286e-09,0.0322931430711817,1.21474484252488e-10,0,0.00298490172958215,0.000355934277673548,7.38241533092368e-15,0.00299112563039528,1.24783928183692e-147,0,0,1.40695021793838e-06,0,0,0,9.79660616256612e-13,0,0.00366377285026743,0.00447531874618141,5.16673410797768e-14,0,4.11630247381763e-05,0.0012879428400296,7.87836334305757e-05,0.000332812559174827,6.17961928078408e-06,4.43800653494256e-151,0.0103609859175297,0
2025,11,10,0.00868911949042203,1.00241161345049e-40,0.000101789983227743,2.38626619436035e-128,0,0,9.1784528713419e-07,1.11076913736358e-09,0.0327389048282232,8.97414488356869e-11,0,0.00307114511834633,0.000334392039983159,5.28499146084845e-15,0.0030713078432938,1.25930911217584e-149,0,0,1.18196871336721e-06,0,0,0,7.06201668445806e-13,0,0.00373807378692039,0.00428199433057081,4.11091557995994e-14,0,3.67452521356438e-05,0.00137011775016287,8.11214648194775e-05,0.000317921869107722,4.94941040381732e-06,1.66362322330116e-152,0.0103621348846742,0
2025,11,15,0.00885368645970019,4.69873738572971e-41,7.98649128692245e-05,2.11938419848179e-129,0,0,7.72718531798011e-07,9.49970366178585e-10,0.0331632541659952,6.60717670031523e-11,0,0.00315778053179379,0.000313925919311924,3.77417537255741e-15,0.00315142164274616,1.23073175757784e-151,0,0,1.00617377336289e-06,0,0,0,5.07565205507377e-13,0,0.0038126253279366,0.00408819618325386,3.26664123914559e-14,0,3.26391395481251e-05,0.00145408641501503,8.34919710528974e-05,0.000303386568128706,3.8708342747044e-06,6.13780973749197e-154,0.010353914485843,0
2025,11,20,0.00902424714994064,2.19493798144091e-41,6.17599268473387e-05,1.86314180673089e-130,0,0,6.2834697780425e-07,8.11389650371991e-10,0.0335638019348518,4.84789939242654e-11,0,0.00324463965703104,0.000294425494527208,2.68863491527143e-15,0.00323135813126064,1.16480127420782e-153,0,0,8.64877509448312e-07,0,0,0,3.63718138474459e-13,0,0.0038873233180794,0.00389479474859683,2.59241638985297e-14,0,2.88470843066741e-05,0.00153956821388808,8.58935076311614e-05,0.000289224537233557,3.04624240930196e-06,2.22875987378392e-155,0.0103365252886933,0
2025,11,25,0.00920097064628926,1.02180810299901e-41,4.74962314208417e-05,1.6211662578184e-131,0,0,5.26770458542088e-07,6.92121009150956e-10,0.0339384640685616,3.54491729415756e-11,0,0.00333154154189047,0.000275903310770895,1.91061667270708e-15,0.00331099882750768,1.06757313256687e-155,0,0,7.01233987026286e-07,0,0,0,2.59865179275002e-13,0,0.00396201459882814,0.00370265316398015,2.05470043352328e-14,0,2.53673406950732e-05,0.00162627113314398,8.83240385063756e-05,0.000275450422345102,2.32901538525129e-06,7.965344234685e-157,0.0103101652761013,0
2025,11,30,0.00938360234338182,4.74048142446887e-42,3.62679615429114e-05,1.39622251543273e-132,0,0,4.40400867197466e-07,5.89613982049371e-10,0.0342852890390711,2.5832916960328e-11,0,0.00341830695443459,0.000258328741045961,1.35440099313536e-15,0.00339023362312803,9.47547090316836e-158,0,0,5.8993874581864e-07,0,0,0,1.85114838986616e-13,0,0.00403660693265888,0.00351253185057422,1.62641998677191e-14,0,2.21944003272427e-05,0.00171388754869381,9.07828601038655e-05,0.000262073421839609,1.79280446209901e-06,2.80180063287666e-158,0.0102750295295874,0
2025,12,5,0.00957203567606583,2.19170240503522e-42,2.73090952462651e-05,1.19021978349808e-133,0,0,3.67180099252026e-07,5.01633692376597e-10,0.034602235259125,1.87609843253537e-11,0,0.00350474835516448,0.000241660851613989,9.57751708009448e-16,0.00346892636222538,8.14444205464034e-160,0,0,4.94240888408807e-07,0,0,0,1.31475366662515e-13,0,0.00411097699674069,0.00332514907925802,1.28575235571369e-14,0,1.93022007402852e-05,0.00180208090766631,9.32684880881687e-05,0.000249102770204667,1.29817170409345e-06,9.69976739006276e-160,0.0102311306350685,0
2025,12,10,0.00976611526012528,1.00982648675064e-42,2.05266382655724e-05,1.00425765017617e-134,0,0,3.05290759887036e-07,4.26224898507759e-10,0.0348881711515984,1.35785259074047e-11,0,0.00359058819697516,0.000225899250045798,6.75601457839259e-16,0.00354693791674638,6.77921241065767e-162,0,0,4.22923568042121e-07,0,0,0,9.31016892785267e-14,0,0.00418502549382916,0.00314116097285882,1.0151317020028e-14,0,1.67180750558696e-05,0.00189049594671444,9.57800347993239e-05,0.000236545762719687,9.57823855821856e-07,3.30504076747327e-161,0.0101785418757221,0
2025,12,15,0.00996575031716365,4.63679589644424e-43,1.52794968358438e-05,8.38703777985342e-136,0,0,2.3108920685481e-07,3.61679702607103e-10,0.0351412539856514,9.79409837384091e-12,0,0.003675648959643,0.000210970746190982,4.75401110857796e-16,0.00362414283282505,5.4645513857234e-164,0,0,3.16990133292819e-07,0,0,0,6.57325900263476e-14,0,0.00425860502842961,0.0029611596671114,8.00438351443953e-15,0,1.44051508750946e-05,0.00197877859896646,9.83140214670358e-05,0.000224406123578098,6.93231956221347e-07,1.10836737268156e-162,0.0101172187178097,0
2025,12,20,0.0101708754668347,2.12175512375321e-43,1.1163573703034e-05,6.93294135179979e-137,0,0,1.91518172070862e-07,3.06508604627587e-10,0.0353601769782858,7.04029942910564e-12,0,0.00375970473378858,0.000196864999730511,3.33704280618823e-16,0.00370040683631544,4.26566902353933e-166,0,0,2.61342932259837e-07,0,0,0,4.62715387471226e-14,0,0.0043315813903232,0.00278565930503548,6.3033848404901e-15,0,1.23479035289454e-05,0.00206655850389854,0.000100870568379433,0.000212687430848873,4.40349972491017e-07,3.65832306824465e-164,0.0100471568030696,0
2025,12,25,0.0103811629798977,9.67561564391401e-44,8.11598193784484e-06,5.67246650039034e-138,0,0,1.58277989616164e-07,2.59414607967353e-10,0.0355439008891202,5.0435070345865e-12,0,0.00384247229452528,0.000183549821906415,2.33665897872053e-16,0.00377559165575469,3.22460976419542e-168,0,0,2.2334479417905e-07,0,0,0,3.24755976868665e-14,0,0.00440384298672104,0.00261515099428374,4.95747112124501e-15,0,1.05084591780572e-05,0.00215345771202974,0.000103446751035459,0.00020139602048581,3.1800878521692e-07,1.18842502709342e-165,0.00996821031108537,0
2025,12,30,0.0105966392362931,4.39711713057255e-44,5.81751146075245e-06,4.59379752443083e-139,0,0,1.30440040224844e-07,2.19270101742561e-10,0.0356915634939778,3.60071678642485e-12,0,0.00392373081495878,0.000170936964052745,1.63215298022889e-16,0.00384955668910345,2.36061163172953e-170,0,0,1.90480064376796e-07,0,0,0,2.27253393233092e-14,0,0.00447526460258377,0.00245001604696974,3.89391976964691e-15,0,8.91642272117225e-06,0.00223909341706865,0.000106041039411747,0.000190531422058136,2.14148575146065e-07,3.79973171048264e-167,0.00988023745896244,0
