Year,Month,Day,sBD1_005,sBD1_007,sBD1_009,sBD1_014,sBD1_021,sBD1_024,sBD1_037,sBD1_042,sBD1_043,sBD1_044,sBD1_055,sBD1_061,sBD1_062,sBD1_065,sBD1_071,sBD1_078,sBD1_082,sBD1_094,BD2_002,BD2_007,BD2_009,BD2_012,BD2_024,BD2_026,BD2_027,BD2_028,BD2_031,BD2_032,BD2_033,BD2_037,BD2_042,BD2_043,BD2_045,BD2_046,BD2_048,BD2_050
2020,1,1,2.08956469408119e-05,0,0,8.45405458159146e-05,0.000406397570767103,0.000575870445100861,0.00016017384312186,0,0.000178889419757247,0.00716338181544428,0,0,0.000152341413999724,0,0.00281061915168177,2.75913336625966e-07,0,0.00707519327024909,0,0.00528689609804679,0.00678202501824451,0,0.00250224050654347,0.00431187106982789,0.00382151931942499,0,0.000422732313355942,0,0.00530689490315478,0,0.00161934339270753,0.00235873391531217,0.00184483331537799,0.000827910669213065,0.00217665313563981,0.000129513925178485
2020,1,6,2.52138741356097e-05,0,0,9.86310986688004e-05,0.000464787517485771,0.000660392966200271,0.00018267687631646,0,0.000207376433710478,0.00724019918402698,0,0,0.000166415002169147,0,0.00287791463025093,3.87010040777979e-07,0,0.00716808775398461,0,0.00539746098340703,0.00698299143475448,0,0.00261557785830284,0.00448618012226736,0.00385328971820503,0,0.000424542066739254,0,0.00547695813165344,0,0.00163143072761275,0.00246176309494213,0.0018890930744536,0.000840836866702255,0.00227281206911611,0.000134192135857463
2020,1,11,3.00923758186001e-05,0,0,0.000113738819441488,0.00052581610266078,0.000749038160619533,0.000205620867588664,0,0.00023779478374367,0.00731587394330517,0,0,0.00018156585153234,0,0.00294607536090454,5.38468176848094e-07,0,0.00725985708516475,0,0.00550603270572652,0.0071844786699479,0,0.00273118225687723,0.00466722311518419,0.00388450154584294,0,0.000426308272713802,0,0.00564179675773046,0,0.00164320341992791,0.0025668724701097,0.00193380031461451,0.000853458082883148,0.00237127834616783,0.000139007127075446
2020,1,16,3.55778501233738e-05,0,0,0.000129877569428306,0.00058947424476656,0.000841807369731591,0.000228847724391933,0,0.000270207648709343,0.00739036643082327,0,0,0.000198039603002916,0,0.00301509364511514,7.73609663467123e-07,0,0.00735042438024092,0,0.00561271947235068,0.00738622014349734,0,0.0028485139430404,0.00485532330757282,0.00391512559184813,0,0.000428030812865601,0,0.00580066515785492,0,0.00165464306891066,0.00267399983257133,0.00197896902824596,0.000865760149663858,0.00247204315726396,0.000143961855713844
2020,1,21,4.17305434966237e-05,0,0,0.000147053775719846,0.000655745957713435,0.000938675757610939,0.000252204238493933,0,0.00030465854327677,0.00746363804411549,0,0,0.000216089430385915,0,0.00308496107116298,1.09521839192964e-06,0,0.00743971273998373,0,0.00571763979940117,0.00758789032202209,0,0.00296723320281655,0.0050505519321712,0.00394513259836125,0,0.000429709599081974,0,0.00595317374659701,0,0.00166575168388079,0.00278300720065901,0.00202455744374846,0.000877729725319398,0.00257499284684339,0.000149059252803092
2020,1,26,4.86215769336413e-05,0,0,0.000165265867507545,0.00072460825674311,0.00103962389034509,0.000275534527274541,0,0.00034120028185422,0.00753565127981478,0,0,0.000235806191453583,0,0.00315566847412047,1.52191481868838e-06,0,0.00752764534902304,0,0.00582093567635078,0.00778920699289128,0,0.00308692904807029,0.00525340997216265,0.00397454043864277,0,0.000431344573650307,0,0.00609873951701825,0,0.00167652299795319,0.00289381519565565,0.00207058398350157,0.000889354979195261,0.00268005425377531,0.000154302210113902
2020,1,31,5.63123776695901e-05,0,0,0.000184513436740173,0.000796031075342163,0.00114462291090622,0.000298691884927967,0,0.000379891953520107,0.00760636977032082,0,0,0.000257771154619134,0,0.003227205893995,2.1184712466861e-06,0,0.0076141455771999,0,0.00592284678767117,0.0079898665201041,0,0.00320721223876075,0.00546397101566297,0.00400329852711282,0,0.000432935709326681,0,0.00623695263820351,0,0.00168695741435565,0.00300631703882559,0.0021170283151509,0.000900623179340569,0.00278716212815697,0.000159693565615854
2020,2,5,6.48816859545542e-05,0,0,0.000204785978735046,0.000869977240316053,0.00125362968909147,0.000321539663977177,0,0.000420764848630287,0.00767575831795629,0,0,0.00028208757117153,0,0.00329956253213307,2.85128132515021e-06,0,0.00769913708257495,0,0.0060236469487274,0.00818956062379936,0,0.00332782971013286,0.00568253825835033,0.00403140122303038,0,0.000434483009374162,0,0.00636748459964051,0,0.00169704309660802,0.00312039928278635,0.0021638745595483,0.000911524296287762,0.00289622632819569,0.000165236087803582
2020,2,10,7.44085580816067e-05,0,0,0.000226071068489633,0.000946402446172818,0.00136659242734268,0.000343950256196466,0,0.000463856352946043,0.00774378292654923,0,0,0.000309311784516987,0,0.00337272670600571,3.84193945793757e-06,0,0.00778254391592983,0,0.00612358546411999,0.00838797728557742,0,0.00344827860647839,0.00591026877819999,0.0040588388968958,0,0.000435986507570559,0,0.0064899699736571,0,0.00170678457475631,0.00323594184749941,0.00221111564850471,0.00092204873863741,0.0030071547738116,0.000170932458899615
2020,2,15,8.49800849427091e-05,0,0,0.000248348849235489,0.0010252552717864,0.00148345886728029,0.00036581361864549,0,0.000509210473188001,0.00781041083038704,0,0,0.000339830518164455,0,0.00344668580251169,5.12989356363253e-06,0,0.00786429062659026,0,0.00622295957975588,0.00858480168531822,0,0.00356816464083735,0.00614736785977869,0.00408559733562968,0,0.000437446268185492,0,0.00660427304872242,0,0.0017161675669266,0.00335282270913558,0.00225874685808564,0.000932187942452631,0.00311984443499888,0.000176785256952262
2020,2,20,9.66892287790347e-05,0,0,0.000271597758005912,0.00110647722309681,0.00160416723590602,0.000387035702114396,0,0.000556844853881788,0.00787561052049641,0,0,0.000374098431345219,0,0.00352142622995248,6.86455503388715e-06,0,0.00794430236939198,0,0.00632224046919207,0.00877971716506297,0,0.0036875217259618,0.00639421270115628,0.00411166906436859,0,0.00043886238592666,0,0.00671008653181119,0,0.00172517412165918,0.00347090025732402,0.00230674182947217,0.000941934398047197,0.00323418275933381,0.000182796936856689
2020,2,25,0.000109635709826836,0,0,0.000295783560318031,0.00119000280445509,0.00172864986658381,0.000407545191980846,0,0.000606796481483553,0.00793935176821161,0,0,0.000412671215254958,0,0.00359693336884938,9.00626712292384e-06,0,0.00802250501260297,0,0.00642172706717654,0.00897240621527375,0,0.00380629922593412,0.00665206095650445,0.00413702849077249,0,0.000440234985855218,0,0.00680732640711483,0,0.00173381808248624,0.00359003869843133,0.00235509106994234,0.000951281671736698,0.00335004170190282,0.000188969810337619
2020,3,1,0.000123926280103274,0,0,0.000320878179987998,0.00127575961842498,0.00185683388316043,0.000427280619877126,0,0.000659083127003495,0.00800160564600261,0,0,0.000456318449505624,0,0.00367319152178983,1.17059284942874e-05,0,0.0080988252466087,0,0.00652203772173354,0.00916255147856201,0,0.00392427200445363,0.00692209054896975,0.00416167550310722,0,0.000441564223270231,0,0.00689607276921983,0,0.00174208904510394,0.00371009192736581,0.00240375181784899,0.000960224422361258,0.00346732755309674,0.000195306024942642
2020,3,6,0.000139674960850596,0,0,0.000346838184606852,0.00136366849368532,0.00198864192067423,0.000446209255488827,0,0.000713722639812828,0.00806234454554305,0,0,0.000505365113012041,0,0.0037501838625061,1.51367119430054e-05,0,0.00817319069316019,0,0.00662349000939412,0.00934983676578709,0,0.00404178212376381,0.00720504695450588,0.00418559068304482,0,0.000442850283562188,0,0.00697636303022862,0,0.0017499765062615,0.00383090748613553,0.00245270009227629,0.000968760072783437,0.00358594788519014,0.000201807542106025
2020,3,11,0.000157005547826377,0,0,0.000373622299810989,0.00145364364051213,0.00212399287634423,0.000464314285352197,0,0.000770718162801562,0.00812154219300667,0,0,0.000560687207519224,0,0.00382789549742571,1.94651324921664e-05,0,0.00824553001497819,0,0.00672649579171322,0.00953394807927148,0,0.00415825520101225,0.00750155916100666,0.00420875607238581,0,0.00044409338203561,0,0.00704830125504311,0,0.00175748286669567,0.00395232664581769,0.00250192356303725,0.000976883643210371,0.00370565323915971,0.000208476407749956
2020,3,16,0.000176043095645202,0,0,0.000401186016759945,0.00154559283315656,0.00226280268266767,0.000481604014620873,0,0.000830065590576483,0.00817917366159015,0,0,0.000622964709017092,0,0.00390630128952598,2.50054948055429e-05,0,0.00831577302550091,0,0.00683164321694835,0.0097145746377626,0,0.00427391534323171,0.0078128098154914,0.00423117977434907,0,0.000445293763700811,0,0.00711201047995244,0,0.00176460768957607,0.00407418450113372,0.00255137729414943,0.000984592250292657,0.00382636258150015,0.000215313596422374
2020,3,21,0.000196926190225126,0,0,0.000429479450777342,0.00163941761827672,0.00240498509398213,0.000498107333344875,0,0.000891761316066843,0.00823521538126842,0,0,0.00069311885172726,0,0.00398538353388484,3.17132283038968e-05,0,0.0083838507985571,0,0.00693939816156212,0.00989140989769277,0,0.00438884408048115,0.00813963584338249,0.00425282439531302,0,0.000446451703034936,0,0.00716786132717385,0,0.00177134785070371,0.00419631007981258,0.00260103404240114,0.00099188608498996,0.00394794549626204,0.000222320628990917
2020,3,26,0.000219807363761801,0,0,0.000458444459283558,0.00173501354842905,0.00255045247746352,0.000513854310018297,0,0.000955800282207953,0.00828964514579773,0,0,0.00077182819451824,0,0.00406512037520479,4.00492028904e-05,0,0.00844969577774126,0,0.0070502810105536,0.0100641525652521,0,0.00450328137963261,0.00848287235177567,0.00427369798000268,0,0.000447567503712388,0,0.00721628257704912,0,0.0017776976255778,0.00431853012987021,0.00265087756222382,0.000998766345572291,0.00407024954691667,0.000229498487870933
2020,3,31,0.000244837030803963,0,0,0.000488028477021783,0.00183227043947891,0.00269911659924023,0.000528919720185126,0,0.00102216212733503,0.00834244211699022,0,0,0.000859709733427574,0,0.00414548857163391,5.00217543377541e-05,0,0.00851324188526294,0,0.00716470674751663,0.0102325075937929,0,0.00461790074806477,0.00884363084477453,0.00429377921195158,0,0.000448641498304847,0,0.00725743729116989,0,0.0017836476697127,0.00444065534145865,0.00270083465742837,0.00100523239663029,0.00419307314821447,0.000236847848691661
2020,4,5,0.00027215881008472,0,0,0.000518171441953911,0.00193107265065209,0.00285088939611234,0.000543358440828572,0,0.00109082617276294,0.00839358682629213,0,0,0.000957738135722143,0,0.00422646344435302,6.21380416718907e-05,0,0.00857442463003827,0,0.00728319231433483,0.0103961871611297,0,0.00473295743379827,0.00922192901396149,0.0043130640365262,0,0.000449674047951077,0,0.00729175530748328,0,0.0017891989735507,0.00456250045730439,0.00275087080645614,0.00101128744420492,0.00431631737876687,0.000244369054672152
2020,4,10,0.000301953566255302,0,0,0.000548815111102181,0.00203129938582014,0.00300568372327954,0.000557253939215993,0,0.0011617401595872,0.00844306117370641,0,0,0.00106655688473579,0,0.00430801882821567,7.68939261217761e-05,0,0.00863318121478823,0,0.00740619060905541,0.010554911621389,0,0.00484858113663325,0.00961849935383213,0.00433155044584973,0,0.000450665541996789,0,0.0073198804433292,0,0.00179436494091645,0.00468387173768992,0.0028009438302667,0.00101693482575709,0.00443980345647051,0.000252062090798012
2020,4,15,0.000334391514743531,0,0,0.000579902510992466,0.0021328250144933,0.00316341406850361,0.000570699515821347,0,0.00123489209078797,0.00849084842410841,0,0,0.00118731444410586,0,0.00439012702374678,9.43458981945691e-05,0,0.00868945064190518,0,0.00753422804309193,0.01070841042619,0,0.0049654600801881,0.0100332831707717,0.0043492228981763,0,0.000451616397604834,0,0.00734226562410287,0,0.0017991351620114,0.00480457023891595,0.00285100405336737,0.00102217886969593,0.00456334651153347,0.00025992655794545
2020,4,20,0.000369649534244418,0,0,0.000611364978759233,0.00223551941088676,0.00332399722326616,0.000583799481589445,0,0.00131022042634415,0.00853693320101135,0,0,0.0013201884756423,0,0.00447275875081322,0.000115110970447795,0,0.00874317381784708,0,0.00766754866569717,0.0108564230101134,0,0.00508415689393547,0.010466336115516,0.00436606778542184,0,0.000452527059336055,0,0.00735929286469376,0,0.00180349895464289,0.00492439206822184,0.00290099857336632,0.00102702633622462,0.00468673946527314,0.000267961647108305
2020,4,25,0.000407911363676386,0,0,0.00064314777531367,0.00233924830932982,0.00348735290172868,0.000596638722213382,0,0.00138767146476418,0.00858130147784612,0,0,0.0014661292851226,0,0.00455588310428617,0.000139542803000266,0,0.00879429365581706,0,0.007806546432195,0.0109986996356211,0,0.00520566615617182,0.0109168655460344,0.0043820888061355,0,0.000453397998701157,0,0.00737172563566034,0,0.00180747085753388,0.00504312867310323,0.00295087128967717,0.00103148064998356,0.00480982612596738,0.000276166113892184
2020,4,30,0.000449367726014406,0,0,0.000675195705430259,0.00244387367420367,0.00365340429866125,0.000609337454142143,0,0.00146721785786592,0.00862394056682698,0,0,0.00162571471668976,0,0.00463946751202015,0.000168099353092593,0,0.00884275517648506,0,0.00795146942018638,0.0111350021928471,0,0.0053312522277945,0.0113847155837327,0.00439726940238775,0,0.000454229713683999,0,0.00738006803818527,0,0.00181102521412053,0.0051605671678152,0.00300056846749776,0.00103555157060264,0.00493249296038391,0.000284538365333992
2020,5,5,0.000494210660744427,0,0,0.000707451679473324,0.00254925408252311,0.00382207857797594,0.000621974851137831,0,0.00154874538431486,0.00866483910548232,0,0,0.0017994190255647,0,0.00472347769547664,0.000201265910549527,0,0.00888850560650802,0,0.0081027191580969,0.0112651049499595,0,0.00546192452033358,0.0118688249560394,0.00441160815744992,0,0.000455022728236718,0,0.00738497320874543,0,0.00181418615934509,0.00527649069966231,0.00305001765746896,0.00103924432836737,0.00505446784729569,0.000293076004515517
2020,5,10,0.000542639650220437,0,0,0.00073985690901981,0.00265524511722057,0.00399330728407839,0.000634649766586602,0,0.00163219085414196,0.00870398704093591,0,0,0.00198774741454613,0,0.00480787763332208,0.000239599109356542,0,0.00893149447460568,0,0.00826020793976658,0.0113887952501219,0,0.00559904584059677,0.0123676811638259,0.00442509949225228,0,0.000455777591747168,0,0.00738704046688523,0,0.00181693805634601,0.00539067959610152,0.00309915828835454,0.00104256917877696,0.00517563304745919,0.00030177643073204
2020,5,15,0.000594844056191141,0,0,0.000772363146152962,0.00276169976914837,0.00416702666893169,0.000647435547713381,0,0.00171749809301946,0.00874137561203088,0,0,0.00219121339804217,0,0.00489262952832996,0.000283724853369488,0,0.00897167370495,0,0.00842409300265822,0.0115058741514315,0,0.00574455052839075,0.0128797415224473,0.00443773841966147,0,0.000456494878479171,0,0.00738675906837202,0,0.00181928354397913,0.00550290902053907,0.00314792218746249,0.0010455346436344,0.00529581041700815,0.000310636414768049
2020,5,20,0.000651014763833494,0,0,0.000804924465486411,0.0028684688457869,0.00434317792850516,0.00066042494080549,0,0.0018045578479724,0.0087769973293943,0,0,0.00240984664641472,0,0.00497769713254142,0.000334105243797531,0,0.00900899770762852,0,0.00859443421502908,0.0116161570065947,0,0.00590043368641165,0.0134038337319999,0.0044495273585939,0,0.000457175186986096,0,0.0073849313470069,0,0.00182122340527406,0.00561295346093099,0.00319623844254743,0.00104815099277139,0.00541477653693411,0.000319652174755591
2020,5,25,0.000711351358421672,0,0,0.000837494328722337,0.00297540138463299,0.004521707343149,0.000673673846649875,0,0.00189328080141778,0.00881084595354597,0,0,0.00264387193045938,0,0.00506303265490856,0.000391484012314952,0,0.00904342346594448,0,0.00877121826338743,0.011719473979512,0,0.0060687627883831,0.0139372905628739,0.0044604552793889,0,0.000457819139498356,0,0.00738196462680608,0,0.00182276729946256,0.00572058473647195,0.00324403883425232,0.00105042868581341,0.00553238155125697,0.000328819356076042
2020,5,30,0.000776031361892627,0,0,0.000870041939896054,0.00308234506924393,0.00470256631738693,0.000687250648939928,0,0.00198356445195664,0.00884291647116037,0,0,0.00289325745743859,0,0.00514859584748843,0.000456364484430258,0,0.00907491062032009,0,0.00895422169214996,0.0118156704963688,0,0.00625202453978625,0.0144780840224774,0.00447051399342673,0,0.000458427381285396,0,0.00737851139490528,0,0.00182390424448951,0.00582557319838926,0.00329123777507925,0.00105237866122921,0.0056484838875973,0.000338133012831169
2020,6,4,0.000845242284958374,0,0,0.000902521827360168,0.00318914664592849,0.00488571131564267,0.000701191791545563,0,0.00207533066213708,0.0088732050695949,0,0,0.00315804927156129,0,0.00523434155914008,0.000529317466209616,0,0.00910342154857384,0,0.00914326982129678,0.0119046076292823,0,0.00645306815308532,0.015023902646136,0.00447970644088127,0,0.000459000579992817,0,0.00737512789924384,0,0.00182464445298563,0.00592768837108459,0.0033377616878023,0.00105401226212306,0.00576287874774679,0.000347587591076402
2020,6,9,0.000919148822698837,0,0,0.000934910310133291,0.00329565233910654,0.00507110369150177,0.000715545721084439,0,0.00216845847622375,0.00890170910980229,0,0,0.00343779020503637,0,0.00532022275847255,0.000610931750984742,0,0.0091289214423475,0,0.0093379394319326,0.0119861624110142,0,0.00667447804909237,0.0155717724768685,0.00448803653936976,0,0.000459539424955288,0,0.00737227046799383,0,0.00182499002020789,0.00602669964071084,0.00338353047986175,0.00105534116007219,0.00587539473209952,0.000357176914006688
2020,6,14,0.000997913455505967,0,0,0.000967188755288968,0.00340170826340332,0.00525870940924799,0.000730336611223413,0,0.00226282378242653,0.00892842709774855,0,0,0.00373234535135245,0,0.00540619052728214,0.00070185873191705,0,0.00915137837946488,0,0.00953787719309235,0.012060228079732,0,0.0069191196586811,0.016119388375179,0.00449549164613762,0,0.000460044626485939,0,0.00737038410810501,0,0.00182493984132204,0.00612237699010601,0.00342846230258672,0.00105637727748509,0.00598584416710052,0.000366894169281094
2020,6,19,0.00108168203999149,0,0,0.000999331527144829,0.00350716083060213,0.00544849865758869,0.00074557998233419,0,0.00235833383212484,0.00895335865446087,0,0,0.00404106861895661,0,0.00549219405944757,0.000802717943602307,0,0.00917076339201057,0,0.00974251998529463,0.0121267142532819,0,0.00719022023372121,0.016664082115388,0.0045020765296762,0,0.000460516915142949,0,0.00737000961551281,0,0.00182449924765702,0.00621449177834336,0.00347247380649002,0.00105713270897061,0.0060940656179968,0.000376731898666568
2020,6,24,0.0011705907678115,0,0,0.00103133172511672,0.00361185714965041,0.00564044535668641,0.000761292155645001,0,0.00245485925649878,0.00897650448483302,0,0,0.004363446330143,0,0.0055781806655462,0.000914046736832389,0,0.0091870505299248,0,0.00995125254908901,0.0121855470329134,0,0.00749021887540305,0.0172030689036737,0.00450779760092631,0,0.000460957040974076,0,0.00737160077697546,0,0.00182366779409881,0.00630281756247584,0.00351548041438592,0.00105761964221983,0.00619992823332644,0.000386681990173838
2020,6,29,0.00126475266256581,0,0,0.00106317537743522,0.00371564541799728,0.00583452656082854,0.000777486894543151,0,0.00255228667571487,0.00899786634531773,0,0,0.00469881709357219,0,0.0056640957834375,0.00103638076897056,0,0.00920021691991865,0,0.0101634384546545,0.0122366690368754,0,0.00782199040750914,0.0177336348093068,0.00451264286646842,0,0.000461365772739913,0,0.00737551047931175,0,0.0018224420455002,0.00638713095836094,0.0035573966112827,0.00105785027891024,0.00630325904115719,0.000396735672849415
2020,7,4,0.00136425123754331,0,0,0.0010948681178949,0.00381837530263534,0.00603072176028179,0.000794160924559617,0,0.00265047908290269,0.00901744701063711,0,0,0.00504632136742474,0,0.00574988299504162,0.00117021722024456,0,0.00921024281952292,0,0.0103782550408435,0.0122800393647708,0,0.00818768224715127,0.0182536371159553,0.00451662652525573,0,0.000461743897116652,0,0.00738207359541132,0,0.00182083085211731,0.00646721253676126,0.00359813624986187,0.00105783675614642,0.00640389540171225,0.000406883514376959
2020,7,9,0.00146914415025806,0,0,0.00112641117706045,0.00391989830932465,0.00622901208707841,0.000811311577912447,0,0.00274931925756675,0.00903525023964363,0,0,0.00540500295849583,0,0.00583548404952065,0.00131611138288893,0,0.00921711166609376,0,0.010594941652651,0.012315633494017,0,0.00858920168350472,0.0187599350225588,0.00451975075941761,0,0.000462092217879202,0,0.00739168889611504,0,0.00181883502311677,0.00654284775023627,0.00363761287022532,0.00105759131446824,0.00650173898017376,0.000417115421629062
2020,7,14,0.00157947225574712,0,0,0.00115781752571381,0.00402006813859178,0.00642937943065392,0.000828935995316248,0,0.00284866713358314,0.00905128074046462,0,0,0.00577384392309786,0,0.00592083889304828,0.00147465210126933,0,0.00922081012060867,0,0.0108124038084683,0.0123434431101995,0,0.00902781136626103,0.0192503270807643,0.00452200433767595,0,0.000462411555065488,0,0.0074044869354802,0,0.00181646675958548,0.00661382788568307,0.00367574003245862,0.00105712527612055,0.00659660514975512,0.000427420644296673
2020,7,19,0.00169524294693872,0,0,0.00118909941075548,0.00411874102721965,0.0066318054703872,0.000847049342377984,0,0.00294840418019645,0.00906554413506313,0,0,0.00615194799727387,0,0.0060058857053301,0.00164605668564007,0,0.00922132810609779,0,0.011029696563136,0.0123634758735314,0,0.00950416264410184,0.0197227598366025,0.00452339694916893,0,0.000462702744122833,0,0.00742088252534362,0,0.00181371839613779,0.00667995103675885,0.00371243166043293,0.00105645034048935,0.00668838977662116,0.000437787781708114
2020,7,24,0.00181643577496621,0,0,0.00122027529161912,0.00421577607407437,0.00683627063317131,0.000865656952949424,0,0.0030484323259887,0.00907804692334812,0,0,0.00653793141563404,0,0.00609057051894568,0.00183071232447457,0,0.00921865884056715,0,0.0112457816396709,0.0123757551240286,0,0.0100179247603916,0.0201751835007758,0.00452392607316279,0,0.000462966635037293,0,0.00744101946089547,0,0.00181060612370008,0.0067410230898361,0.00374760239514642,0.00105557763011559,0.00677692851432462,0.000448205175806122
2020,7,29,0.00194299290465197,0,0,0.0012513668829371,0.00431103554925135,0.00704275298515328,0.000884769574522745,0,0.00314860307601034,0.00908879644696535,0,0,0.00693081576871321,0,0.00617480990817463,0.00202906465544345,0,0.00921279886428332,0,0.0114596481089736,0.0123803195283839,0,0.0105681815696093,0.0206055910842543,0.0045236088521708,0,0.000463204091446874,0,0.00746524517329264,0,0.00180712508930937,0.00679685871661373,0.0037811679557915,0.0010545178361383,0.00686212962484593,0.000458659446168914
2020,8,3,0.00207482677609016,0,0,0.00128239821838799,0.00440438518566412,0.00725122706771318,0.000904418792295718,0,0.00324880230365691,0.00909780085289928,0,0,0.00732950021073587,0,0.00625854576207595,0.00224094057009115,0,0.00920374806130188,0,0.0116701749798576,0.0123772226718664,0,0.0111526728274889,0.0210121736581575,0.00452244141886706,0,0.000463415989739569,0,0.00749359433362193,0,0.0018032829693586,0.00684728236604179,0.00381304550662703,0.0010532811535428,0.00694388353649114,0.000469137651872393
2020,8,8,0.00221179300869696,0,0,0.00131339990583494,0.00449569445234324,0.00746166268859422,0.000924609268062292,0,0.0033489062853006,0.00910506905701428,0,0,0.00773257381387509,0,0.00634171955579289,0.00246660863343545,0,0.00919150967513598,0,0.0118761413781782,0.0123665325988791,0,0.0117681400926873,0.02139389154112,0.00452042690215171,0,0.000463603218137169,0,0.00752639398343937,0,0.00179908500771516,0.0068921307893565,0.00384315402763642,0.00105187722035831,0.00702210493759493,0.000479625926548893
2020,8,13,0.00235373990002488,0,0,0.0013444003228694,0.00458483680885897,0.00767402367983814,0.000945386642177661,0,0.00344881390295851,0.00911061070766074,0,0,0.00813889563815866,0,0.00642424270490554,0.00270604381811471,0,0.00917609031847564,0,0.0120764097661296,0.0123483313060867,0,0.0124104736850863,0.0217496976439281,0.0045175756786288,0,0.000463766675765816,0,0.00756372963367372,0,0.0017945360135964,0.00693124815831324,0.00387141468686495,0.00105031506122175,0.00709668743711079,0.000490109838176223
2020,8,18,0.00250042665989676,0,0,0.00137543174633373,0.00467168994042804,0.00788826663481305,0.000966827740797643,0,0.00354839633910997,0.00911443614946911,0,0,0.00854724877122568,0,0.00650605994755449,0.00295904411946603,0,0.00915749997688288,0,0.0122698071043364,0.012322714192255,0,0.0130742821520613,0.0220785537135213,0.00451389445468932,0,0.000463907271714305,0,0.00760556792693377,0,0.00178963878169807,0.00696449536619151,0.00389775121225254,0.00104860303569606,0.00716754574111798,0.000500574416373469
2020,8,23,0.00265160997853486,0,0,0.00140652629223325,0.00475614497730861,0.00810433963713745,0.000988977570622804,0,0.00364756824503778,0.00911655638745125,0,0,0.00895650330261015,0,0.006587085392161,0.00322550268570168,0,0.0091357520064035,0,0.0124552432917469,0.0122897894691483,0,0.0137532260751254,0.0223798844058948,0.00450939053041789,0,0.000464025924081116,0,0.00765219212878659,0,0.00178440782626317,0.00699174561089765,0.0039220902607149,0.00104674879170007,0.00723460297796279,0.000511004183138033
2020,8,28,0.00280699517848892,0,0,0.00143771599693491,0.00483807220415954,0.00832218099469756,0.00101191748477346,0,0.00374622669437635,0.00911698305152456,0,0,0.00936538022688377,0,0.00666725164278842,0.00350501771790191,0,0.00911086312505154,0,0.0126316460941641,0.0122496775379798,0,0.0144401159176186,0.0226535694542885,0.00450407179316355,0,0.000464123559011224,0,0.00770371061434211,0,0.00177884659903744,0.00701288653895365,0.00394436178217564,0.00104475922437295,0.00729778959567775,0.000521383186972504
2020,9,2,0.00296623403476454,0,0,0.00146903209257076,0.00491737906067062,0.00854171799221942,0.00103572942148312,0,0.00384428629978353,0.00911572836157054,0,0,0.0097727085646527,0,0.00674648380896572,0.00379710088325228,0,0.00908285339813846,0,0.0127979613795501,0.0122025103360332,0,0.015126623624871,0.0228998351948579,0.00449794671052025,0,0.000464201109723693,0,0.00776013135039497,0,0.00177295504044124,0.00702782106335093,0.00396449937621721,0.00104264044065891,0.00735704030258574,0.000531695875158053
2020,9,7,0.00312894555254422,0,0,0.00150050676970552,0.00499394722088024,0.00876286567598973,0.00106051803655242,0,0.00394164320563197,0.00911280509313426,0,0,0.0101774822375115,0,0.0068247059883469,0.00410104630105123,0,0.00905174621743573,0,0.0129531575258692,0.0121484306581391,0,0.0158042901241569,0.0231189590144738,0.00449103814786914,0,0.000464259515531121,0,0.00782156737660972,0,0.00176673892985675,0.00703646812325807,0.00398244063899973,0.0010403977298589,0.00741231637535238,0.000541923905261457
2020,9,12,0.00329470370592235,0,0,0.00153216591745202,0.0050676853548316,0.00898552568431669,0.00108640410576869,0,0.00403823317344568,0.00910822654386653,0,0,0.0105785180026745,0,0.00690184138034076,0.00441631074731187,0,0.00901756827417537,0,0.0130962734508326,0.0120875914577292,0,0.0164637042034292,0.023311728694086,0.00448334262976304,0,0.000464299720851979,0,0.0078880945603468,0,0.00176020534036768,0.00703876337764455,0.00399812749809492,0.00103803554035418,0.00746357831759787,0.000552052634217039
2020,9,17,0.00346304174112536,0,0,0.00156403214076019,0.00513851303145533,0.00920958513718351,0.00111351740016764,0,0.0041340047368883,0.0091020065008051,0,0,0.0109746685741071,0,0.0069778205563892,0.00474179280677734,0,0.00898034952591031,0,0.0132265018632332,0.0120201551321751,0,0.0170955053204561,0.0234793787836,0.00447485698994405,0,0.000464322674216906,0,0.00795971399778533,0,0.00175336970698346,0.00703465982525337,0.00401150653289911,0.00103555746266364,0.00751081224570841,0.000562061347718556
2020,9,22,0.00363346154336999,0,0,0.00159612698677811,0.0052063434487446,0.00943491559827387,0.00114197789206129,0,0.00422887651235111,0.00909415920858553,0,0,0.0113650716392152,0,0.00705254979560597,0.0050771047544732,0,0.00894012315727255,0,0.0133431861354848,0.0119462927970753,0,0.0176901075855284,0.0236237479109449,0.00446561099285735,0,0.000464329327270044,0,0.00803653751603003,0,0.0017462301621317,0.00702412834382484,0.00402252927832384,0.00103296672081174,0.00755398261870884,0.000571933903574662
2020,9,27,0.00380540686009282,0,0,0.00162846821405475,0.00527106103385332,0.00966137212214102,0.00117192036649925,0,0.00432280598248754,0.00908469933866637,0,0,0.0117486893640665,0,0.00712595776300847,0.00542081583066378,0,0.00889692553468463,0,0.0134455630785718,0.0118661835540579,0,0.0182382270686997,0.0237460542460426,0.00445560364533392,0,0.000464320633766476,0,0.0081185610045424,0,0.00173879684538985,0.00700715814203731,0.00403115250951747,0.00103026423216878,0.00759309354620382,0.000581653235199718
2020,10,2,0.00397832905336153,0,0,0.00166106803923781,0.00533260969726732,0.00988879239875507,0.0012035052983609,0,0.00441574678352453,0.00907364195964699,0,0,0.0121245968994226,0,0.00719796533306043,0.00577231301261997,0,0.00885079615509612,0,0.0135331185105428,0.0117800137565493,0,0.0187310439273535,0.0238482212161384,0.00444485942364531,0,0.000464297548566867,0,0.00820586695894473,0,0.00173108338966201,0.00698375711828296,0.00403733850544494,0.00102745141691923,0.00762809677066738,0.000591199756404532
2020,10,7,0.0041516253568423,0,0,0.00169393348507037,0.00539094530613095,0.0101169965553698,0.00123689147300746,0,0.0045076799529909,0.0090610025087501,0,0,0.0124921109843267,0,0.00726851647672536,0.00613028091837241,0,0.00880177758883396,0,0.013605437988372,0.0116879762777894,0,0.0191603238658028,0.0239327220588721,0.00443338444814955,0,0.000464261026630379,0,0.00829837658105935,0,0.00172308481175657,0.00695395212113027,0.004041055289247,0.0010245283956682,0.00765904232972409,0.000600557012625573
2020,10,12,0.00432461080565567,0,0,0.00172706595028407,0.00544600961501072,0.0103457844443864,0.00127222917380871,0,0.00459857829311907,0.00904679676453407,0,0,0.0128501894211853,0,0.00733753360702285,0.00649388716183039,0,0.00874991541667203,0,0.0136621660271512,0.0115902697851884,0,0.0195189304176432,0.0240017212944373,0.00442119846415798,0,0.000464212022006962,0,0.0083962192581941,0,0.00171481202493021,0.00691778910713232,0.00404227684341416,0.00102149444404734,0.00768593036957908,0.000609707115618058
2020,10,17,0.00449667738448944,0,0,0.00176046403183228,0.00549767499309848,0.0105749381323194,0.00130965034312535,0,0.00468843708007363,0.00903104082089347,0,0,0.0131978767328105,0,0.00740487056551511,0.00686219301941531,0,0.00869525816124153,0,0.0137030954313486,0.0114870980248903,0,0.0198005796680185,0.0240578394396067,0.00440830823890408,0,0.000464151486830114,0,0.00849914374762844,0,0.00170628178725861,0.00687533665174024,0.00404098329794404,0.00101834801461107,0.00770877021644877,0.000618630872302517
2020,10,22,0.00466710956330964,0,0,0.00179411271208089,0.00554594007191858,0.0108042196352056,0.00134931036362331,0,0.00477725860957856,0.00901375106239917,0,0,0.0135344501329474,0,0.00747051344705346,0.00723381005466271,0,0.00863785721292029,0,0.0137282133598756,0.0113786691201628,0,0.0200003978296738,0.024103509902135,0.00439473381473867,0,0.000464080370311183,0,0.00860721777740163,0,0.0016974962457521,0.00682667273636312,0.0040371610898036,0.00101508676490461,0.00772765912749127,0.000627309387694737
2020,10,27,0.00483527106992112,0,0,0.00182799456369865,0.00559079054800151,0.0110333711638316,0.00139134792975847,0,0.00486505600202764,0.00899494414102217,0,0,0.0138589430206012,0,0.00753435100448992,0.00760842980791131,0,0.00857776675035452,0,0.0137374955287272,0.0112651948869558,0,0.0201148127537314,0.0241411102900646,0.00438046368834223,0,0.000463999617736329,0,0.00872035151935837,0,0.00168845737065523,0.00677190341922414,0.00403080309218911,0.00101170759149493,0.0077425541630014,0.000635726675358503
2020,11,1,0.00500041010062913,0,0,0.00186208690213509,0.00563208445447181,0.0112621150645254,0.0014358882662179,0,0.00495186234923783,0.00897463695427835,0,0,0.014170978382322,0,0.00759633991546657,0.00798484134770346,0,0.0085150436557822,0,0.0137311116347595,0.0111468901696805,0,0.0201417750625177,0.0241729532108714,0.00436553131904269,0,0.000463910169467208,0,0.00883840872066254,0,0.00167919172865175,0.006711150533527,0.00402190871226518,0.00100820666971214,0.00775352140492545,0.000643864264057583
2020,11,6,0.0051618432701162,0,0,0.00189635912186147,0.00566986874263251,0.0114901539183004,0.00148304433123443,0,0.00503769588911751,0.00895284662482383,0,0,0.0144695004137645,0,0.00765635606501227,0.0083623044226083,0,0.00844974742534236,0,0.0137092257152955,0.0110239721999458,0,0.0200806935867289,0.0242011059047513,0.00435000238290275,0,0.000463812959946483,0,0.00896125039856773,0,0.00166968364569237,0.00664455418475904,0.0040104839562695,0.00100457949880667,0.00776066300975091,0.000651705642670024
2020,11,11,0.00531886071556795,0,0,0.00193077396630602,0.00570408864944307,0.011717170802418,0.00153291426455813,0,0.0051226088298661,0.00892959048152351,0,0,0.0147540719151009,0,0.00771433524948376,0.00874037014973216,0,0.00838194007456857,0,0.0136723547030142,0.010896659980671,0,0.0199326566973467,0.0242274527931154,0.00433380893186935,0,0.000463708916709214,0,0.00908867096197584,0,0.00165995944189728,0.00657227225377544,0.00399654146108983,0.00100082095219081,0.00776399547226492,0.000659231980993356
2020,11,16,0.00547078886297269,0,0,0.00196529487909088,0.00573475082333464,0.0119428297170766,0.00158558877221248,0,0.00520665687455237,0.0089048860420082,0,0,0.0150237016784396,0,0.00777025837688813,0.00911812754723312,0,0.00831168603927933,0,0.013620777413161,0.0107651736976553,0,0.0197001189119851,0.0242539055536433,0.00431699407976345,0,0.000463598959401238,0,0.00922056771593191,0,0.00165001896126288,0.00649447979348277,0.00398010049165283,0.000996925332377792,0.00776363882196287,0.000666427404858259
2020,11,21,0.00561692038531206,0,0,0.00199986117026693,0.00576174278944935,0.0121667761785361,0.00164109198556717,0,0.00528990523799603,0.00887875099672846,0,0,0.0152782229728911,0,0.00782396214871834,0.00949516998014184,0,0.00823905207209108,0,0.0135550067970801,0.0106297341603526,0,0.0193866868344921,0.0242813147239886,0.00429960233005291,0,0.000463483998805558,0,0.00935656871752977,0,0.00163987661776809,0.00641136832259735,0.00396118690370899,0.000992886430249395,0.00775960369383011,0.000673274132119173
2020,11,26,0.00575661359265308,0,0,0.00203441812232648,0.00578514063556641,0.0123886379785681,0.00169950288706313,0,0.00537242854744549,0.00885120319450615,0,0,0.0155167756210159,0,0.00787542701549547,0.00987081671461617,0,0.00816410713479201,0,0.0134757618439184,0.0104905622732553,0,0.0189974935009339,0.0243107610478526,0.00428161619335511,0,0.000463364935877833,0,0.00949635325710843,0,0.00162953292234566,0.00632314502091789,0.00393983307185151,0.000988697588167346,0.00775200376016107,0.000679758135615736
2020,12,1,0.0058892976681689,0,0,0.00206890567829855,0.00580494552249257,0.0126080261086925,0.0017607879226199,0,0.00545431031258045,0.00882226062957793,0,0,0.0157388046783076,0,0.00792457277639842,0.0102446703909334,0,0.00808692228682711,0,0.0133836496524738,0.0103478785389569,0,0.0185385769672853,0.0243421739392987,0.0042630734563762,0,0.000463242660791995,0,0.00963957976805024,0,0.00161900224171387,0.00623004446253626,0.00391607778286787,0.000984351766497924,0.00774094684314133,0.000685866446543331
2020,12,6,0.00601425745941771,0,0,0.00210325901642073,0.0058210916879158,0.012824535846234,0.00182492964856134,0,0.00553564231388548,0.00879194143011784,0,0,0.0159440688153945,0,0.00797132769215545,0.0106164829564799,0,0.00800757057015547,0,0.0132793658213458,0.0102019025936294,0,0.0180169924272239,0.0243758339769308,0.0042439778150369,0,0.000463118051997035,0,0.00978595201604382,0,0.001608299749786,0.00613227940260321,0.00388996609478765,0.000979841613046885,0.00772654388822216,0.0006915860698038
2020,12,11,0.00613101930516002,0,0,0.00213740075062028,0.00583359621079677,0.0130377479978215,0.00189187834810558,0,0.00561652391176959,0.00876026384821954,0,0,0.0161321958776979,0,0.00801561662234849,0.0109851831439481,0,0.00792612689075164,0,0.013163491220719,0.0100528527753291,0,0.0174403022540257,0.0244110858556911,0.00422435377706611,0,0.000462991975285969,0,0.00993492879113957,0,0.00159742283085345,0.00603012231864275,0.00386154916225797,0.000975159534896963,0.00770879746485006,0.000696896412027702
2020,12,16,0.00623905443538454,0,0,0.00217125917770664,0.00584245065184516,0.0132472302945742,0.00196150932374022,0,0.00569706127946307,0.00872724625131247,0,0,0.0163027355583411,0,0.00805738268026559,0.0113504542829635,0,0.00784266789703172,0,0.0130369675418194,0.00990094572523144,0,0.0168169501528999,0.0244469513481708,0.00420421306801288,0,0.000462865282878008,0,0.0100860760051036,0,0.00158640911329353,0.00592380905570999,0.00383088402914375,0.000970297772121496,0.00768787193134288,0.000701788308002273
2020,12,21,0.00633781015908877,0,0,0.0022047475915255,0.00584772886080297,0.0134525389318754,0.00203367241159255,0,0.0057773665633724,0.00869290711497963,0,0,0.0164555975750972,0,0.0080965859765387,0.0117114884410133,0,0.0077572718554937,0,0.0129005353618269,0.00974639602160252,0,0.0161554268844107,0.0244822721243267,0.0041836161820533,0,0.000462738812514906,0,0.0102388119531487,0,0.00157522702570687,0.00581366811972544,0.00379803338951369,0.000965248472835379,0.00766400179344226,0.000706251764988799
2020,12,26,0.00642690620271835,0,0,0.00223779187359128,0.00584940400237631,0.0136532202453538,0.00210827858980867,0,0.00585755697520912,0.008657265017139,0,0,0.0165907440087088,0,0.00813316828007891,0.0120675710699519,0,0.00767001852386902,0,0.012754914931675,0.00958941584603188,0,0.0154642987013688,0.0245149983003335,0.00416250601857142,0,0.000462613386572475,0,0.0103926015116409,0,0.00156390154116822,0.00569989405889485,0.00376306531842917,0.000960003769036443,0.0076370988493347,0.000710270894648906
2020,12,31,0.00650600215032558,0,0,0.00227029351220991,0.0058475032156748,0.0138488125134685,0.00218507224857598,0,0.00593775382082643,0.00862033863354473,0,0,0.0167082049301742,0,0.00816701428861077,0.0124177278987827,0,0.00758098902208879,0,0.0126008113776041,0.00943021468119591,0,0.0147521169848711,0.0245434284639333,0.00414096982834,0,0.000462489811188223,0,0.01054679777093,0,0.0015524510304261,0.00558284363169247,0.00372605297420183,0.000954555852686518,0.00760737863838209,0.00071383904313344
2021,1,5,0.00657474908277828,0,0,0.00230216418933138,0.00584206944359834,0.0140388478759507,0.00226382300115818,0,0.00601808147129055,0.00858214673455884,0,0,0.0168082634965025,0,0.00819810243247408,0.0127610137093236,0,0.0074902657013738,0,0.0124389926016708,0.0092689990391825,0,0.0140270588052457,0.0245649695998724,0.0041189863900468,0,0.000462370334737498,0,0.0107008828825348,0,0.00154087916810855,0.00546275731468525,0.00368707427402126,0.000948897051482004,0.00757494316024951,0.000716948187187975
2021,1,10,0.00663292203907379,0,0,0.0023333184968285,0.00583313859178259,0.0142228543562988,0.00234428821427251,0,0.00609866628227864,0.00854270818313911,0,0,0.0168910285347531,0,0.0082264034573694,0.013096088901467,0,0.00739793201176199,0,0.0122700140275659,0.00910597221919487,0,0.0132971428783254,0.0245777955789389,0.00409660304109911,0,0.000462252890701275,0,0.0108539980237767,0,0.00152919538951582,0.00534000890872774,0.00364621154507659,0.000943019903768589,0.00753991656244875,0.000719586837532037
2021,1,15,0.00668031347243306,0,0,0.00236366156670552,0.0058207518938907,0.0144003579755584,0.00242610676447472,0,0.00617963546842564,0.00850204193398392,0,0,0.0169568192183909,0,0.00825183503730193,0.0134219309607379,0,0.00730407236839049,0,0.0120946300784024,0.00894133409326493,0,0.0125698288653862,0.0245790633502607,0.00407380431894737,0,0.00046214037050243,0,0.011005683028877,0,0.0015174061189852,0.00521484071677365,0.00360355115350072,0.000936917232063885,0.00750240685546813,0.000721747316587825
2021,1,20,0.00671681329172005,0,0,0.00239310156587002,0.00580495589387336,0.0145708849437622,0.00250896595717873,0,0.0062611159397341,0.0084601670337707,0,0,0.0170065625369743,0,0.00827437291828742,0.0137372050269718,0,0.00720877201685196,0,0.0119133961162903,0.00877528091844431,0,0.0118516156435304,0.0245663875991419,0.00405063008469103,0,0.000462032755858144,0,0.0111550125477129,0,0.00150554016014541,0.00508754796902689,0.00355918311365155,0.000930582214665057,0.00746255710038851,0.000723424959649192
2021,1,25,0.00674238761204738,0,0,0.00242155474214544,0.00578580243200763,0.0147339639146545,0.00259249106245258,0,0.00634323310760904,0.00841710262242014,0,0,0.0170406328426458,0,0.00829393026436307,0.0140406560457536,0,0.00711211689794615,0,0.0117268950875654,0.00860800517380687,0,0.0111487549762521,0.0245371292743869,0.00402709482758945,0,0.000461930076495608,0,0.0113013418607233,0,0.0014935758585296,0.00495846223310503,0.00351320068040939,0.000924008454835886,0.00742050974381177,0.00072461570498478
2021,1,30,0.00675707278111707,0,0,0.00244891779301886,0.00576334863455932,0.0148891443882078,0.0026762887472422,0,0.00642610966847971,0.00837286793531507,0,0,0.0170599688784809,0,0.00831051046315915,0.0143310248183229,0,0.00701419351214826,0,0.0115356619359085,0.00843969542048862,0,0.0104663476419501,0.0244893857110239,0.00400323148587193,0,0.000461834459268807,0,0.0114439593139389,0,0.00148154443263558,0.00482790393589794,0.00346569992731023,0.00091719004708896,0.00737633408860655,0.000725315753819907
2021,2,4,0.0067609314285693,0,0,0.0024750972434137,0.00573765690688315,0.0150359372899557,0.00275994891846616,0,0.00650986437331757,0.00832748230639928,0,0,0.0170654425023059,0,0.00832410228003526,0.0146070935226117,0,0.00691508878411465,0,0.0113400878151132,0.008270536182911,0,0.00980892923228413,0.0244212309956934,0.00397906132712649,0,0.000461746639625357,0,0.0115820240619074,0,0.00146944287692291,0.00469615387728692,0.00341677931345061,0.000910121640103637,0.00733023806737256,0.00072552124297319
2021,2,9,0.00675405408875395,0,0,0.00250002075128169,0.00570879492963699,0.0151739064004683,0.00284303467297662,0,0.0065946107916511,0.00828096517207894,0,0,0.0170581350110664,0,0.00833459641661622,0.0148675949938982,0,0.00681488992754481,0,0.0111405459258114,0.00810070784928015,0,0.00918012921614868,0.0243308987982771,0.00395459106495382,0,0.000461667299863786,0,0.0117147782940944,0,0.00145729024762398,0.00456355808429956,0.00336653924218888,0.000902798495848883,0.00728232310109939,0.000725229010724224
2021,2,14,0.00673675799444399,0,0,0.00252359155975366,0.00567683565766265,0.0153026604040417,0.00292507363752978,0,0.00668045607890952,0.0082333360758466,0,0,0.0170391911257201,0,0.00834206551376754,0.0151115261958987,0,0.00671368431071585,0,0.0109374290368878,0.00793038658942803,0,0.00858279732588607,0.0242164407295357,0.00392984797552079,0,0.0004615948000569,0,0.0118415164967891,0,0.00144509004605183,0.00443036870552617,0.00331508161472905,0.000895216544511661,0.00723272096403432,0.00072444017148557
2021,2,19,0.00670927245558369,0,0,0.00254573227133467,0.00564185732096394,0.0154217118168633,0.00300562811382069,0,0.00676750730508709,0.00818461467354581,0,0,0.0170098649504389,0,0.00834639672021171,0.0153383426588381,0,0.00661155932300155,0,0.0107309579592159,0.00775974428805979,0,0.00801917034623631,0.0240770324980312,0.0039048527034321,0,0.000461531991317463,0,0.011961502340986,0,0.00143286465246948,0.00429688432203808,0.00326250938170606,0.000887372434866172,0.0071815474745593,0.000723157414545635
2021,2,24,0.00667198995486191,0,0,0.00256636090694558,0.0056039434270934,0.0155306893359022,0.00308423201935873,0,0.00685584135209499,0.00813482073919255,0,0,0.0169715457257168,0,0.00834760255356612,0.0155470159068377,0,0.00650860224268355,0,0.0105214921794669,0.00758894928200631,0,0.00749047773111568,0.0239115486264615,0.00387962012448592,0,0.000461478681017238,0,0.0120740166435099,0,0.0014206143020331,0.00416341105815598,0.00320891526625663,0.000879263579756343,0.0071289670133735,0.0007213799081505
2021,3,1,0.00662525056029486,0,0,0.00258541325005347,0.00556318276414361,0.0156291540375318,0.00316041902129206,0,0.00694554536948839,0.00808397417126877,0,0,0.0169256070770264,0,0.00834565557738468,0.0157371981458217,0,0.00640490010635608,0,0.0103091648402434,0.00741816328508175,0,0.00699765710833589,0.0237199692403994,0.00385419810601911,0,0.000461434686986796,0,0.012178421887758,0,0.00140834219635317,0.00403021209788819,0.00315442612798651,0.000870888196403432,0.00707507608139471,0.000719111295920322
2021,3,6,0.00656961321218306,0,0,0.00260282870916941,0.00551966940342806,0.0157167709170078,0.00323371751497013,0,0.00703668894356278,0.00803209499940207,0,0,0.0168732444451279,0,0.0083405669066179,0.0159086952641797,0,0.00630053958021899,0,0.0100941412263597,0.007247545733538,0,0.00654074068506459,0.0235025530642435,0.0038286027186108,0,0.000461401262762072,0,0.0122739765167297,0,0.0013960580758217,0.00389756610706354,0.00309913289018971,0.000862245341291915,0.00702005761068655,0.000716355609164208
2021,3,11,0.00650549618663465,0,0,0.00261853116086503,0.00547350270083035,0.0157931953243988,0.00330368220999751,0,0.00712934106544586,0.00797920339134553,0,0,0.0168157734285903,0,0.00833231767247965,0.0160615334191059,0,0.00619560683354602,0,0.00987671471377513,0.00707725094919567,0,0.00611972582206063,0.0232589851159192,0.00380283335895715,0,0.00046137968906473,0,0.0123602144330807,0,0.00138378324336397,0.00376573481522179,0.00304313830923825,0.000853334939429762,0.00696400825992628,0.000713118738668906
2021,3,16,0.00643350902030399,0,0,0.00263245542676047,0.00542478729570096,0.0158581076924042,0.0033698584273992,0,0.00722353553827048,0.00792531966017141,0,0,0.0167547535590202,0,0.00832091593136528,0.0161959167354797,0,0.00609018741460668,0,0.00965689373788377,0.00690742880154458,0,0.00573345366539797,0.0229898104891507,0.00377689653506299,0,0.000461369707550845,0,0.0124364605007738,0,0.00137152132144098,0.00363498527119232,0.00298654402401872,0.000844157807823212,0.00690705323044058,0.000709407220975472
2021,3,21,0.006354186268519,0,0,0.00264454001651373,0.00537363310608728,0.0159112378464006,0.00343186076659509,0,0.00731928034774709,0.00787046427159297,0,0,0.0166913290371378,0,0.00830634198802473,0.0163122724843579,0,0.00598436612931046,0,0.00943488484002309,0.0067382246956027,0,0.00538094567405233,0.0226962441959224,0.00375082751026414,0,0.000461373336398401,0,0.0125021743020916,0,0.00135927579026801,0.00350556271398424,0.00292945015945429,0.000834715673051008,0.00684931981096764,0.000705228704275216
2021,3,26,0.00626831779704304,0,0,0.00265476833280584,0.00532015531899722,0.0159523315287873,0.00348931307979224,0,0.0074166355859789,0.00781465785132951,0,0,0.0166264329324322,0,0.00828865915276569,0.0164113564156612,0,0.00587822692283185,0,0.00921077773135334,0.00656977956342465,0,0.00506048194649724,0.0223792685937516,0.0037246597690835,0,0.000461390342532819,0,0.0125568865417688,0,0.00134707130781176,0.00337768108350299,0.00287193519195728,0.00082501118286827,0.00679091418590957,0.000700592297382745
2021,3,31,0.00617640140610999,0,0,0.00266307853969397,0.00526447437431872,0.0159811584432964,0.0035418442611981,0,0.00751556768610946,0.00775794293538814,0,0,0.0165612541276097,0,0.00826777507347407,0.0164938550231115,0,0.00577185276446368,0,0.00898474656093175,0.00640222985803909,0,0.00477033659346749,0.0220402939283042,0.00369842181166078,0,0.000461418750522777,0,0.012600226961657,0,0.0013349049184796,0.00325154114225352,0.00281413734712531,0.00081504791181537,0.00673197274727662,0.00069550708906942
2021,4,5,0.00607917139523781,0,0,0.00266943347289628,0.00520671594094887,0.0159974972233595,0.00358912035365582,0,0.0076160763586973,0.00770029881829047,0,0,0.01649658872377,0,0.00824375840726831,0.0165606288423716,0,0.00566532553593414,0,0.00875691753691046,0.00623570754874356,0,0.00450848949002085,0.0216804900687579,0.00367212838225047,0,0.000461464353982492,0,0.012631834525178,0,0.00132278891413794,0.00312734973010655,0.00275610709259186,0.000804830360852019,0.00667259856859648,0.00068998421707229
2021,4,10,0.00597745904091107,0,0,0.00267381944713354,0.00514701088362681,0.0160011561373821,0.00363085023715335,0,0.007718112087987,0.00764176672043023,0,0,0.0164331507012852,0,0.00821662730752699,0.0166126298185591,0,0.00555872592341074,0,0.00852749890499361,0.00607034011683989,0,0.00427275582036308,0.0213018985496089,0.00364578667450358,0,0.000461522207472159,0,0.0126513514354559,0,0.00131072951966693,0.00300535908483759,0.00269797792476419,0.000794363951080761,0.00661295521248159,0.000684035471208919
2021,4,15,0.00587197725987935,0,0,0.00267618915188676,0.0050854952189152,0.0159920559327128,0.00366678094631682,0,0.00782162964736548,0.00758236798928642,0,0,0.0163712410660392,0,0.00818640590986742,0.016650749353523,0,0.00545213331340107,0,0.00829652255146449,0.00590625055105178,0,0.00406112817644668,0.020906384565904,0.00361943057513412,0,0.000461591758583071,0,0.0126587325652944,0,0.0012987449599053,0.00288565804816007,0.0026398044756616,0.000783655011667038,0.0065530779745859,0.000677673580980996
2021,4,20,0.00576337584239396,0,0,0.00267653614996305,0.00502231005873634,0.0159700730002533,0.00369672463148518,0,0.00792655875675643,0.00752212416759683,0,0,0.0163114981807098,0,0.00815319262542912,0.0166760818368792,0,0.00534562569274679,0,0.008064331434057,0.00574355734202474,0,0.00387116112235675,0.0204954255757588,0.00359305263271317,0,0.000461673293752987,0,0.0126535898512813,0,0.0012868321967635,0.00276847070899891,0.00258168090397319,0.000772710762104327,0.00649315526758667,0.00067091217043456
2021,4,25,0.00565249303067807,0,0,0.00267488761772028,0.00495760153984128,0.015935263677638,0.00372054175068173,0,0.00803281846845927,0.00746105699932439,0,0,0.0162538865864026,0,0.00811693098152239,0.0166893779473363,0,0.00523927955289292,0,0.00783115730428063,0.0055823744754666,0,0.00370054361970593,0.0200710835101568,0.00356670755362038,0,0.000461769917756524,0,0.0126359063290717,0,0.0012750124698517,0.00265393507160722,0.00252368754960545,0.000761539289012472,0.00643326358531863,0.000663765709994442
2021,4,30,0.00554002082679488,0,0,0.00267119338738619,0.00489152073757502,0.0158874861082734,0.00373813772575701,0,0.00814028754131199,0.00739918843512579,0,0,0.016198645661274,0,0.00807764275134152,0.0166915863352276,0,0.00513316979859996,0,0.00759727822874227,0.00542281142364099,0,0.00354709956497415,0.0196350370641309,0.00354038778372632,0,0.000461880442267208,0,0.0126058221450428,0,0.00126329526694876,0.00254218065005597,0.00246590116687677,0.000750149517694752,0.00637350793584262,0.000656249465538453
2021,5,5,0.00542680356093898,0,0,0.00266547042189689,0.00482422356229694,0.0158266387083501,0.00374942096617364,0,0.00824884682174189,0.00733654063725666,0,0,0.0161453927896022,0,0.00803541407363701,0.0166833388372829,0,0.00502736966125153,0,0.00736288729356608,0.00526497313507515,0,0.00340868596489086,0.0191888820620907,0.00351413373624206,0,0.000462010447807253,0,0.0125631208571144,0,0.00125167341005796,0.00243332450303758,0.0024084049005951,0.000738551178714257,0.00631402578415104,0.000648380018862707
2021,5,10,0.00531358099741158,0,0,0.00265776739613211,0.00475587063682576,0.0157530414782687,0.00375437156557464,0,0.0083583521017905,0.0072731359838507,0,0,0.0160941104294052,0,0.00799030348735199,0.0166651675579068,0,0.00492195061689468,0,0.00712835244561711,0.00510896002248545,0,0.00328331354976163,0.0187343608329364,0.00348795796338746,0,0.000462152463287779,0,0.0125080443167715,0,0.00124017135042035,0.00232753974973715,0.00235125461062837,0.00072675476978244,0.00625482865301789,0.000640172994141989
2021,5,15,0.00520106016106037,0,0,0.00264802126261784,0.00468662715330084,0.0156666981985299,0.00375305885306293,0,0.00846864088504717,0.00720899707251472,0,0,0.0160440407587009,0,0.00794230101076172,0.0166375312385756,0,0.00481698230913466,0,0.00689404842782273,0.0049548679490567,0,0.00316961783993749,0.018273489211813,0.00346187347555453,0,0.000462315136573163,0,0.0124407695573601,0,0.00122878135478842,0.00222486586931177,0.00229449432200698,0.000714771513282157,0.00619612924790718,0.000631646220739847
2021,5,20,0.00508995899569787,0,0,0.00263633240930841,0.0046166627078889,0.0155676922228597,0.0037455811277981,0,0.00857954368492012,0.00714415907331122,0,0,0.0159950692402044,0,0.00789149368524801,0.0166006696020058,0,0.00471253247698999,0,0.00666037495203385,0.00480278821333446,0,0.00306555906958098,0.0178076205944435,0.00343594908637345,0,0.000462487100798767,0,0.0123614087862762,0,0.00121751861526437,0.00212539029068582,0.00223822655368205,0.000702613309773762,0.00613792109641756,0.00062281759285485
2021,5,25,0.0049810241866655,0,0,0.00262270619752971,0.00454615111181641,0.0154562218790895,0.00373203509421142,0,0.00869084244337234,0.007078621357006,0,0,0.0159462915605095,0,0.00783792517976088,0.0165548012723835,0,0.00460866688779805,0,0.00642770996017797,0.00465280753310041,0,0.0029696338745946,0.0173382343491575,0.00341014188856035,0,0.000462677470394506,0,0.0122703437331303,0,0.00120640015118562,0.00202921174131639,0.0021824732742057,0.00069029268785585,0.00608032027264865,0.000613704577939725
2021,5,30,0.00487495031866484,0,0,0.00260719080666517,0.00447524878785498,0.0153324978968793,0.00371260601983973,0,0.00880233170681547,0.00701242968989354,0,0,0.0158970867178707,0,0.00778166771708786,0.0164998020967683,0,0.00450544927524522,0,0.00619645453100381,0.00450500802869981,0,0.00288029569894823,0.0168664518799652,0.00338446919413805,0,0.000462883350319941,0,0.0121679148933622,0,0.00119543494265348,0.00193635231358552,0.00212729689067992,0.00067782275077181,0.0060233935176429,0.000604328705188084
2021,6,4,0.00477237793948884,0,0,0.00258981602630295,0.004404182694436,0.0151968568222554,0.00368751005586461,0,0.00891379251135464,0.00694558631564653,0,0,0.0158465523837067,0,0.00772285743436843,0.0164358278149435,0,0.00440294128257979,0,0.00596713561589737,0.00435946720637521,0,0.00279693832207712,0.016394205688919,0.00335898379815234,0,0.000463102431475284,0,0.0120543819963879,0,0.00118462205145581,0.00184692160347707,0.00207272387600143,0.000665217120169412,0.00596725342952543,0.000594706855863859
2021,6,9,0.00467397286226922,0,0,0.0025706402373008,0.0043331136026798,0.0150494177951671,0.00365700714813277,0,0.00902495627094507,0.00687812519901057,0,0,0.0157942187912961,0,0.00766147408016678,0.0163624932553427,0,0.00430120241104982,0,0.00574004752415585,0.00421625794223193,0,0.00271845899344584,0.0159225460648928,0.00333370474208487,0,0.000463340045318249,0,0.0119302148394623,0,0.00117397517146757,0.00176090488897344,0.0020188387385928,0.000652486537014286,0.0059119419296702,0.000584859206549779
2021,6,14,0.00458034053516,0,0,0.00254971808677181,0.0042622298028855,0.0148906406389545,0.00362136217257884,0,0.00913558491644643,0.0068100827904725,0,0,0.0157388673184746,0,0.00759758616837056,0.0162798250663108,0,0.00420028997359269,0,0.00551572541188767,0.00407544846751756,0,0.00264459318489466,0.0154523478290831,0.00330860824555745,0,0.000463590003341026,0,0.011796068019017,0,0.00116348988358343,0.0016783698039965,0.00196566726129148,0.000639649322166248,0.00585758193287731,0.000574806312251691
2021,6,19,0.00449194941382023,0,0,0.00252708946738166,0.00419172244988552,0.0147207698192465,0.00358090215476721,0,0.00924536550265567,0.00674145932011124,0,0,0.0156797316023133,0,0.00753127952349706,0.0161871880356413,0,0.0041002590537869,0,0.00529463711788677,0.0039371352344521,0,0.00257457174675827,0.01498440630371,0.00328374549686289,0,0.000463857555930672,0,0.0116524177408884,0,0.00115318930218004,0.00159933921101401,0.00191320075378979,0.000626721649988128,0.00580422892761907,0.000564566829818791
2021,6,24,0.00440953322023001,0,0,0.00250285512091321,0.00412178520513914,0.0145401966783565,0.00353599934701227,0,0.00935407220651166,0.00667231832760005,0,0,0.0156157071517747,0,0.00746269091338552,0.016084290451981,0,0.00400116247006206,0,0.00507716792778776,0.00380131589262718,0,0.00250782934138262,0.0145204064801376,0.003259141333157,0,0.000464137328240857,0,0.0114998752710941,0,0.00114307150598175,0.00152379046043622,0.00186152340990249,0.000613718585015031,0.0057519286885631,0.000554161562910277
2021,6,29,0.00433352789083918,0,0,0.00247707227728917,0.00405261384723512,0.0143494167024713,0.00348698631404126,0,0.00946141002713248,0.00660264462860793,0,0,0.0155459867143092,0,0.00739183391559005,0.0159711686859615,0,0.00390305074514709,0,0.00486371989265513,0.00366809094263868,0,0.00244426391510186,0.0140610871061359,0.00323478508701884,0,0.000464435185915062,0,0.0113390811120956,0,0.0011331469909268,0.00145181405886182,0.00181064765049341,0.00060065350172406,0.00570072559319576,0.000543611489614805
2021,7,4,0.00426429607853389,0,0,0.00244984923324962,0.00398438230002332,0.0141487881128921,0.00343423921082855,0,0.00956699420042481,0.00653247338452617,0,0,0.0154695803086733,0,0.00731885230815584,0.015847271693982,0,0.00380597208072279,0,0.00465477653663487,0.00353749138317254,0,0.00238329055324893,0.0136074016157806,0.00321070621934918,0,0.000464746449408364,0,0.0111707033165547,0,0.00112341980191091,0.00138328019755504,0.00176058399528606,0.000587540276277931,0.00565070810770445,0.000532935467526376
2021,7,9,0.00420250599351214,0,0,0.00242126530817542,0.00391731424618707,0.013938817696043,0.0033781637417692,0,0.00967060217918118,0.00646182259874691,0,0,0.0153852814684365,0,0.00724372745030449,0.0157125838882435,0,0.00370997233722989,0,0.00445066359173393,0.00340953531125133,0,0.00232515008254962,0.0131598800939596,0.00318693539018423,0,0.000465073980596896,0,0.0109953939822058,0,0.00111390624205428,0.00131812783804857,0.00171135094665468,0.000574396054446128,0.00560186249591113,0.000522154356822809
2021,7,14,0.00414849424052036,0,0,0.00239138295314688,0.00385163546335629,0.0137201074010931,0.0033191862004538,0,0.00977183728163327,0.0063907267444955,0,0,0.0152923387785831,0,0.00716662722152441,0.015566759818482,0,0.00361509501877003,0,0.00425173032114182,0.00328431051491296,0,0.00227024807907195,0.0127193680879762,0.00316346016641782,0,0.000465415309014235,0,0.0108138968154297,0,0.00110459814336676,0.00125657473618025,0.00166296356468632,0.000561236638750132,0.00555426712054768,0.000511289037711011
2021,7,19,0.00410261249486497,0,0,0.00236031366348811,0.00378751729205386,0.0134932006579376,0.00325765858913061,0,0.00987040308276445,0.00631921125983354,0,0,0.0151893868303065,0,0.00708763201723742,0.0154097520449761,0,0.00352138126302405,0,0.0040584018950461,0.00316186357989098,0,0.00221837358710671,0.0122861940411117,0.00314030223454122,0,0.000465769370924771,0,0.0106269046679768,0,0.0010955139781577,0.00119844819943495,0.00161543366658421,0.000548079036443652,0.00550796786824595,0.000500357995541678
2021,7,24,0.0040652255277189,0,0,0.00232817960478087,0.0037251591890351,0.0132586010487478,0.00319402164882963,0,0.00996596913730747,0.00624730176192768,0,0,0.0150756992947634,0,0.00700684921533851,0.0152414891258013,0,0.00342886983609841,0,0.00387080430800032,0.00304217008856493,0,0.00216930210389691,0.0118613599809153,0.00311749739684285,0,0.000466138113112121,0,0.0104352710771792,0,0.00108665722363959,0.00114372092415522,0.00156877003558344,0.000534936803567311,0.00546312737021292,0.000489382301865377
2021,7,29,0.00403666075367255,0,0,0.00229511183488212,0.00366475970548143,0.0130169834985234,0.00312863628989134,0,0.0100582007245436,0.00617503788321619,0,0,0.0149501629197126,0,0.00692437513355848,0.0150621859521856,0,0.00333759713219888,0,0.00368921545720602,0.00292528285615076,0,0.00212297000132947,0.0114452210206977,0.00309503920172846,0,0.000466519724278132,0,0.0102398123610688,0,0.00107803459640774,0.00109236581361772,0.00152297863713395,0.00052182356615844,0.0054196707931308,0.000478380196488101
2021,8,3,0.00401725936604737,0,0,0.0022611851979357,0.00360651587364343,0.0127686553856955,0.00306189226068821,0,0.0101467597298143,0.00610247575725481,0,0,0.014811698555269,0,0.00684027497293882,0.014871754358133,0,0.00324759717801849,0,0.00351386589861812,0.00281122396416463,0,0.00207939945133332,0.0110380984441968,0.00307294139042677,0,0.000466914588735115,0,0.0100413832579552,0,0.00106966181913875,0.00104431203114172,0.00147806284013125,0.000508756162891512,0.00537759492700142,0.000467371403437513
2021,8,8,0.00400728106965306,0,0,0.00222654362416962,0.0035505736199702,0.012514374716312,0.00299412814037034,0,0.0102313110343742,0.00602955947946478,0,0,0.0146596299634358,0,0.00675473078047786,0.0146705300467709,0,0.00315890164171594,0,0.00334484803977387,0.00270002304030866,0,0.0020385043359719,0.0106400791597382,0.00305122404223203,0,0.000467324677159924,0,0.00984075609695881,0,0.00106152961123503,0.000999629988047827,0.00143402364102308,0.000495747417152253,0.00533694879990926,0.000456374704879177
2021,8,13,0.00400691892455441,0,0,0.00219130539299861,0.00349720479952493,0.0122548373834964,0.00292574046727386,0,0.0103115280891685,0.00595635116093566,0,0,0.0144929457645766,0,0.00666776575766375,0.0144589899161603,0,0.00307153984635004,0,0.00318231818622393,0.00259163655899139,0,0.00200029440698878,0.0102517707940591,0.00302990707050298,0,0.000467744940610201,0,0.00963865857475367,0,0.00105364937535898,0.00095814222427184,0.00139085988868888,0.000482815684100805,0.00529784082712479,0.000445409445479615
2021,8,18,0.00401643324600746,0,0,0.00215557421829325,0.00344654589657483,0.0119908036540791,0.00285703643075382,0,0.010387178395035,0.00588287029969131,0,0,0.0143108574534097,0,0.00657948136124423,0.0142373645927232,0,0.00298553878762628,0,0.00302624372516245,0.00248612250769426,0,0.00196426708427125,0.00987254967191666,0.00300899674266446,0,0.000468175817985336,0,0.0094359876836094,0,0.00104602110295869,0.00091984994072224,0.00134856850807766,0.000469974364064195,0.00526023499946015,0.000434492605835483
2021,8,23,0.00403599911293958,0,0,0.00211952770657906,0.00339885468835923,0.0117226717121621,0.00278833100959001,0,0.0104578318110172,0.00580915292283258,0,0,0.0141130575477217,0,0.00649000239781636,0.0140062404234392,0,0.00290092315580231,0,0.00287674025114602,0.00238351896448225,0,0.00193006657141625,0.00950298957067051,0.00298850495476776,0,0.000468619743247155,0,0.00923346897075062,0,0.00103865891501046,0.000884730382437938,0.00130713471174982,0.000457235305928791,0.0052241709978549,0.000423640825381518
2021,8,28,0.00406586966607012,0,0,0.00208326446380307,0.00335417924494746,0.0114511954058676,0.00271989582035543,0,0.0105232790141208,0.00573522560505007,0,0,0.0138989317361391,0,0.00639942398757406,0.0137662844958491,0,0.00281771536159115,0,0.00273373359704149,0.0022838081106881,0,0.00189768556303122,0.00914299671098908,0.00296844266302351,0,0.00046907483453909,0,0.00903195152572557,0,0.00103156524360073,0.000852689011358283,0.0012665544282421,0.000444609959861461,0.00518970404236741,0.000412873847236776
2021,9,2,0.00410616244512877,0,0,0.00204696716791169,0.00331285727132251,0.0111771781868765,0.00265196439112115,0,0.0105831506306724,0.00566112856303648,0,0,0.0136683152998511,0,0.00630788645114734,0.0135180577606452,0,0.00273593556589322,0,0.00259720691667385,0.00218696973544791,0,0.00186647694436134,0.00879217880138195,0.00294881427353169,0,0.000469540578248707,0,0.00883220909482754,0,0.00102475180966474,0.000823634424023723,0.00122682944700757,0.000432112781835948,0.00515676836148597,0.000402205071034687
2021,9,7,0.00415696633220313,0,0,0.00201073998040791,0.00327486697510382,0.0109010700292297,0.00258476224577197,0,0.0106371924284736,0.00558687635390491,0,0,0.013420990904906,0,0.00621545048630629,0.0132624291334944,0,0.00265560171318165,0,0.00246689496200348,0.00209299795507554,0,0.00183589805684526,0.00845008567419065,0.00292963720761219,0,0.000470015632753879,0,0.00863518177524775,0,0.00101822012069341,0.000797570576222891,0.00118795246472252,0.000419755879158983,0.00512551434856488,0.000391650402146729
2021,9,12,0.00421843296573011,0,0,0.00197471852524218,0.003240582748735,0.0106237776691998,0.00251847517133172,0,0.0106851325106352,0.0055125248923411,0,0,0.0131571668932315,0,0.00612224606401828,0.0130005361164783,0,0.00257672956835913,0,0.00234292164647944,0.00200187925008403,0,0.0018058145507477,0.00811708655232153,0.00291093464635498,0,0.000470500214366995,0,0.00844144247709384,0,0.00101195965138355,0.000774465445075986,0.00114994322406076,0.000407550665548273,0.00509582691041435,0.000381226599570887
2021,9,17,0.00429057687153826,0,0,0.00193909213978673,0.00321004139350803,0.0103459652479276,0.00245330000194136,0,0.0107267163196934,0.00543804421480842,0,0,0.0128769161287696,0,0.00602842899282294,0.0127332573631635,0,0.00249933275689969,0,0.0022250555468915,0.00191359803999047,0,0.00177548317295138,0.00779258644171066,0.0028926834515448,0,0.000470993754809349,0,0.00825172693806271,0,0.00100599276174469,0.000754231395931514,0.00111274551124651,0.00039550491494912,0.00506774656037754,0.000370946505898655
2021,9,22,0.0043735125836502,0,0,0.00190397400871576,0.00318333348587211,0.0100681063154144,0.0023893320593748,0,0.0107617348743452,0.00536351778872567,0,0,0.0125809069601098,0,0.00593403850072165,0.0124617166824065,0,0.00242342280808387,0,0.00211303549856346,0.00182815437323091,0,0.0017445050881422,0.00747616672499914,0.00287491154694763,0,0.000471495636079101,0,0.00806682327764301,0,0.00100031478843825,0.000736823065042725,0.00107634000109826,0.000383635512859435,0.00504127993856097,0.000360825559738515
2021,9,27,0.00446731217741715,0,0,0.00186952491646683,0.00316067718981149,0.00979092512835271,0.00232669852516805,0,0.0107900117523967,0.00528893188354003,0,0,0.0122697432745598,0,0.00583921699723275,0.0121872641114624,0,0.0023490092011325,0,0.00200660452222118,0.00174549273200753,0,0.00171262271260327,0.00716801033570016,0.00285765415432123,0,0.000472004544142936,0,0.00788735311209706,0,0.000994935858417957,0.000722139198142894,0.00104076226520903,0.000371944859729211,0.00501646818938811,0.000350876120770152
2021,10,2,0.00457196843305795,0,0,0.00183587024879847,0.00314210849810612,0.00951530998688783,0.0022654469540226,0,0.0108112465152326,0.00521433951743521,0,0,0.0119440052954817,0,0.00574403682956572,0.0119114053432536,0,0.00227609941404109,0,0.00190569227012235,0.00166563809297437,0,0.00167933375568633,0.00686730827146459,0.00284086759730814,0,0.000472522008334778,0,0.00771378573182267,0,0.000989856811700139,0.000710209754757469,0.00100597754940784,0.000360447544992739,0.00499327142799425,0.000341110356889556
2021,10,7,0.00468749600281121,0,0,0.00180319564953476,0.0031278837442684,0.00924174745403489,0.0022056112399152,0,0.0108253158617688,0.00513972673110696,0,0,0.0116047490236541,0,0.00564862743736155,0.0116358133371283,0,0.00220469897491472,0,0.00181005744161949,0.00158848157928991,0,0.00164435075071256,0.00657389118484139,0.00282458429298896,0,0.000473044463027264,0,0.00754688907272914,0,0.000985081405192212,0.0007009128866953,0.000971964291724953,0.000349153117475881,0.0049717922767858,0.000331539229998395
2021,10,12,0.00481391774271365,0,0,0.00177163383377037,0.0031179292953331,0.00897100798852665,0.00214726749591789,0,0.0108320636914759,0.00506513398033054,0,0,0.0112531595962609,0,0.00555308394820125,0.0113622931013721,0,0.00213481151560208,0,0.00171922805864939,0.00151407459868791,0,0.00160742434731073,0.00628791003013012,0.00280881114351956,0,0.000473573178453897,0,0.0073870149342649,0,0.000980612788788008,0.000694265542006936,0.000938742605894283,0.000338057145399425,0.00495193755330722,0.000322174287324729
2021,10,17,0.00495125620452551,0,0,0.00174132244835883,0.00311244257742915,0.00870351943713215,0.00209037177340177,0,0.0108313752911188,0.0049906129302552,0,0,0.0108903437901992,0,0.00545751008107845,0.0110925407232149,0,0.00206643882742618,0,0.00163314661442149,0.00144231677123713,0,0.00156845591952181,0.00600887940232147,0.00279355452301112,0,0.000474106411749128,0,0.00723475918494903,0,0.000976451008969496,0.00069014646240439,0.000906278156046208,0.000327177171551758,0.00493377763802859,0.000313025662562335
2021,10,22,0.00509934589780531,0,0,0.00171240965771459,0.00311144338344195,0.00844035911141513,0.00203493161337599,0,0.0108231096167205,0.0049161920358414,0,0,0.0105174233137578,0,0.00536203379821318,0.0108284321725852,0,0.00199958091880979,0,0.00155155623454148,0.00137321834123422,0,0.00152723977892588,0.00573668947228633,0.00277882675917666,0,0.000474643952336817,0,0.00709047600514927,0,0.000972601606341114,0.000688551193884378,0.000874539820305517,0.000316517651909235,0.00491726675093255,0.000304103839324898
2021,10,27,0.00525829129523571,0,0,0.00168502768538395,0.00311507407558561,0.00818166424061597,0.00198089017071545,0,0.0108072181988056,0.00484187042542731,0,0,0.0101360433358121,0,0.00526674824258646,0.0105720235508709,0,0.00193423607459389,0,0.00147394972696124,0.00130676650489895,0,0.00148390450243741,0.00547166221391914,0.00276462066112802,0,0.000475185064511433,0,0.00695449331311545,0,0.000969064849139037,0.000689367412817945,0.000843570449232063,0.000306082308453397,0.00490240548580799,0.000295415545507598
2021,11,1,0.0054279510046931,0,0,0.00165930497197996,0.00312331638752112,0.00792860259238735,0.00192821163074244,0,0.0107835941193676,0.00476768831169457,0,0,0.00974735343754285,0,0.00517179295157536,0.0103251984365341,0,0.00187040572146344,0,0.00140048428533483,0.00124286851435496,0,0.00143831575396228,0.00521378178199079,0.00275096816539556,0,0.000475728995991757,0,0.00682718501502206,0,0.000965848812678051,0.000692601445465474,0.000813299380262311,0.000295880715056709,0.00488920991589666,0.000286970423712296
2021,11,6,0.00560831118859522,0,0,0.00163538555053931,0.00313613783502682,0.00768141493748974,0.00187682158467664,0,0.0107522378461804,0.00469368418109926,0,0,0.00935288093343763,0,0.00507724622627856,0.0100899812893608,0,0.00180807573821983,0,0.00133067969508823,0.00118149738238967,0,0.00139090957846089,0.00496283892333099,0.00273783889750122,0,0.000476274978778059,0,0.00670867364207982,0,0.000962955697467,0.000698111093717267,0.000783777733430976,0.000285911368587894,0.00487771533196196,0.000278774863264646
2021,11,11,0.00579906165067081,0,0,0.00161337365897814,0.00315367267501092,0.00744071319187634,0.00182663825826514,0,0.0107131475487488,0.00461984484443388,0,0,0.00895422733311589,0,0.00498313899064609,0.00986826619393714,0,0.00174724398937816,0,0.00126430405325445,0.00112261139431388,0,0.00134168441762177,0.00471910197283965,0.0027252446031145,0,0.000476822230026781,0,0.00659915062223523,0,0.000960378905639108,0.000705945326667502,0.000754944887468002,0.000276179844412637,0.00486789190928465,0.000270835099929054
2021,11,16,0.0060002665722087,0,0,0.00159340017625347,0.00317584723096912,0.00720737230394496,0.00177757483444454,0,0.0106663764808542,0.00454623232658076,0,0,0.00855281536918814,0,0.00488965924280233,0.00966192643623825,0,0.00168790248914542,0,0.00120121883599534,0.00106610321297187,0,0.00129104005109601,0.00448283813290332,0.0027131941720838,0,0.000477371296142437,0,0.00649875290727218,0,0.000958128807014802,0.000716006604624984,0.000726830670047364,0.000266690383379558,0.00485968653385915,0.000263157553721961
2021,11,21,0.00621166328811295,0,0,0.00157556242222684,0.00320267151599097,0.0069818187538717,0.00172956365620821,0,0.0106118926152036,0.00447284999824006,0,0,0.00815013610189648,0,0.00479683604703755,0.00947279178636672,0,0.00163004184349025,0,0.00114116473084098,0.00101204263548878,0,0.0012392802179148,0.00425429238111327,0.00270170419397879,0,0.000477918755814725,0,0.00640743669217373,0,0.000956203774485844,0.000728230317661319,0.000699408052576505,0.000257442895019973,0.00485321789864275,0.000255745127363659
2021,11,26,0.00643314173702222,0,0,0.00155999293309191,0.00323404227480731,0.00676472561877973,0.00168251812338829,0,0.010549831426087,0.00439973353561029,0,0,0.00774769143616708,0,0.00470478705933388,0.00930225517192252,0,0.00157365131552583,0,0.00108394288310752,0.000960368693188496,0,0.00118670624739435,0.00403337766920483,0.00269076203707024,0,0.000478465059253546,0,0.00632510203231465,0,0.000954602465586119,0.000742596191626275,0.000672671521480924,0.000248440772849472,0.00484842919980499,0.000248601032157291
2021,12,1,0.0066644872878759,0,0,0.00154677339724516,0.00326996171987405,0.00655642993146923,0.00163627038514607,0,0.0104801961170087,0.00432692107537226,0,0,0.00734718026125714,0,0.00461363668103717,0.00915174655588674,0,0.00151871889124785,0,0.00102933629160769,0.000911051531157608,0,0.0011336163597697,0.00382047484385614,0.00268035927001968,0,0.000479009373491944,0,0.00625187615528633,0,0.000953334731656101,0.000759081790969672,0.000646586945777403,0.000239681154055745,0.00484526116988278,0.000241733070556316
2021,12,6,0.00690550504509151,0,0,0.00153596015129543,0.00331026243250135,0.00635757024594903,0.00159084523317304,0,0.010403288532595,0.00425442492413899,0,0,0.00694994379486347,0,0.00452344424177259,0.009021919396689,0,0.00146523134545336,0,0.000977253201194089,0.000863860546114745,0,0.00108066372801127,0.00361567330556709,0.00267050825102337,0,0.000479550855330244,0,0.00618742549300436,0,0.000952392535465426,0.000777632990901893,0.000621183522704304,0.000231162759193698,0.00484383383076299,0.000235139253601983
2021,12,11,0.00715588746976697,0,0,0.00152767052784327,0.00335491387525406,0.00616874969385722,0.00154607638790745,0,0.0103190747458112,0.00418226972700246,0,0,0.00655745893901753,0,0.00443432084909009,0.00891382155364999,0,0.00141317430767155,0,0.000927592971871829,0.00081887306161787,0,0.00102813382999664,0.00341932929828815,0.00266120966665653,0,0.000480088652296072,0,0.00613164276147816,0,0.000951782556276399,0.000798181299108442,0.000596436048222239,0.000222890500651981,0.00484401594174615,0.000228826098605514
2021,12,16,0.00741540342218115,0,0,0.00152192905861443,0.00340383298380621,0.00599029966401248,0.00150193254479794,0,0.0102278853046503,0.00411047794960069,0,0,0.00617126909224836,0,0.00434634141117212,0.00882767043323389,0,0.00136253232794376,0,0.000880084018234029,0.000776106998995856,0,0.000976600289938744,0.00323144459578274,0.0026524637110954,0,0.000480622623552146,0,0.00608410027772308,0,0.000951502140557717,0.000820674648658798,0.000572359475188011,0.000214863405936072,0.00484589039405562,0.000222793251713418
2021,12,21,0.00768375514747247,0,0,0.001518811806921,0.00345673062393274,0.00582308025832025,0.00145834992615121,0,0.0101297224673478,0.00403906158738774,0,0,0.00579272000867541,0,0.0042595704689024,0.0087635701647774,0,0.00131328894229622,0,0.000834716982049183,0.000735409922455553,0,0.000926292962234675,0.00305182678398594,0.0026442700929905,0,0.000481150501142283,0,0.00604451553507474,0,0.000951554764973291,0.000845082812764188,0.000548981627065627,0.000207078281620284,0.00484940491784185,0.00021704039900362
2021,12,26,0.00796054502976887,0,0,0.00151832533442483,0.00351365430695249,0.00566737559350859,0.00141523328421083,0,0.0100250177306262,0.00396811023645546,0,0,0.00542298606562457,0,0.00417410952385289,0.00872120122679942,0,0.00126542673775588,0,0.000791251159079633,0.000696819860933828,0,0.000877601894743004,0.00288068829271275,0.0026366343817175,0,0.000481673365389541,0,0.00601254728114445,0,0.000951933899278839,0.000871255804676245,0.000526200069972177,0.000199528462222129,0.00485457757692441,0.000211563343624031
2021,12,31,0.00824550354201546,0,0,0.00152055596341019,0.003574392453215,0.00552358608967548,0.00137251091397681,0,0.00991390648102222,0.00389754152660191,0,0,0.00506336486475955,0,0.00409006105341248,0.00869967911058903,0,0.00121891380839835,0,0.000749659017031023,0.000660217785004635,0,0.000831075492021407,0.0027179459179771,0.00262954310732054,0,0.000482187862309269,0,0.00598774072477951,0,0.000952638738956289,0.00089924614121168,0.000504119979621518,0.00019221848131943,0.00486143165610932,0.000206365903625504
2022,1,5,0.00853823419932897,0,0,0.00152546166393017,0.00363862786391789,0.00539237413960201,0.00133016280164059,0,0.0097966307993566,0.00382742842583566,0,0,0.00471506932693981,0,0.00400745912314204,0.00869828221980655,0,0.00117377273765112,0,0.000709906306340311,0.000625536134189768,0,0.000787150235530774,0.00256318001992434,0.00262300500659832,0,0.000482694313201386,0,0.00596964927769858,0,0.000953668982567351,0.000928973178044648,0.000482649072260621,0.000185141778849823,0.00486999787997126,0.000201446928686944
2022,1,10,0.00883837591567575,0,0,0.00153303810801376,0.00370626167887024,0.00527407120743447,0.00128812095603609,0,0.00967345517013188,0.00375780647588702,0,0,0.00437901098244595,0,0.00392641023829287,0.00871499536635922,0,0.00112994175482172,0,0.000671922773918193,0.00059274982358164,0,0.000746041643963143,0.00241628932787763,0.00261700921957653,0,0.000483191830933316,0,0.00595763167255779,0,0.000955032751354266,0.000960352095690135,0.000461817922626545,0.000178299174144004,0.00488023264854743,0.000196802564970232
2022,1,15,0.0091452835797645,0,0,0.00154332164605078,0.00377716671356731,0.00516899484117036,0.0012463787286862,0,0.00954470530636828,0.00368869839144483,0,0,0.00405635051132249,0,0.00384698915207517,0.00874837003302168,0,0.00108741794325199,0,0.000635570300844166,0.00056179079829887,0,0.000708232029164137,0.00227719809277652,0.0026115573648635,0,0.000483679526074517,0,0.00595122506411166,0,0.000956719523042846,0.000993326834081777,0.000441638396107256,0.000171685423376048,0.00489220813846674,0.000192432925129266
2022,1,20,0.00945870925085874,0,0,0.00155624396112483,0.00385101235580841,0.00507771742996598,0.001204938752041,0,0.00941075787320593,0.00362009929600793,0,0,0.0037478166413726,0,0.0037692664921304,0.00879617192504267,0,0.001046176277345,0,0.000600808301040815,0.000532614114447906,0,0.000673987695057711,0.00214545762764382,0.00260664641636313,0,0.000484156507913621,0,0.00594985739430498,0,0.000958728468001946,0.0010279202170875,0.000422125945050898,0.000165297786450872,0.00490590063430892,0.000188334915680006
2022,1,25,0.00977802091160846,0,0,0.00157171890964907,0.00392741986599231,0.00500075313605041,0.00116382668240621,0,0.00927189427626372,0.0035520863744989,0,0,0.00345409573080573,0,0.00369327390082616,0.00885575495938471,0,0.0010061930368401,0,0.000567584401160316,0.000505209892289549,0,0.000643845462330755,0.0020205733341672,0.00260227292580218,0,0.000484621885477915,0,0.0059528820460493,0,0.000961063659739123,0.00106408243549704,0.000403204770311289,0.000159133939756686,0.00492124451895457,0.00018450195654683
2022,1,30,0.0101026855986145,0,0,0.00158980463006106,0.00400632709174648,0.00493837593242206,0.00112299865060603,0,0.0091284981042864,0.00348462316054695,0,0,0.00317576199522161,0,0.00361909794186647,0.00892449741852382,0,0.000967452096726924,0,0.000535871776300363,0.000479570045262686,0,0.000617899281569177,0.00190235217929919,0.00259843303372703,0,0.000485074768554106,0,0.00595972117501404,0,0.000963719265188052,0.00110172618915696,0.000384900628012829,0.000153184225012094,0.00493829215407169,0.000180927832470102
2022,2,4,0.0104322235096692,0,0,0.00161031825714499,0.00408741080833217,0.00489093725722801,0.00108249005774216,0,0.00898087444754082,0.00341770245896471,0,0,0.00291282574798805,0,0.00354679103922312,0.00899932542082658,0,0.000929926541293196,0,0.000505541292891642,0.000455678309725734,0,0.000596647782824527,0.00179008674308976,0.0025951224809387,0,0.000485514962477658,0,0.00596967411464421,0,0.000966692351165164,0.00114071838775149,0.000367203866067443,0.000147439313645823,0.00495706683201546,0.00017761169144171
2022,2,9,0.0107660106271042,0,0,0.00163325916112896,0.0041702748717232,0.00485893708747004,0.0010422980658615,0,0.0088294065447113,0.00335139622857904,0,0,0.00266581885073286,0,0.00347644366082285,0.00907713838761241,0,0.000893604665384633,0,0.000476683794243769,0.00043341338181635,0,0.000580300237138641,0.00168355484747642,0.00259234330822557,0,0.000485940232729879,0,0.00598222952223457,0,0.000969982423163684,0.00118110066505405,0.000350205955729148,0.000141906299969597,0.00497754072463554,0.000174547562338503
2022,2,14,0.0111033098290334,0,0,0.00165846235371523,0.00425462723964259,0.00484264233495857,0.00100245822275298,0,0.00867448207976205,0.00328570933893289,0,0,0.00243455286258137,0,0.00340807004782917,0.00915448282637551,0,0.000858441206424929,0,0.000449061084685976,0.000412815561479895,0,0.000569048428360806,0.00158228543010175,0.00259008313988588,0,0.000486351066418913,0,0.00599679576851878,0,0.000973586957126883,0.00122275798955982,0.000333815997275894,0.000136578105005783,0.00499973387590485,0.000171729066144051
2022,2,19,0.0114436276525873,0,0,0.00168585879232674,0.00434006836845319,0.00484244796568557,0.000963028693146623,0,0.0085164746819884,0.00322066143770262,0,0,0.00221924651848071,0,0.00334175140773972,0.00922775168036909,0,0.000824422847615363,0,0.000422757536565556,0.000393685451531688,0,0.000563149787109485,0.00148585679672459,0.00258833212858183,0,0.000486745202668413,0,0.00601257223061677,0,0.000977503202252601,0.00126559881863436,0.000318087208692073,0.000131439390429601,0.00502366820589473,0.000169150192048065
2022,2,24,0.011786116521296,0,0,0.00171529333382276,0.00442649866240613,0.00485864211951841,0.000924051148308352,0,0.00835582461459194,0.00315626908556883,0,0,0.00201920978218903,0,0.00327752511615819,0.00929406056100367,0,0.000791540115478952,0,0.00039782704740567,0.000376184280423002,0,0.000562945842769739,0.00139389820802975,0.00258708972421383,0,0.000487123193570931,0,0.00602901125825056,0,0.000981728183552369,0.00130971694459484,0.000302998298037856,0.00012650048108299,0.00504931625282476,0.000166806515445011
2022,3,1,0.0121301038982898,0,0,0.00174661030885794,0.00451342283469756,0.00489154512309964,0.000885496134322673,0,0.00819283766346284,0.00309255022381777,0,0,0.00183433197716098,0,0.00321544612519582,0.00934969867354706,0,0.000759755242970406,0,0.000374068980009547,0.000360097938306101,0,0.000568760192830545,0.00130601045374604,0.00258634985787115,0,0.000487482718828372,0,0.00604556319739504,0,0.000986258704633648,0.00135496826839148,0.000288481119486225,0.000121735250979493,0.00507668063020189,0.000164692505112926
2022,3,6,0.0124748717232835,0,0,0.00177968659538541,0.00460055382055948,0.00494141939465623,0.000847505363536691,0,0.00802799740836538,0.0030295357405217,0,0,0.00166410442927008,0,0.00315556014593789,0.00939150402298728,0,0.000729032517250923,0,0.000351439150645538,0.000345563587030112,0,0.000580776145892136,0.00122175745624347,0.00258610993928939,0,0.000487823631720515,0,0.00606165537932595,0,0.000991092820494686,0.0014012979931635,0.000274554462673252,0.000117157610999107,0.00510576601003716,0.000162796208949292
2022,3,11,0.0128195927995546,0,0,0.00181433495484943,0.00468742450469099,0.00500864345537898,0.000810061839277083,0,0.00786176764402219,0.0029672139038405,0,0,0.00150779085203984,0,0.00309791021514092,0.00941641533834593,0,0.000699369460072766,0,0.000330079420037505,0.000332556617009784,0,0.000599145881460095,0.00114102660456996,0.00258635594146078,0,0.00048814508498203,0,0.00607665700216234,0,0.000996224083603446,0.00144864754935214,0.000261338975201993,0.000112759684949549,0.00513661173099276,0.000161112133719189
2022,3,16,0.0131635393804304,0,0,0.00185037058404033,0.00477376281352832,0.00509340183983942,0.000773269950728707,0,0.00769450082457256,0.00290561378774918,0,0,0.00136462929595314,0,0.00304254779776781,0.00942178705940546,0,0.000670719844304531,0,0.000309808947322903,0.000320863724927585,0,0.000624253101082173,0.00106330123885817,0.00258708441240062,0,0.000488446241189477,0,0.00609010273624235,0,0.00100165000955409,0.00149703114794223,0.000248686138999798,0.000108527027355632,0.00516915232652123,0.000159640785451969
2022,3,21,0.0135059197444635,0,0,0.00188759666799532,0.00485911216825358,0.00519599161116141,0.0007370841734195,0,0.00752653617516107,0.00284475021106281,0,0,0.00123409426109061,0,0.00298949951733483,0.00940496885619409,0,0.000643069580094853,0,0.000290615187629246,0.000310549165347832,0,0.000656301927571639,0.00098902514138462,0.00258828807734789,0,0.000488726273737006,0,0.00610140184951466,0,0.00100736654929219,0.00154636977741505,0.00023669150549149,0.000104457930292254,0.0052034932025648,0.000158361905310624
2022,3,26,0.0138459535351672,0,0,0.00192586409859157,0.00494341920377844,0.0053166437919444,0.000701702752901111,0,0.0073582734238922,0.00278463727868286,0,0,0.00111524369117218,0,0.00293879161142594,0.00936418080537155,0,0.000616380414082691,0,0.000272384365896101,0.000301604585864171,0,0.000695326140657769,0.000917608236683169,0.00258995939585509,0,0.000488984367801789,0,0.00611038301941638,0,0.00101336944964023,0.0015966412165489,0.000225348022341972,0.000100548410371082,0.00523958005163481,0.000157274738357866
2022,3,31,0.0141827665889008,0,0,0.0019648808631826,0.00502606804121674,0.00545561266890969,0.000667056238458157,0,0.00719012820244242,0.00272530347518977,0,0,0.00100715290664657,0,0.00289048120714365,0.00929749307884267,0,0.000590675558681649,0,0.000255102880362649,0.000294172931394459,0,0.000741780105111694,0.000849036207007483,0.0025920905766017,0,0.00048921972129819,0,0.00611630792981434,0,0.00101965425740136,0.00164782821740415,0.000214642802213139,9.67895546317237e-05,0.00527740749680666,0.000156367759600177
2022,4,5,0.0145155950854261,0,0,0.00200451080736354,0.0051067801037325,0.00561295621349444,0.000633205252026645,0,0.00702266409988533,0.0026667489530264,0,0,0.000909013497823231,0,0.00284456879480664,0.00920381402068078,0,0.000565897713749439,0,0.000238803407400142,0.000288013592494772,0,0.000795992241179846,0.000783257814054217,0.00259467359236587,0,0.000489431545819675,0,0.00611897112760128,0,0.00102621632367542,0.00169983325600669,0.000204557168387437,9.31809962462066e-05,0.0053169766049141,0.000155632765176584
2022,4,10,0.0148433836629936,0,0,0.00204450036754561,0.00518509862600263,0.00578902969000404,0.000600186282458427,0,0.00685606276305933,0.00260898614687987,0,0,0.000819997817167601,0,0.0028010959188405,0.00908241954426865,0,0.000541983355900758,0,0.000223388514378818,0.000283331750527136,0,0.000857787038682376,0.000720106061044325,0.0025977001951278,0,0.000489619067567483,0,0.00611793216938216,0,0.0010330508083835,0.00175260357967602,0.000195080403220184,8.97137895251069e-05,0.00535821409181575,0.000155067219542763
2022,4,15,0.0151653805795757,0,0,0.00208462372401434,0.00526081940235293,0.00598379275372713,0.000568067248750054,0,0.00669076656231644,0.0025520136448496,0,0,0.000739445304761704,0,0.00276008751393286,0.00893312825315657,0,0.000518975942262975,0,0.000208797715606102,0.000279905883623169,0,0.000928237693267564,0.000659989619986593,0.0026011619312779,0,0.0004897815282651,0,0.00611297666572142,0,0.001040152684997,0.00180625564808701,0.000186257867328342,8.63742352055223e-05,0.0054012023254277,0.000154659764403994
2022,4,20,0.0154807502757755,0,0,0.00212463940856515,0.00533354276067172,0.00619741009248952,0.000536856244031249,0,0.00652709576897129,0.00249585608695192,0,0,0.000666551097659557,0,0.00272156604083458,0.00875618949680426,0,0.000496826929094683,0,0.000195013919688784,0.000277813054227846,0,0.00100766613030812,0.000602669493269983,0.00260505484592574,0,0.000489918186057567,0,0.00610380180983153,0,0.00104751368018508,0.00186054357103049,0.000178078713218596,8.31747373775817e-05,0.00544590316009666,0.000154399730721536
2022,4,25,0.0157886778509696,0,0,0.0021643071386093,0.00540292423109861,0.00643006007433181,0.000506660260804483,0,0.00636542382126287,0.00244053811589167,0,0,0.000600225452586078,0,0.00268555152054063,0.00855260559963016,0,0.000475522709295711,0,0.000182013640460363,0.000277121717807547,0,0.00109690269844307,0.00054826089855449,0.00260936107928176,0,0.000490028316394725,0,0.00609006182574702,0,0.00105513562559337,0.00191547002644435,0.000170560608675561,8.01008809070689e-05,0.00549232843829382,0.00015427958005028
2022,4,30,0.0160880927134322,0,0,0.00220341508184225,0.0054686803359992,0.00668174855754848,0.000477442539023343,0,0.00620607159807547,0.00238603144154239,0,0,0.000540206820138535,0,0.00265206156964166,0.00832357680354779,0,0.000455028946495043,0,0.00016974467147273,0.000277862512330484,0,0.00119609239708063,0.000496782589869306,0.00261407602742615,0,0.000490111212897435,0,0.00607170171034626,0,0.00106300801345728,0.00197115217286316,0.000163694030000923,7.71492942204226e-05,0.00554055540554714,0.000154291782938972
2022,5,5,0.016378494647802,0,0,0.00224173405074782,0.00553030366618727,0.00695258608496261,0.000449126311378316,0,0.00604941945317912,0.00233241322682797,0,0,0.000485737500293922,0,0.00262111143659654,0.00807061962923628,0,0.000435337371312462,0,0.000158133452178185,0.00027987978833188,0,0.00130606691146376,0.000448216556595524,0.00261919056902078,0,0.000490166188205914,0,0.00604857059179203,0,0.00107112591528919,0.00202744974470689,0.00015747680098415,7.43082662306331e-05,0.00559035284705644,0.000154423931790155
2022,5,10,0.0166588514416871,0,0,0.00227902797678701,0.00558774558040194,0.00724237407274616,0.000421884449127811,0,0.00589570533112268,0.00227963863812874,0,0,0.000436242347101701,0,0.0025927140386853,0.00779610469208268,0,0.000416441444119271,0,0.000147184844321671,0.000283374658310015,0,0.0014278044983216,0.000402638754311617,0.002624695453872,0,0.000490192574809288,0,0.00602046977959113,0,0.00107948048860768,0.00208446678401687,0.000151951860934087,7.1581970236907e-05,0.00564177886840607,0.000154673683086363
2022,5,15,0.0169284524273422,0,0,0.00231502115204183,0.00564082811659221,0.00755117312301423,0.000395677180175425,0,0.00574518295046727,0.00222770378387698,0,0,0.000391240885985764,0,0.00256687999941241,0.00750239001014688,0,0.000398228624173738,0,0.00013692172443922,0.00028823593559287,0,0.00156312654620258,0.000360123758194553,0.00263058131819567,0,0.000490189725855504,0,0.00598733332293937,0,0.00108807184454228,0.00214212011894356,0.000147096334156981,6.89586287660715e-05,0.00569482577996857,0.00015502874964237
2022,5,20,0.01718641946314,0,0,0.00234951618818145,0.00568895359811845,0.0078788852034601,0.000370521866480476,0,0.00559842805936637,0.00217668525234271,0,0,0.000350291316766352,0,0.00254361768614164,0.00719211508585259,0,0.000380698383435143,0,0.000127232613589558,0.000294466089721279,0,0.00171219442298539,0.000320585588753584,0.00263684405412011,0,0.000490157015940772,0,0.0059490967507155,0,0.00109689060397696,0.00220045646728392,0.000142938907676722,6.6436243877891e-05,0.00574961171523648,0.00015548517028935
2022,5,25,0.017432209891625,0,0,0.00238229718989815,0.00573213484943398,0.0082253408184268,0.000346386430957988,0,0.00545547917551098,0.0021265216630333,0,0,0.00031300794229446,0,0.00252293324775557,0.00686816529344801,0,0.000363909432918942,0,0.000118089640487473,0.000302082527613048,0,0.001877050556808,0.000283963975077573,0.00264346378925553,0,0.000490093841877705,0,0.00590575496961907,0,0.0011059304441481,0.00225932700258505,0.000139496216781532,6.40201031767096e-05,0.00580596848747009,0.000156029021750908
2022,5,30,0.0176650378403492,0,0,0.00241310927998334,0.00577029356127656,0.00859028926339514,0.000323272248560225,0,0.00531662186662124,0.00207726327570365,0,0,0.000278919805092569,0,0.00250483138767978,0.00653360716488662,0,0.000347795702549062,0,0.000109419816045107,0.000311201903186262,0,0.00205897065119046,0.000250361750480421,0.00265043590759829,0,0.000489999623441379,0,0.00585742265315708,0,0.0011151849066063,0.00231893637083974,0.000136725791154115,6.16941725447033e-05,0.00586391770938866,0.000156654459585547
2022,6,4,0.0178841006621897,0,0,0.00244181630512658,0.00580293916269066,0.00897384516529407,0.000301193304406487,0,0.00518204301694916,0.00202891705514801,0,0,0.00024781439695454,0,0.00248931254243556,0.0061914758169215,0,0.000332351426880561,0,0.000101280067237376,0.000321743526854912,0,0.00225981774794483,0.000219686523762734,0.00265775074305923,0,0.000489873804092529,0,0.00580402390772757,0,0.0011246474036606,0.00237922817045242,0.000134674756039892,5.94553924799718e-05,0.00592342858622326,0.000157356427155409
2022,6,9,0.0180888789124158,0,0,0.00246818309701587,0.00582998375495281,0.00937558601694117,0.000280159442064425,0,0.00505198005285851,0.00198144927338722,0,0,0.000219721594313456,0,0.00247636587826676,0.00584470595595476,0,0.000317573259322751,0,9.36142039130194e-05,0.000333817894066812,0,0.00248079490344415,0.000191790513582305,0.0026654048827696,0,0.000489715851677138,0,0.00574568093405507,0,0.00113431122494853,0.00244022484059362,0.000133345106011912,5.73054217331587e-05,0.00598438750662464,0.000158124466747794
2022,6,14,0.0182786778070531,0,0,0.00249205101318106,0.00585131717150303,0.00979510140891061,0.000260155455221965,0,0.00492663229471016,0.00193490584946083,0,0,0.000194108157754522,0,0.00246599011326943,0.00549632626856969,0,0.000303414084556844,0,8.63990748073402e-05,0.000347477878547222,0,0.00272477435690096,0.00016661568372304,0.00267337645652743,0,0.000489525259101702,0,0.00568239566512438,0,0.00114416954412221,0.0025018706245178,0.000132755713552671,5.523233321162e-05,0.00604692552181067,0.000158951304073058
2022,6,19,0.0184530024461442,0,0,0.00251320183484854,0.00586673858078295,0.0102318148722759,0.000241101463326495,0,0.00480611830440428,0.0018892794155093,0,0,0.000170749207736371,0,0.0024582041408436,0.00514929878434923,0,0.000289855389973619,0,7.96344330484443e-05,0.000362615527778595,0,0.0029937627401416,0.000143900446027426,0.00268166685521885,0,0.000489301544983459,0,0.0056143106093446,0,0.00115421228178076,0.00256432689218239,0.000133038846732981,5.32443743842803e-05,0.00611084538554256,0.000159830213802204
2022,6,24,0.0186113097887021,0,0,0.00253147675127474,0.00587626650552231,0.0106858367509613,0.000223053651172895,0,0.00469068274711147,0.00184456210141506,0,0,0.000149630937806016,0,0.00245300029314331,0.00480631572019824,0,0.000276848846752366,0,7.32752265218635e-05,0.000379379120187749,0,0.00328959035954226,0.000123700102616494,0.00269025621068185,0,0.000489044254274924,0,0.00554160298547028,0,0.00116443891951593,0.00262743978303056,0.000134094659919539,5.13276782321243e-05,0.0061761660111619,0.000160753611145339
2022,6,29,0.0187531397211849,0,0,0.00254675362410071,0.00587974504009825,0.0111564919427329,0.000205969163157284,0,0.00458045220296078,0.00180082934778794,0,0,0.000130518184584475,0,0.00245033577779728,0.00446976173213839,0,0.000264375405764522,0,6.72568239273342e-05,0.000397792185319764,0,0.0036144685213057,0.000105669545417387,0.00269913970817453,0,0.000488752958862083,0,0.00546437410576091,0,0.00117483893246509,0.00269145135092874,0.000135961843403376,4.94809420115367e-05,0.00624283607607623,0.000161721812971312
2022,7,4,0.0188780836129664,0,0,0.0025588802257132,0.00587702918684346,0.0116431085000096,0.000189825804938875,0,0.00447559016875457,0.00175803236063526,0,0,0.000113425323570729,0,0.00245022418813562,0.00414188626517762,0,0.000252447159744121,0,6.16669343807542e-05,0.000417933238977748,0,0.00397081748080266,8.98589470338433e-05,0.00270830766067288,0,0.000488427258135621,0,0.00538283524805464,0,0.00118540197288706,0.00275637483982126,0.00013869356038892,4.77043825944769e-05,0.00631077171877974,0.000162725183784357
2022,7,9,0.0189857863248835,0,0,0.00256780167001248,0.00586830040991788,0.0121451746697482,0.000174612188719267,0,0.00437605703772014,0.00171614671642245,0,0,9.79659909607221e-05,0,0.00245265441042332,0.00382463168287698,0,0.000241072228814765,0,5.64082876169036e-05,0.000439729161483851,0,0.00436075446457849,7.59457092881681e-05,0.00271775042413261,0,0.000488066779534605,0,0.00529718263135764,0,0.00119612722427214,0.00282216151674976,0.000142295243919924,4.59971812836767e-05,0.00638004093496124,0.000163752841699033
2022,7,14,0.0190759478908843,0,0,0.00257338504355274,0.00585339016888123,0.0126621888739998,0.000160282185370795,0,0.00428198359499934,0.00167521783180496,0,0,8.41878201588663e-05,0,0.00245763314436175,0.0035195759157121,0,0.000230178500256358,0,5.15154886912852e-05,0.000463431113357768,0,0.00478636236476466,6.3822708466324e-05,0.00272746548735836,0,0.000487671179062052,0,0.00520756528178587,0,0.00120700393693593,0.00288892610011735,0.000146774948212955,4.43520904895547e-05,0.00645042474654806,0.000164805420361999
2022,7,19,0.0191482947310208,0,0,0.00257557132452838,0.00583247637752579,0.0131933031897415,0.000146809994671028,0,0.00419339035426997,0.00163519117572486,0,0,7.20425769154473e-05,0,0.0024651205867096,0.00322813621230956,0,0.000219794851817802,0,4.69464557497985e-05,0.000488904593611723,0,0.00525036293614946,5.32815764402343e-05,0.0027374296703795,0,0.000487240141771854,0,0.00511418917552371,0,0.00121802152585539,0.00295667831056205,0.000152160206185919,4.27640434750383e-05,0.00652200363357999,0.00016587395136155
2022,7,24,0.0192027061894153,0,0,0.00257428811565668,0.0058053765586032,0.0137377751057212,0.000134185022004753,0,0.00411037247546826,0.00159611197717548,0,0,6.13655658515548e-05,0,0.00247503267182003,0.00295145085125118,0,0.000209864176522501,0,4.26877457789184e-05,0.000516284136592843,0,0.005754618824512,4.42725548332705e-05,0.00274764014547041,0,0.000486773382226562,0,0.00501721846661794,0,0.00122917605564527,0.0030255607339226,0.00015854033799148,4.12398601592003e-05,0.00659470239802438,0.000166960348441817
2022,7,29,0.0192390185099911,0,0,0.00256946687149297,0.00577236331028126,0.0142949366218906,0.000122411896322705,0,0.00403304060794193,0.00155799545291018,0,0,5.19066455137824e-05,0,0.0024874344661898,0.00269031843504598,0,0.000200428267362012,0,3.87262370816023e-05,0.000545672759109364,0,0.00630041844022446,3.6608608666616e-05,0.00275808756338354,0,0.000486270644925545,0,0.00491696918604028,0,0.00124045956499326,0.00309554268713287,0.000165880361171631,3.97614010534134e-05,0.00666837759909672,0.000168052022636981
2022,8,3,0.0192571306846542,0,0,0.00256110631306128,0.00573325911464806,0.0148638600026355,0.000111377229899018,0,0.00396123933978971,0.00152081928045562,0,0,4.36095713350354e-05,0,0.00250231097849395,0.00244519068559244,0,0.00019144487721845,0,3.50490558724409e-05,0.000577082589592304,0,0.00688960474841665,3.00523553210493e-05,0.00276876267631511,0,0.000485731704703094,0,0.00481362032427337,0,0.00125186778008963,0.00316672208890713,0.000174283936191872,3.83428233344316e-05,0.00674302448175079,0.000169151714148622
2022,8,8,0.0192570076726775,0,0,0.00254919933956114,0.00568847435077076,0.0154435210559762,0.000101113460026786,0,0.00389509013974999,0.00148464354581458,0,0,3.6449486534251e-05,0,0.00251962882800901,0.00221634680371186,0,0.000182909167764147,0,3.16188903017608e-05,0.000610507199690929,0,0.0075234087702802,2.45613453014766e-05,0.00277965634824811,0,0.000485156367096054,0,0.00470750683022263,0,0.00126338046700842,0.0032392059471601,0.000183765205328685,3.69729643225701e-05,0.00681857351895149,0.000170249450252225
2022,8,13,0.0192388316300602,0,0,0.00253378198476353,0.00563825788762868,0.0160330307371689,9.16135285974665e-05,0,0.00383437220435414,0.00144942724025302,0,0,3.02428709221572e-05,0,0.00253934976257001,0.00200390831462679,0,0.000174777463986485,0,2.84565575761576e-05,0.000646099501579469,0,0.00820260829663219,1.99532667101325e-05,0.00279075956480746,0,0.0004845444686806,0,0.00459886657184873,0,0.00127500285693846,0.0033130187252173,0.000194308764112448,3.56591552233143e-05,0.00689492122485132,0.000171348860741595
2022,8,18,0.0192026265368193,0,0,0.00251486941629665,0.00558247383747151,0.0166311536987414,8.27920449799432e-05,0,0.0037791580077447,0.00141514376332321,0,0,2.49848978477414e-05,0,0.00256145907769628,0.00180774933484007,0,0.000167020629952082,0,2.55655485970924e-05,0.000683851439904853,0,0.00892781396864997,1.60619118490891e-05,0.00280206344261054,0,0.000483895877377817,0,0.00448788603426595,0,0.0012867301931177,0.00338825673641737,0.000206027314956258,3.43891839062671e-05,0.00697199860345369,0.000172443640019897
2022,8,23,0.0191485527683705,0,0,0.00249249858074916,0.00552142849980284,0.0172370060398082,7.46127567062584e-05,0,0.00372942399144651,0.00138183632733462,0,0,2.05083027756717e-05,0,0.00258592689431595,0.00162745595914281,0,0.000159700242623175,0,2.29070072435604e-05,0.000723990833763585,0,0.00969995413207676,1.28957168442646e-05,0.00281355923809759,0,0.00048321049272776,0,0.00437481721166722,0,0.00129854187279813,0.00346499494838148,0.000218926526178516,3.31644268417828e-05,0.00704978062021942,0.000173529854435393
2022,8,28,0.0190768282669464,0,0,0.00246672271269751,0.00545529256734029,0.0178493289870204,6.70917781762581e-05,0,0.00368505049589854,0.00134945053799076,0,0,1.6719830203385e-05,0,0.00261267910863394,0.00146263992527264,0,0.000152763033203762,0,2.04690090097584e-05,0.000766437381500384,0,0.0105175600358239,1.02900879388563e-05,0.00282523835582743,0,0.000482488246131717,0,0.00426003510413161,0,0.00131043686222432,0.0035434280433845,0.000233108576637355,3.19888043506592e-05,0.00712814758649061,0.00017460979516953
2022,9,2,0.0189877498193395,0,0,0.00243767844176715,0.00538441934835666,0.0184671386870744,6.01596294434559e-05,0,0.00364595616112572,0.00131802931058916,0,0,1.35658988944362e-05,0,0.00264169743805085,0.00131274084183483,0,0.000146179882673541,0,1.81940264170056e-05,0.000811241675896952,0,0.0113806536093372,8.11914017595359e-06,0.00283709235622519,0,0.000481729101062407,0,0.00414368793168489,0,0.00132241054102151,0.00362346231431928,0.000248554022705557,3.08561773409919e-05,0.00720700964506685,0.000175682399400646
2022,9,7,0.0188815989934608,0,0,0.00240545529536252,0.00530882230614874,0.0190888203357058,5.38007416432602e-05,0,0.0036119754274461,0.0012875605597558,0,0,1.0932024714282e-05,0,0.00267302755376601,0.00117705334723092,0,0.000139957679025439,0,1.61219022278759e-05,0.000858533210595053,0,0.0122878526929427,6.40204656329295e-06,0.00284911296276992,0,0.000480933053241917,0,0.00402613694565642,0,0.0013344517732877,0.00370522239123543,0.000265309321277956,2.97599110110413e-05,0.00728634321600169,0.000176743495381245
2022,9,12,0.0187587430918195,0,0,0.00237014123492501,0.00522897891462436,0.019713502403125,4.79946831922942e-05,0,0.0035828789735294,0.0012580851311189,0,0,8.74922000150735e-06,0,0.00270655284122487,0.00105462824332336,0,0.00013416010691524,0,1.42927670076666e-05,0.000908445457114386,0,0.0132376110910405,5.0163767348865e-06,0.002861292068611,0,0.000480100130787163,0,0.00390761924704559,0,0.00134655285688286,0.00378882787440567,0.000283461012327282,2.87048596724906e-05,0.00736601555331602,0.000177791662105661
2022,9,17,0.0186195952733362,0,0,0.00233189189205333,0.00514519442171944,0.020339435912824,4.26966130680747e-05,0,0.00355875577749576,0.00122960492128531,0,0,6.92350945249761e-06,0,0.00274227176672383,0.00094486616185786,0,0.000128705329736839,0,1.26331991922722e-05,0.000960857321614248,0,0.0142277922275715,3.90581936644509e-06,0.00287362174260378,0,0.000479230394322747,0,0.00378838554371848,0,0.00135870615440542,0.00387425562813365,0.000303049291863643,2.76855572402208e-05,0.00744596054374058,0.000178831548473628
2022,9,22,0.0184645512671044,0,0,0.0022908526194122,0.00505782035790898,0.0209653141517129,3.78746465446029e-05,0,0.00353927379112881,0.00120207829620711,0,0,5.43501823701821e-06,0,0.00278014578011022,0.000846748461500709,0,0.000123483137132544,0,1.11324648417096e-05,0.00101605337093917,0,0.0152555723950694,2.97098084499466e-06,0.00288609423475591,0,0.000478323937061065,0,0.00366865958387925,0,0.00137090699669162,0.00396167707713368,0.000324136185843117,2.67036269954185e-05,0.00752609442203734,0.000179861498077473
2022,9,27,0.0182942974059687,0,0,0.00224716565264107,0.00496687298930653,0.0215902123967801,3.34634145500829e-05,0,0.0035243280321619,0.00117553357559298,0,0,4.26478803567597e-06,0,0.00282010077586748,0.000759657278957956,0,0.000118633710774721,0,9.73103424424164e-06,0.00107402797885043,0,0.0163179663973475,2.28692174940893e-06,0.00289869509815842,0,0.000477380884849596,0,0.00354879612243274,0,0.00138313535878908,0.00405111673395286,0.00034674721997516,2.57598298083271e-05,0.00760633164162879,0.000180880382284923
2022,10,2,0.018109190130302,0,0,0.00220103298339892,0.00487284525481678,0.0222122451279333,2.95261578730121e-05,0,0.00351379595835237,0.00114989089039578,0,0,3.28928692016637e-06,0,0.00286212049712294,0.00068257035451472,0,0.000114127739907261,0,8.52668140511534e-06,0.00113479671523367,0,0.0174110151362507,1.74895588302743e-06,0.00291143117810918,0,0.000476401396185304,0,0.00342891834825635,0,0.00139539944671213,0.00414261901624922,0.000370934233629941,2.48521565870214e-05,0.00768658446384996,0.000181897307646385
2022,10,7,0.0179098161364684,0,0,0.00215260033358135,0.00477606602314105,0.0228300717443095,2.59486393881585e-05,0,0.0035074271622137,0.00112525375668115,0,0,2.54725675369895e-06,0,0.00290615104667726,0.000614642825777523,0,0.000109871852047625,0,7.44759818815302e-06,0.00119844251381678,0,0.0185308844441076,1.32884071493163e-06,0.00292428139346639,0,0.00047538566219613,0,0.00330944892581268,0,0.00140767627304392,0.00423625284456823,0.000396813364244381,2.39831622008954e-05,0.00776676197344451,0.000182903409495889
2022,10,12,0.017696835283137,0,0,0.00210203525275376,0.00467700166213244,0.0234423647976992,2.27459285694295e-05,0,0.00350493868166909,0.00110154209377826,0,0,1.95878147145066e-06,0,0.00295219281632314,0.000554917991354271,0,0.000105944712810275,0,6.4842089792821e-06,0.0012650673759461,0,0.0196728737160417,9.56826690448077e-07,0.00293725226880906,0,0.000474333906589601,0,0.00319059365672452,0,0.00141996208888163,0.00433202604700915,0.00042443561295549,2.31454537413705e-05,0.00784676685103377,0.000183908468676196
2022,10,17,0.0174708557523451,0,0,0.00204955424642583,0.00457570266127729,0.0240471582125879,1.98780352626532e-05,0,0.0035062787395704,0.00107879564447401,0,0,1.49599183267735e-06,0,0.00300016407893253,0.000502827734200294,0,0.000102325453317054,0,5.62719932775639e-06,0.00133468320890517,0,0.0208318956222154,6.23268134591985e-07,0.00295032307375024,0,0.000473246385568568,0,0.00307254415986346,0,0.00143226475219767,0.00443005341453168,0.000453750998246471,2.2345079951572e-05,0.00792652477201815,0.000184912130015448
2022,10,22,0.0172325387015301,0,0,0.00199537400456785,0.00447286804168942,0.0246433698046168,1.72917307120443e-05,0,0.00351119547468425,0.00105710098321214,0,0,1.10375653487219e-06,0,0.00304999647271125,0.000457455936379386,0,9.90076340518095e-05,0,4.86757488206291e-06,0.00140743554780936,0,0.0220024771077898,4.69050478529956e-07,0.00296350159164778,0,0.000472123387714184,0,0.00295551342949001,0,0.00144456991324749,0.00453035753679679,0.000484974263777295,2.15732280952621e-05,0.00800596228403526,0.000185918359026498
2022,10,27,0.0169825099637589,0,0,0.00193966005391934,0.00436879000464266,0.0252296041566792,1.50146350853433e-05,0,0.00351944425128794,0.00103627830888475,0,0,8.34550601833886e-07,0,0.00310167457742701,0.000417964703968234,0,9.59432214961592e-05,0,4.19671113664807e-06,0.00148329643633053,0,0.0231788284803368,3.50488552379998e-07,0.00297677400674447,0,0.000470965233836198,0,0.00283976632403398,0,0.00145686424992148,0.0046329356122378,0.000518022991612025,2.08329579791931e-05,0.00808496848436708,0.000186925288469476
2022,11,1,0.0167214804766831,0,0,0.00188264578337656,0.00426347009542279,0.0258037941486937,1.30066057756829e-05,0,0.00353078682453209,0.00101646709217251,0,0,6.28407992545786e-07,0,0.00315513740565782,0.000383982939618906,0,9.31422255665154e-05,0,3.60639394473496e-06,0.00156234078923064,0,0.0243548583917118,2.60038520495377e-07,0.00299013414620173,0,0.000469772276790728,0,0.00272548999413197,0,0.00146914957052385,0.00473782074298679,0.00055301474347208,2.01247287001676e-05,0.00816342134847044,0.000187936513132496
2022,11,6,0.016450140092134,0,0,0.00182448056316499,0.00415759039221199,0.0263650529765318,1.12056171944889e-05,0,0.00354494372669156,0.000997608867436914,0,0,4.7268760981944e-07,0,0.0032103432907315,0.000354741285608735,0,9.05865882445749e-05,0,3.04253050221819e-06,0.00164469006630397,0,0.0255235177060785,1.91562779430367e-07,0.00300357603985814,0,0.000468544901265677,0,0.00261284064339098,0,0.00148140611242971,0.0048450394131928,0.000590006578151618,1.94581705289875e-05,0.00824128268955997,0.000188960265099279
2022,11,11,0.0161691394987886,0,0,0.00176544339717371,0.00405159987014567,0.0269112793681062,9.61855819586312e-06,0,0.00356177515458436,0.000979732281880504,0,0,3.57229434814957e-07,0,0.00326722746140712,0.000329418472049914,0,8.84023919878827e-05,0,2.6004348454812e-06,0.0017303233333534,0,0.0266785450287495,1.40118076707163e-07,0.0030170870209361,0,0.000467283523533996,0,0.0025020191558873,0,0.00149363966007024,0.00495459353308486,0.000629021345940916,1.88157376954003e-05,0.00831841403932224,0.000190004524836537
2022,11,16,0.0158793516713285,0,0,0.00170571653397532,0.00394572181871584,0.0274416855541387,8.2521153465698e-06,0,0.00358094015276212,0.000962807141942329,0,0,2.74058952108874e-07,0,0.00332573529619589,0.000307726844716848,0,8.63714975145163e-05,0,2.21492784955265e-06,0.0018193002055541,0,0.0278127310528086,1.01762273173302e-07,0.00303067577375104,0,0.000465988591175029,0,0.0023933239578822,0,0.00150583031863477,0.0050664102613757,0.000670130848656988,1.81979475680048e-05,0.00839475840564152,0.000191066658217672
2022,11,21,0.0155814245329516,0,0,0.00164549029420322,0.00384023095991276,0.0279540726724567,7.04386427891761e-06,0,0.00360229960006877,0.000946833801803754,0,0,2.17839145930636e-07,0,0.0033857994730018,0.000289045805156931,0,8.4633132945522e-05,0,1.88006299451084e-06,0.0019116809667489,0,0.0289193735551883,7.33819125322013e-08,0.00304432954912127,0,0.000464660582764216,0,0.00228681433737029,0,0.00151798085498064,0.00518052796358946,0.000713409580978432,1.76210387812399e-05,0.008470242081477,0.000192154913536537
2022,11,26,0.0152761153989649,0,0,0.00158493920869589,0.00373576827469098,0.0284478287287606,5.99071174065826e-06,0,0.00362557192200916,0.000931851425520295,0,0,1.53611484356736e-07,0,0.00344738597999484,0.000272767196552166,0,8.3213034293243e-05,0,1.59030800879108e-06,0.00200744631507216,0,0.0299910160448741,7.78138064935762e-23,0.00305804317722105,0,0.000463300007531442,0,0.00218257064909309,0,0.00153008422092367,0.00529689421037395,0.00075887273349536,1.70766817803459e-05,0.00854475752017179,0.000193262416276818
2022,12,1,0.0149641083466749,0,0,0.00152433334492159,0.003632615971917,0.0289211666848145,5.07410866524876e-06,0,0.00365060276232938,0.000917847002923182,0,0,1.47028111143733e-07,0,0.0035104235547909,0.000258683240537709,0,8.20079321744489e-05,0,1.34055027042574e-06,0.0021066322436467,0,0.0310208249538416,1.68229868495942e-22,0.00307181168190867,0,0.000461907404988369,0,0.00208082786576472,0,0.00154212424403906,0.00541545595023965,0.000806578654216534,1.65605955267582e-05,0.00861821715502776,0.000194413038886035
2022,12,6,0.014646142839022,0,0,0.00146381380020327,0.00353085089899425,0.0293726904020061,4.2688329990623e-06,0,0.00367697187671716,0.000904737089825897,0,0,1.55781068179185e-07,0,0.00357485188076321,0.000246274398316621,0,8.11002346668942e-05,0,1.12609524593367e-06,0.00220936988371944,0,0.0320019038970515,3.61126322023869e-22,0.00308563027723881,0,0.000460483344525109,0,0.00198168878249804,0,0.00155409763208745,0.00553614658483054,0.000856515494969488,1.60756076396446e-05,0.0086905318914201,0.000195596097922041
2022,12,11,0.0143228627838478,0,0,0.00140354572912525,0.0034309530707169,0.0298012766460908,3.57661322039494e-06,0,0.00370457038295056,0.000892616438625792,0,0,1.80555998906538e-07,0,0.0036406092664957,0.000235229868528679,0,8.05074355940853e-05,0,9.19239152311895e-07,0.00231555042797656,0,0.0329275948883214,7.69705834367254e-22,0.00309949436343195,0,0.000459028424976625,0,0.00188525327492469,0,0.00156600736888249,0.00565890131631463,0.00090879593269283,1.56391939761906e-05,0.00876161602345789,0.000196823632361166
2022,12,16,0.013995069422426,0,0,0.00134373577468104,0.00333333394258305,0.0302054871889813,3.00822499042883e-06,0,0.00373306287680847,0.000881444339238417,0,0,1.97518935343765e-07,0,0.00370759865973805,0.000225233689502658,0,8.00414944962981e-05,0,7.67980787984459e-07,0.00242529224613824,0,0.0337915410176105,1.62892094206518e-21,0.003113399522315,0,0.00045754327415928,0,0.00179158066803333,0,0.00157783744085388,0.00578364781575324,0.000963456972928541,1.52239313980752e-05,0.0088313985926892,0.00019809984892358
2022,12,21,0.0136633787485143,0,0,0.00128451896591261,0.00323839129103834,0.0305843014185557,2.5086404238465e-06,0,0.00376230377252341,0.000871248917909821,0,0,2.68789522019414e-07,0,0.00377582674552087,0.000215923223041054,0,7.99190496731873e-05,0,6.39316009693317e-07,0.00253852883475228,0,0.0345877688843315,3.42282605766472e-21,0.00312734151224854,0,0.000456028548377987,0,0.0017007224046237,0,0.00158957280418187,0.00591026865860861,0.00102050009568531,1.4851571138521e-05,0.00889976231094401,0.00019942367811865
2022,12,26,0.0133285340668682,0,0,0.00122605190321858,0.00314622014326089,0.0309365256376676,2.09492860849457e-06,0,0.00379203094153169,0.000862012284504155,0,0,3.63078826678656e-07,0,0.00384519056065622,0.000207038965297411,0,7.99971923329872e-05,0,5.30303125549752e-07,0.0026552912769354,0,0.0353105539510404,7.14133237781961e-21,0.00314131626255734,0,0.000454484931904427,0,0.00161275837676224,0,0.00160123216043315,0.00603863965700386,0.00107997626449885,1.45125498214116e-05,0.00896664019391527,0.000200804004254225
2022,12,31,0.0129911977236541,0,0,0.00116848367897013,0.0030573702277638,0.0312612892163111,1.74280480357801e-06,0,0.00382184873151286,0.000853764188723257,0,0,4.86833183132672e-07,0,0.00391562319245588,0.000198700902518431,0,8.03617031002116e-05,0,4.38304748630303e-07,0.00277555152898961,0,0.0359549945214763,1.47939197522701e-20,0.00315531986748177,0,0.00045291313642685,0,0.00152771312917539,0,0.00161279314872791,0.00616865258415295,0.00114188524115288,1.42095997048862e-05,0.00903198162602512,0.000202248348449389
2023,1,5,0.012651965923746,0,0,0.00111197993868282,0.00297205770817045,0.0315574042066942,1.44434711649461e-06,0,0.00385166824577901,0.000846423212494416,0,0,6.47971865697019e-07,0,0.00398704539056744,0.000190487211977701,0,8.10320457019328e-05,0,3.60970364048321e-07,0.00289927598372872,0,0.0365167711828183,3.04296435321221e-20,0.00316934857966914,0,0.000451313900471978,0,0.00144566226987612,0,0.00162426239965675,0.00630012843996375,0.0012062688136416,1.39472396390505e-05,0.00909565484187618,0.000203756625835875
2023,1,10,0.0123115448678695,0,0,0.00105664077638074,0.00289053763795343,0.031824000113547,1.168359061196e-06,0,0.00388124661454683,0.000840125718170614,0,0,8.56121371791034e-07,0,0.00405938897923468,0.000182389547563099,0,8.1909161226507e-05,0,2.96217220075479e-07,0.00302649363822037,0,0.0369918476576796,6.21469852107944e-20,0.00318339199228232,0,0.000449687988799587,0,0.00136661772450707,0,0.00163562416279521,0.00643294968516409,0.00127311009302777,1.37225732115969e-05,0.00915761581494977,0.000205335009533357
2023,1,15,0.0119706273111221,0,0,0.0010026130120589,0.00281338887335018,0.0320605198382791,9.62078944673051e-07,0,0.00391051963535408,0.000834731293170424,0,0,1.18930264214346e-06,0,0.00413260663218257,0.000174275738217837,0,8.30223537511438e-05,0,2.42210206372972e-07,0.00315713117463773,0,0.0373769240310381,1.26023884168076e-19,0.00319746072414566,0,0.000448036191770328,0,0.00129048995975866,0,0.00164687280039041,0.00656693662435703,0.00134245899462837,1.35278246268886e-05,0.00921774962019263,0.000206988727504905
2023,1,20,0.0116297122829114,0,0,0.000949974514530872,0.00274043210006216,0.0322662432170548,7.89118170190437e-07,0,0.00393921643612974,0.000830301014226025,0,0,1.55998640780768e-06,0,0.00420662478745716,0.000166022445396757,0,8.44199664410921e-05,0,1.97341289622055e-07,0.00329112821426083,0,0.037669476023613,2.53743689630556e-19,0.00321154417223735,0,0.000446359324687423,0,0.0012173499163596,0,0.00165800275203874,0.00670188728216791,0.00141428671157742,1.33780129180408e-05,0.00927603431047454,0.000208725175273613
2023,1,25,0.0112892764272661,0,0,0.000898840495022588,0.00267231566498883,0.0324403727948312,6.44713905783805e-07,0,0.00396692223731226,0.00082679342060451,0,0,2.02739535060095e-06,0,0.00428134849337378,0.000157628429264084,0,8.60889827747992e-05,0,1.60208985615393e-07,0.00342847048592214,0,0.0378675758533022,5.07279409663456e-19,0.00322563220159347,0,0.00044465822711285,0,0.00114724767669135,0,0.00166899607665729,0.00683761033678701,0.00148859979494397,1.32724131353148e-05,0.00933231013045169,0.000210548173387406
2023,1,30,0.0109499515464443,0,0,0.000849277133914119,0.00260922609801832,0.032582511428714,5.104914838404e-07,0,0.00399369334914027,0.000824275908049498,0,0,2.6168489769438e-06,0,0.00435672611675947,0.000149151579102835,0,8.80201265867388e-05,0,1.29598259569135e-07,0.00356907664360248,0,0.0379700659361754,1.00695210354374e-18,0.00323972267537111,0,0.000442933762158691,0,0.0010800311024818,0,0.00167986990690403,0.00697389392251521,0.00156538721830006,1.32011303505632e-05,0.00938658921214719,0.000212458898439835
2023,2,4,0.0106123172163776,0,0,0.000801381614805091,0.00255114638405724,0.0326920542804143,3.8486374370422e-07,0,0.00401925287535643,0.000822733973408551,0,0,3.3547722303542e-06,0,0.0044326713227177,0.000140520108251718,0,9.02608053974727e-05,0,1.0446116487148e-07,0.00371287584031422,0,0.0379764439232459,1.98463198676454e-18,0.00325383294197832,0,0.000441186815754317,0,0.00101571058774537,0,0.00169060610322369,0.00711052187297444,0.00164463001945433,1.31725998646668e-05,0.00943874905736864,0.000214460614077115
2023,2,9,0.0102767858422957,0,0,0.00075521161427523,0.00249857149975772,0.0327689153180489,3.12093497876324e-07,0,0.00404334839367954,0.000822150347664455,0,0,4.27183229628065e-06,0,0.00450910844827265,0.000131704495324997,0,9.27733936035243e-05,0,8.38984560095232e-08,0.00385978741440963,0,0.0378868553300264,3.8838348501416e-18,0.00326791898515278,0,0.000439418295890119,0,0.00095426648649679,0,0.00170120234214667,0.00724724336340534,0.00172628449439031,1.31932705982958e-05,0.00948874022954034,0.00021656174546451
2023,2,14,0.00994386398108161,0,0,0.000710812793769428,0.00245190545479206,0.032812806110974,2.52037551546285e-07,0,0.00406590976649757,0.000822552606291393,0,0,5.40325832122686e-06,0,0.00458593943782521,0.000122893380554053,0,9.55759930004691e-05,0,6.71423448543133e-08,0.00400972073232341,0,0.0377021549245723,7.54659626983281e-18,0.00328202686550335,0,0.000437629131838518,0,0.00089561826168193,0,0.00171165110494961,0.00738381803700893,0.00181036357694405,1.32546435980085e-05,0.00953651128854164,0.000218762084609075
2023,2,19,0.009614305213048,0,0,0.000668255295127909,0.00241118802376668,0.0328235231442129,2.02697622967652e-07,0,0.00408678768309191,0.000823901310642672,0,0,6.82306300762293e-06,0,0.0046631212863922,0.000114028552701611,0,9.86641895412973e-05,0,5.354051126446e-08,0.00416255881320477,0,0.0374238021747916,1.45596546329895e-17,0.00329613207527883,0,0.00043582027335299,0,0.000839645552706619,0,0.0017219594367719,0.00751998836739957,0.00189679694479889,1.3363432763898e-05,0.00958196459022111,0.000221066219152147
2023,2,24,0.00928826910428725,0,0,0.000627535375958056,0.00237631945187605,0.0328010576529235,1.62343533247359e-07,0,0.00410571462291469,0.000826196060847177,0,0,8.59314076882719e-06,0,0.00474057431686107,0.000105208200833772,0,0.000102015594638895,0,4.2541429171378e-08,0.00431822520689936,0,0.0370541077805068,2.78907777161931e-17,0.00331020498182668,0,0.00043399268984589,0,0.000786440550142756,0,0.001732107128816,0.00765548734547744,0.00198554646669815,1.35123604761678e-05,0.00962508438139007,0.00022347830072343
2023,3,1,0.00896627614714897,0,0,0.000588774345394951,0.00234796638753357,0.0327455320187618,1.29486450941516e-07,0,0.00412281611576221,0.000829423746785004,0,0,1.06763408813941e-05,0,0.00481819704842972,9.6498298234206e-05,0,0.000105709955893563,0,3.3681027729551e-08,0.0044765629661628,0,0.0365957518172649,5.30493137399574e-17,0.00332429897776324,0,0.00043214736954586,0,0.00073577156682574,0,0.00174210173012987,0.00779005018191767,0.00207656901616047,1.37097332941867e-05,0.00966577455901658,0.000225996896144988
2023,3,6,0.00864868781072761,0,0,0.000551939577946662,0.00232630268887657,0.0326570098157052,1.02852942326061e-07,0,0.00413781989907148,0.000833641601427238,0,0,1.31894197833207e-05,0,0.00489592171702994,8.79798783729015e-05,0,0.000109767074020494,0,2.65706733256562e-08,0.00463747741705088,0,0.0360522881317403,1.00186339770872e-16,0.00333838276152892,0,0.000430285318635623,0,0.000687559872920334,0,0.00175193227258803,0.00792337421233728,0.00216979381321443,1.39626618937588e-05,0.00970396099952923,0.000228626700837481
2023,3,11,0.00833594880438806,0,0,0.0005170143024672,0.00231165505979735,0.0325358290660917,8.13602430274285e-08,0,0.00415071197669724,0.000838793809517377,0,0,1.61868986456908e-05,0,0.00497367989250089,7.97330645756589e-05,0,0.000114096617410173,0,2.45479599851699e-13,0.00480080721762726,0,0.0354276851539065,1.87865418778459e-16,0.00335244034052719,0,0.000428407560371003,0,0.00064195570661638,0,0.00176159747154812,0.00805517898720556,0.00226514858020974,1.42632448227834e-05,0.00973958881684361,0.000231372555995902
2023,3,16,0.00802842738095152,0,0,0.00048403411612275,0.00230366662065086,0.0323823060579564,6.40930518202156e-08,0,0.00416130504502161,0.000844994806204987,0,0,1.9745963988336e-05,0,0.00505137855378375,7.17871124891386e-05,0,0.000118761740926618,0,3.5632020650733e-13,0.00496640050647377,0,0.0347265443503927,3.49779839465714e-16,0.00336649023792436,0,0.000426515134181998,0,0.000598723509754538,0,0.00177108359876927,0.00818518062066901,0.00236255653216301,1.46184156721038e-05,0.00977265176120547,0.000234235824106156
2023,3,21,0.00772649364634892,0,0,0.000452999273155457,0.00230308981211723,0.0321970917564256,5.02820468610098e-08,0,0.00416973318916298,0.000852115755136005,0,0,2.39447774585977e-05,0,0.00512892610563673,6.42007837404436e-05,0,0.000123760027738035,0,5.15357829362628e-13,0.00513409530579378,0,0.0339539898481494,6.4662471162465e-16,0.00338052958423855,0,0.000424609094756791,0,0.000557762994818577,0,0.00178039617006996,0.00831306013498896,0.00246192285403541,1.50297763723873e-05,0.00980303020143813,0.000237215721612434
2023,3,26,0.00743029912241627,0,0,0.000423914821097815,0.00230964444018936,0.0319806211976778,3.92842388405521e-08,0,0.00417556905281586,0.000860241463509968,0,0,2.88670865021852e-05,0,0.00520625195047621,5.70241051674118e-05,0,0.000129205135684134,0,7.42712421501902e-13,0.00530371965478512,0,0.033115885626956,1.18691444647609e-15,0.00339454247198134,0,0.000422690511109551,0,0.000519001431849169,0,0.00178952499395339,0.00843852489619068,0.00256315644838618,1.55034398490505e-05,0.00983074202331968,0.000240313217933437
2023,3,31,0.0071404206293123,0,0,0.000396757174180796,0.00232392704260913,0.0317334897047087,1.8237237890885e-08,0,0.00417887627312505,0.00086929971234175,0,0,3.4659302362951e-05,0,0.00528326383898065,5.02651761356076e-05,0,0.000134989077410093,0,1.06653688241086e-12,0.00547509178394226,0,0.0322181485509581,2.16319728157104e-15,0.0034085328521282,0,0.000420760465632928,0,0.000482361964010887,0,0.00179847517820402,0.00856125572730694,0.00266619048248914,1.60369660320332e-05,0.00985570288143212,0.000243529330628264
2023,4,5,0.00685698924228517,0,0,0.000371556943880071,0.00234582114797044,0.0314565068569384,1.05012875159995e-13,0,0.00417974235106471,0.000879307474691476,0,0,4.13232180342857e-05,0,0.00535990408518261,4.40279522833031e-05,0,0.000141150690318904,0,1.52606998976047e-12,0.00564802033073662,0,0.0312674018666172,3.91455532700727e-15,0.00342249916667144,0,0.000418820053136152,0,0.00044783208436627,0,0.00180723346005094,0.00868098239332793,0.00277087190843575,1.66376996543444e-05,0.0098778515007049,0.000246862313386334
2023,4,10,0.00658011376086917,0,0,0.000348279158325069,0.00237581560882817,0.0311504966587468,1.57847785278657e-13,0,0.00417817685031762,0.000890275769473594,0,0,4.8998145519581e-05,0,0.00543605511397725,3.82866414345399e-05,0,0.00014769379883225,0,2.17578715049008e-12,0.00582230459692001,0,0.0302705608622216,7.0336108642702e-15,0.00343643859359712,0,0.000416870379869643,0,0.000415282668711222,0,0.00181579315294245,0.00879738360288265,0.00287709981127672,1.72982203403898e-05,0.00989716171523848,0.000250313632225899
2023,4,15,0.00631035584750404,0,0,0.000326908818471418,0.00241388818618866,0.030816428998826,2.36283731665445e-13,0,0.0041741758069331,0.000902223165009715,0,0,5.7820637368374e-05,0,0.00551169371594652,3.30508988041726e-05,0,0.000154684162261892,0,3.09101950390555e-12,0.00599773484748751,0,0.0292346701808249,1.25482693797264e-14,0.00345034828788096,0,0.000414912562537071,0,0.000384604718093666,0,0.00182416646980592,0.00891015880433862,0.00298475540094873,1.80350814311305e-05,0.0099135748419799,0.000253880518381335
2023,4,20,0.00604772005388236,0,0,0.000307428999444066,0.00246010283083189,0.0304552121130375,3.52231823288781e-13,0,0.00416763036824123,0.000915131152240363,0,0,6.79144240681104e-05,0,0.00558667834822389,2.82898447240754e-05,0,0.000161944470733423,0,4.37552798029298e-12,0.00617409265112115,0,0.0281669665851023,2.22279250606052e-14,0.00346420626820134,0,0.000412947727295807,0,0.000355767740881888,0,0.00183233690471697,0.00901901109931597,0.00309368868773237,1.88391719740147e-05,0.00992710404542462,0.000257564600949567
2023,4,25,0.00579251574440632,0,0,0.000289798135276917,0.00251468858869949,0.0300678964002898,5.22905076347739e-13,0,0.00415850471823062,0.000929005520186215,0,0,7.93124901128897e-05,0,0.00566094130049596,2.40647662839851e-05,0,0.00016968170620892,0,6.17166817107697e-12,0.00635115126171764,0,0.0270749414134144,3.90952152875137e-14,0.0034780448124831,0,0.000410977008746714,0,0.000328652469878822,0,0.00184030748723227,0.00912364858355814,0.00320378853650211,1.97185715900892e-05,0.00993767549944418,0.000261360107420263
2023,4,30,0.00554503059352446,0,0,0.000274036460994888,0.00257801930042939,0.0296555971955461,7.73066186293018e-13,0,0.00414710529939513,0.000943815850926489,0,0,9.21400485767639e-05,0,0.00573443430631639,2.03157032351245e-05,0,0.000177865120963445,0,8.6739727183964e-12,0.00652867604038273,0,0.0259657453102438,6.82743994319942e-14,0.003491866561838,0,0.000409001548914248,0,0.000303267499651005,0,0.00184805952233171,0.00922378567568414,0.00331489892637623,2.06780347165739e-05,0.00994525503480028,0.000265267920468439
2023,5,5,0.00530531537114127,0,0,0.000260120986299856,0.00265023814918506,0.0292194894474553,1.13817778525997e-12,0,0.00413323059784589,0.00095960641758154,0,0,0.000106547415369489,0,0.0058070199963202,1.70198608553017e-05,0,0.000186549101284801,0,1.21472205942182e-11,0.00670642491705309,0,0.0248467087244792,1.18386385917225e-13,0.00350563394693434,0,0.000407022496217827,0,0.000279376973007293,0,0.00185561166456448,0.00931914442507446,0.00342686974798191,2.17213395886544e-05,0.00994981086153019,0.000269283353676023
2023,5,10,0.00507350483758617,0,0,0.000248019490992221,0.00273164788246791,0.0287608021754261,1.66879578174909e-12,0,0.00411704960896863,0.000976376943485704,0,0,0.000122664054604728,0,0.00587868558419029,1.41491665275817e-05,0,0.000195632951724106,0,1.69503693932587e-11,0.00688414889068574,0,0.0237246880315791,2.0382395822248e-13,0.00351935900158247,0,0.000405041004435467,0,0.000257056066701641,0,0.00186294200831028,0.00940945579026928,0.00353954515016206,2.28463954767655e-05,0.00995129761904881,0.000273406233799125
2023,5,15,0.00484982556234169,0,0,0.00023770248649196,0.00282211760283665,0.0282808127423694,2.43666596071945e-12,0,0.00409863881691244,0.000994088595348849,0,0,0.000140535942918337,0,0.00594932600302675,1.16717253651084e-05,0,0.000205263445188029,0,2.35681122489171e-11,0.00706159256673573,0,0.0226065641332907,3.48432209025521e-13,0.00353303852822137,0,0.000403058231660644,0,0.000236178952043078,0,0.00187006083671293,0.00949446087945797,0.00365278643472421,2.40641032802914e-05,0.00994970676761049,0.000277629941767496
2023,5,20,0.00463442794910536,0,0,0.000229176579276274,0.00292187332207972,0.0277808409800315,3.54314207214929e-12,0,0.00407790929067114,0.00101279515229578,0,0,0.00016033102259636,0,0.00601877242466455,9.55320313406199e-06,0,0.000215349648134059,0,3.26523024789828e-11,0.00723849473042764,0,0.0214982992826989,5.91413116071512e-13,0.00354664922811197,0,0.000401075339253399,0,0.000216602437810343,0,0.0018769672411003,0.00957391214491318,0.00376638711868833,2.53695069929384e-05,0.00994502854944259,0.000281950744227841
2023,5,25,0.00442733874729622,0,0,0.000222412492235085,0.00303120768791187,0.027262243204242,5.13075121860591e-12,0,0.00405521888622764,0.00103246659103501,0,0,0.000182074584767447,0,0.00608702095063359,7.7580891513978e-06,0,0.000226019586992729,0,4.50760867704356e-11,0.00741458895411564,0,0.0204058000433425,9.96720071361211e-13,0.00356020295253262,0,0.000399093490786663,0,0.000198452614425451,0,0.00188364308705479,0.00964757452356681,0.00388023175113948,2.67785386541359e-05,0.00993720775364115,0.000286367105894562
2023,5,30,0.00422874779543448,0,0,0.000217385085189293,0.00315048052814545,0.0267264061574933,7.39900324910728e-12,0,0.00403049348677934,0.00105310685027801,0,0,0.000205941861060929,0,0.00615406863281628,6.25080443471304e-06,0,0.00023724405968805,0,6.20043249509654e-11,0.00758960423682315,0,0.0193339203139875,1.6678809581305e-12,0.00357371677140167,0,0.000397113850988816,0,0.00018156392114511,0,0.0018901012148225,0.00971522651633629,0.00399411496023267,2.82830321857586e-05,0.00992625850197436,0.000290870182810669
2023,6,4,0.00403870886460633,0,0,0.000214081182878822,0.00327962118961966,0.0261747409160785,1.06258920868194e-11,0,0.004003976020441,0.00107471273137698,0,0,0.000231893053288868,0,0.00621974703340186,4.99663323519959e-06,0,0.000248971540325356,0,8.49847777974056e-11,0.00776326567385684,0,0.0182872014173732,2.77119120168155e-12,0.00358719417368457,0,0.000395137584683471,0,0.000165825506341072,0,0.00189632991731892,0.00977666119928334,0.00410786033629989,2.98935290567631e-05,0.00991214618836848,0.000295457856995043
2023,6,9,0.00385722650494651,0,0,0.000212515881924184,0.00341887730659483,0.0256086767985251,1.5196989251715e-11,0,0.00397577347543822,0.00109725986543595,0,0,0.000260059342452111,0,0.00628397876739011,3.9624682738495e-06,0,0.00026126985225461,0,1.1606564387948e-10,0.00793529515420286,0,0.017269730703828,4.57169792874435e-12,0.00360060256441879,0,0.0003931658557275,0,0.000151204514999284,0,0.00190232617304252,0.00983167112445356,0.00422127594014442,3.16126031506437e-05,0.00989485673757199,0.000300124379839149
2023,6,14,0.0036844200242598,0,0,0.000212679534303278,0.00356867339912308,0.0250296553113052,2.16446084363835e-11,0,0.00394596199324484,0.00112083097659895,0,0,0.000290529304234339,0,0.00634672739624061,3.11737080403964e-06,0,0.000274155498093364,0,1.57946355372753e-10,0.00810541208323735,0,0.0162846053487095,7.48855729677012e-12,0.00361394577017404,0,0.000391199825948301,0,0.000137642919690937,0,0.00190809380892181,0.00988011577550141,0.00433421661086431,3.34412209751677e-05,0.00987436326939428,0.000304860816298063
2023,6,19,0.00352045779083041,0,0,0.00021455083039176,0.00372894304516982,0.0244391241667751,3.07002549455761e-11,0,0.0039147905078887,0.00114533008849648,0,0,0.000323376382722375,0,0.00640787284445913,2.43295554364011e-06,0,0.000287649822140353,0,2.14170137306176e-10,0.00827330077855924,0,0.0153342847183006,1.21794697624194e-11,0.00362721336142342,0,0.000389240654081317,0,0.000125058779137617,0,0.00191362732209132,0.00992181839825662,0.0044464550309509,3.53872945075523e-05,0.00985064286898614,0.000309664737295038
2023,6,24,0.0033652817870334,0,0,0.000218114507282951,0.00389999384416769,0.0238385314070221,4.33645006974777e-11,0,0.00388242180745715,0.00117080965194423,0,0,0.000358561967840995,0,0.00646741118505383,1.84945424060162e-06,0,0.000301729252803703,0,2.89368733460024e-10,0.00843874867854935,0,0.0144206955023182,1.96683623433156e-11,0.0036404080506635,0,0.000387289494708809,0,0.000113407545486039,0,0.00191893015354497,0.0099566389552249,0.00455781652240115,3.74583054851018e-05,0.00982375527767516,0.00031452633138824
2023,6,29,0.00321885993848766,0,0,0.000223380385128765,0.00408194424617434,0.0232293196657876,6.09995858346607e-11,0,0.00384882678519965,0.00119726427081254,0,0,0.000396178714135066,0,0.00652517015060233,1.42297685015498e-06,0,0.000316440539785539,0,3.89571945254703e-10,0.00860143442800281,0,0.0135453487399791,3.15367992837731e-11,0.00365351359347173,0,0.000385347497200897,0,0.000102680808045463,0,0.00192399058035891,0.00998445580915773,0.00466812538537381,3.96559482982602e-05,0.00979367911068111,0.00031944066006196
2023,7,4,0.00308121199470535,0,0,0.000230324444857694,0.00427526622001604,0.0226129205989121,8.54514895874399e-11,0,0.00381443413090924,0.00122467394319312,0,0,0.000436149968647206,0,0.00658119682105187,1.08584725414182e-06,0,0.000331815515749335,0,5.22597257874039e-10,0.00876107518583961,0,0.0127086078897029,5.02084277665719e-11,0.00366655934516202,0,0.000383415804659862,0,9.2815684732286e-05,0,0.00192881268035889,0.010005166213769,0.004777231913557,4.19828936435312e-05,0.00976037861856057,0.00032439742046979
2023,7,9,0.00295250828021602,0,0,0.000238973933593699,0.00447991281926993,0.0219907495118297,1.19209989977058e-10,0,0.00377924747568254,0.00125303385563081,0,0,0.000478551172448984,0,0.00663539683522369,8.21781383221538e-07,0,0.000347845922825002,0,6.98537879438054e-10,0.0089173895185917,0,0.0119110208531308,7.93679612362637e-11,0.003679498646333,0,0.000381495552868712,0,8.37406423942512e-05,0,0.00193339094673181,0.0100186867052247,0.00488491521169771,4.44443802106159e-05,0.00972385973152007,0.000329392790439112
2023,7,14,0.00283234054586386,0,0,0.000249367385110399,0.00469620081882964,0.0213642002105521,1.65617404391931e-10,0,0.00374361431860658,0.00128237047050267,0,0,0.000523383367385525,0,0.00668767087246338,6.16822941096952e-07,0,0.000364566350397894,0,9.30371029332469e-10,0.00907009821536529,0,0.0111525464914034,1.24572856040585e-10,0.00369236305684557,0,0.000379587869245007,0,7.54082458568918e-05,0,0.00193772027252255,0.0100249533928805,0.00499101278032513,4.70481320091271e-05,0.00968416159690582,0.000334415836534086
2023,7,19,0.00272116977078912,0,0,0.000261453931084192,0.00492431201702053,0.0207346401003382,2.29139336466799e-10,0,0.00370745010750171,0.00131265492959296,0,0,0.000570556424140232,0,0.00673799817347445,4.59178341847955e-07,0,0.000382039509493672,0,1.23471230907927e-09,0.00921892510700725,0,0.0104320254722265,1.94138295803851e-10,0.00370512622196839,0,0.000377693871800937,0,6.77271680310685e-05,0,0.00194180205846194,0.010023922148516,0.00509529596362027,4.97964494340795e-05,0.00964126047045973,0.000339460383307957
2023,7,24,0.00261858910217202,0,0,0.000275240737078086,0.00516456083289451,0.0201034055538828,3.1571391842338e-10,0,0.0036713051149273,0.00134391043527662,0,0,0.00062005965166578,0,0.00678623773839399,3.39015013303934e-07,0,0.000400256438663398,0,1.63274649121935e-09,0.00936359788611257,0,0.00974885833528242,3.00405997472716e-10,0.00371781060652991,0,0.000375814668110627,0,6.07297120066294e-05,0,0.00194562797983878,0.0100155686940863,0.00519764788543881,5.26969632581652e-05,0.00959518310234386,0.00034451694028443
2023,7,29,0.00252485543236931,0,0,0.000290768966773178,0.00541711985614376,0.0194717975683898,4.33199803255961e-10,0,0.00363514391839612,0.00137611665994627,0,0,0.000671865272467589,0,0.00683235602566896,2.4824077914394e-07,0,0.000419208836094051,0,2.15137007157544e-09,0.00950384892447435,0,0.00910190823570458,4.61546624761962e-10,0.00373038285194405,0,0.000373951354285658,0,5.42830675426781e-05,0,0.00194921190064388,0.00999987354618106,0.00529787882122116,5.57532602227918e-05,0.00954594397193606,0.000349576883779346
2023,8,3,0.00243951538126185,0,0,0.000307992032615836,0.00568217261528821,0.0188410777283455,5.91947597701298e-10,0,0.00359938941242002,0.00140928042938586,0,0,0.000726080225304383,0,0.00687634140690333,1.80278517605259e-07,0,0.000438915796563274,0,2.82458643100193e-09,0.00963941608456054,0,0.00849045949070609,7.04096449464387e-10,0.00374283121128054,0,0.000372105013959762,0,4.84615707776597e-05,0,0.00195253281162694,0.00997688438688194,0.00539583129278225,5.89689417040976e-05,0.00949357812143669,0.00035463140666567
2023,8,8,0.00236286730853263,0,0,0.000326940947713528,0.00596003468302667,0.0182124644882141,8.05524599068771e-10,0,0.00356419137260285,0.00144338543725285,0,0,0.000782417827132557,0,0.00691807112620429,1.29846871180064e-07,0,0.000459399942234392,0,3.69520040148888e-09,0.0097700435216028,0,0.00791268715644297,1.06649377226417e-09,0.00375516460098501,0,0.000370276717283661,0,4.3210544630467e-05,0,0.00195560816063061,0.00994660433121346,0.00549130165671616,6.23521557395747e-05,0.00943810432496672,0.000359671543125202
2023,8,13,0.00229478604320632,0,0,0.000347605720926861,0.00625087332787377,0.0175871297866445,1.09162865981038e-09,0,0.00352964420308062,0.00147845713222893,0,0,0.000840969809698552,0,0.00695757065899709,9.27546430578866e-08,0,0.000480724617058055,0,4.8168653530573e-09,0.00989548247290342,0,0.00736719851350421,1.60396204664304e-09,0.00376738378684196,0,0.000368467519930994,0,3.84243950758812e-05,0,0.0019584262469854,0.00990910190898956,0.00558417102897187,6.59085388419046e-05,0.00937949643426811,0.000364688193865236
2023,8,18,0.00223490130357334,0,0,0.000369977928509371,0.00655487217581655,0.0169661960011464,1.47323378804402e-09,0,0.0034961364835953,0.0015145044528252,0,0,0.000901678422049437,0,0.00699478912031514,6.5713785537733e-08,0,0.000502899255980756,0,6.2565424975685e-09,0.0100154920310042,0,0.00685260120728182,2.39518711172222e-09,0.0037794893510913,0,0.000366678462116277,0,3.41085796216916e-05,0,0.00196098530412879,0.00986443801335661,0.00567429023218093,6.96380376585471e-05,0.00931783497679615,0.000369672151707984
2023,8,23,0.00218319937694367,0,0,0.00039413447453663,0.006872337561456,0.0163507332495764,1.98001770809523e-09,0,0.00346377683086672,0.00155147299265141,0,0,0.000964538961694084,0,0.00702966380727674,4.61736250518319e-08,0,0.000525947175046854,0,8.09743878179046e-09,0.0101298398974183,0,0.00636776558427448,3.55135754865439e-09,0.00379146093599958,0,0.000364910567625825,0,3.02309099894762e-05,0,0.00196327498726499,0.00981273250181991,0.00576149119509069,7.35501779299005e-05,0.00925314834806566,0.000374614127460733
2023,8,28,0.00213976281227767,0,0,0.000420002149954087,0.00720343582851905,0.0157417570421988,2.65013002330231e-09,0,0.00343290099683556,0.00158940882952316,0,0,0.0010294422854872,0,0.00706206812780469,3.21771900937174e-08,0,0.000549844524650733,0,1.04424962989017e-08,0.010238303113701,0,0.00591059509853402,5.22828130383936e-09,0.0038032852266573,0,0.000363164086555965,0,2.66921103283617e-05,0,0.00196531215729484,0.00975407962154713,0.00584563788416143,7.76487336654423e-05,0.00918543599409014,0.000379504775975176
2023,9,2,0.00210424837656076,0,0,0.000447584123425229,0.00754837468265757,0.0151402262855702,3.53236876556122e-09,0,0.00340357652149668,0.001628273518644,0,0,0.00109643652213838,0,0.00709202305360922,2.223918761956e-08,0,0.000574643482515046,0,1.34185123076872e-08,0.0103406687667265,0,0.00548073008995233,7.64245848648554e-09,0.0038149703049454,0,0.000361441559432522,0,2.35113311086526e-05,0,0.00196707939400891,0.00968860268548405,0.00592662830277639,8.19415878769242e-05,0.00911470545043588,0.000384334722305217
2023,9,7,0.00207676817304665,0,0,0.000476836501033143,0.00790735236417603,0.0145470416370595,4.68884284165434e-09,0,0.00337611232503704,0.00166805949394938,0,0,0.00116551327713182,0,0.0071195519472083,1.52442611342169e-08,0,0.000600367793817458,0,1.71809743668957e-08,0.0104367346651478,0,0.00507615140460249,1.10921778593985e-08,0.00382650156631315,0,0.000359743156971501,0,2.0700629716162e-05,0,0.00196858215314034,0.00961641661785194,0.00600430925863292,8.64263092988126e-05,0.0090411188736765,0.000389094587873767
2023,9,12,0.00205681087776028,0,0,0.000507822218305368,0.00828055807340254,0.0139630442064793,6.19820797767333e-09,0,0.00335078551119364,0.00170876280898168,0,0,0.00123656829479761,0,0.00714450308979678,1.03635965753994e-08,0,0.000627038105867758,0,2.19196993508569e-08,0.0105263099841404,0,0.00469614500828289,1.59849085356616e-08,0.00383786591445997,0,0.000358069827937587,0,1.81825268781269e-05,0,0.00196982165306491,0.00953774417621907,0.0060785744437566,9.11117929560161e-05,0.0089646460484816,0.000393775016560556
2023,9,17,0.00204435584479342,0,0,0.000540449656572368,0.00866816174011186,0.0133890145990819,8.15957391015745e-09,0,0.00332774558204984,0.00175040133532182,0,0,0.00130959294758039,0,0.00716692298870078,6.98765213333564e-09,0,0.000654661051146173,0,2.79556837158908e-08,0.0106092158756705,0,0.00433930781805935,2.28724707562747e-08,0.00384905013431918,0,0.000356422500044118,0,1.58660132280115e-05,0,0.00197079666110341,0.00945273549006102,0.00614930925848921,9.60026764688859e-05,0.00888531852508545,0.000398366700624842
2023,9,22,0.00203930331051243,0,0,0.000574750734345723,0.00907030493957621,0.012825672292079,1.06971903592436e-08,0,0.0033070646747618,0.0017929561385739,0,0,0.00138456630041761,0,0.00718677836200399,4.6727087488995e-09,0,0.000683272907271634,0,3.54203055303996e-08,0.0106852860416843,0,0.00400455040200842,3.2495677866578e-08,0.00386007511535125,0,0.000354802079080713,0,1.38737960935687e-05,0,0.00197150546920534,0.00936154567065335,0.00621643977224936,0.000101103120869308,0.00880320661175457,0.000402860406379005
2023,9,27,0.00204147913926181,0,0,0.000610684845377138,0.00948718067987653,0.0122736753348947,1.39660282075346e-08,0,0.0032892529389229,0.00183642735145434,0,0,0.00146143210978447,0,0.00720394932776883,3.09900877771809e-09,0,0.000712910281388118,0,4.47183992512855e-08,0.01075436726778,0,0.00369103734137327,4.58403278702535e-08,0.003870918210085,0,0.000353209448059963,0,1.20791070521911e-05,0,0.00197194066939499,0.00926440928743653,0.00627984508605992,0.000106418884000356,0.00871836479136287,0.000407246999531421
2023,10,2,0.00205058554248446,0,0,0.000648133923698463,0.00991898436560489,0.0117336203615669,2.95879594572738e-08,0,0.00327435794981684,0.0018808094965219,0,0,0.00154011947065273,0,0.00721847053056018,2.0384194699482e-09,0,0.000743566702059861,0,5.6256485916203e-08,0.0108163199151053,0,0.00339788578967709,6.42909309112236e-08,0.00388157226500669,0,0.000351645466384031,0,1.04883469969062e-05,0,0.00197209499887646,0.00916150460450803,0.0063394595014388,0.000111953020407311,0.00863083331969443,0.000411516483173318
2023,10,7,0.00206643781346913,0,0,0.000687099544517868,0.0103657907515921,0.011206042902076,3.84196926217047e-08,0,0.0032626291465047,0.00192606998105736,0,0,0.00162052848507792,0,0.00723035522451313,1.32978359105406e-09,0,0.000775265325575828,0,7.05199587644378e-08,0.0108710183684137,0,0.00312426570772027,8.94259746663295e-08,0.00389202928214767,0,0.000350110969031929,0,9.06228488961927e-06,0,0.001971986531875,0.00905307435942237,0.00639521190649168,0.000117707760035598,0.00854069344170196,0.000415662084785307
2023,10,12,0.00208877228028835,0,0,0.000727576704181321,0.010827677574898,0.01069141797792,6.52543553621886e-08,0,0.0032541404360417,0.00197228610440422,0,0,0.00170252531669586,0,0.00723954643348092,8.60369564342648e-10,0,0.000808055438997759,0,8.80856864028324e-08,0.0109183514384144,0,0.00286928410137255,1.23508400045624e-07,0.00390228199812681,0,0.000348606765768257,0,7.82792954746405e-06,0,0.00197160724921563,0.00893934975196043,0.00644705102029433,0.000123690446180388,0.00844801020401442,0.000419674001508655
2023,10,17,0.00211735191741575,0,0,0.000769403371800475,0.0113047737368578,0.0101901609659684,1.15509744303158e-07,0,0.00324913609964347,0.00201936456365631,0,0,0.00178593586583542,0,0.00724604013912889,5.52084769394683e-10,0,0.000841975332971206,0,1.0963602528407e-07,0.0109582227167576,0,0.00263174178111571,1.69375008683011e-07,0.00391232839921752,0,0.000347133640374158,0,6.76521693489854e-06,0,0.00197094688862893,0.00882058781247913,0.00649492778431381,0.000129902953938797,0.00835285198604689,0.00042354374204385
2023,10,22,0.00215206466908349,0,0,0.000812639228050181,0.0117971848754386,0.00970262871351638,1.48825109838796e-07,0,0.00324781993056169,0.00206732784661669,0,0,0.00187054024044937,0,0.00724976701407556,3.51352584108857e-10,0,0.000877018210436306,0,1.35974268563584e-07,0.0109905508822168,0,0.0024106053705421,2.3063409535312e-07,0.00392213318741007,0,0.000345692349901218,0,5.76803834357907e-06,0,0.00197001410023722,0.00869700747948235,0.0065387750091797,0.000136347808731261,0.00825530448173612,0.000427263033459587
2023,10,27,0.00219276749444395,0,0,0.000857125135000056,0.0123048979025974,0.00922912088654111,2.08576256572223e-07,0,0.00325037965852949,0.00211616840905464,0,0,0.00195614032114074,0,0.00725081065469816,2.21767140223716e-10,0,0.000913161487342772,0,1.68041526694755e-07,0.0110152699568502,0,0.00220569432652317,3.11831891325148e-07,0.00393171635104276,0,0.00034428362394903,0,4.96269500448122e-06,0,0.00196880467316395,0.0085688978924161,0.00657856450446626,0.000143028201477419,0.00815542247790137,0.000430823843010349
2023,11,1,0.00223891658412743,0,0,0.000902734263612057,0.0128279122466357,0.00876988153240968,3.85385420118957e-07,0,0.00325699491219984,0.00216587652725708,0,0,0.0020422989308729,0,0.00724908369746843,1.38825069170384e-10,0,0.000950484372182667,0,2.06934996018981e-07,0.0110323295111523,0,0.00201594591750569,4.18641294904353e-07,0.00394106907739141,0,0.000342906664514549,0,4.2582814903083e-06,0,0.00196732089896011,0.00843650517975551,0.00661427939299395,0.00014994505051193,0.00805327173493656,0.000434218399136416
2023,11,6,0.00229033398452627,0,0,0.000949411454287019,0.0133663454350495,0.00832510083772618,5.49840534313195e-07,0,0.00326779457622073,0.00221647272086592,0,0,0.00212869264631793,0,0.00724465284210286,8.61896782116887e-11,0,0.000988989749869935,0,2.53927524734491e-07,0.0110416948174384,0,0.00184039227501791,5.58071715875219e-07,0.00395016138623212,0,0.000341563711608018,0,3.62282277947246e-06,0,0.00196555261550018,0.00830009764041613,0.00664591119986333,0.000157104031306304,0.00794896363174599,0.000437439211590989
2023,11,11,0.00234698623611173,0,0,0.00099707683443885,0.0139200486788394,0.0078949170616127,7.8364193795133e-07,0,0.00328292865977006,0.00226789059572775,0,0,0.00221489547456361,0,0.00723748235488138,5.3071245302155e-11,0,0.00102868570266292,0,3.10488330831317e-07,0.0110433469509364,0,0.00167827723114318,7.3869728276096e-07,0.00395902626024861,0,0.000340256926635631,0,3.092928527499e-06,0,0.0019635089108405,0.0081599175216017,0.00667344454739849,0.000164503483002816,0.00784254795633122,0.000440479090642958
2023,11,16,0.00240828353174892,0,0,0.00104553410629441,0.0144890877477665,0.00747941862449829,1.03698521124295e-06,0,0.00330253767698064,0.00232014996756206,0,0,0.00230043273388867,0,0.00722755328328122,3.24100690081148e-11,0,0.00106963214629144,0,3.7830466398285e-07,0.0110372828382974,0,0.0015287852026574,9.70898728637798e-07,0.0039676191450542,0,0.000338984594847262,0,2.61009299929189e-06,0,0.00196118883518629,0.00801627415396446,0.00669688865580171,0.000172148326904754,0.00773416406676307,0.000443331165307767
2023,11,21,0.00247397238361516,0,0,0.00109474924309049,0.0150733086272656,0.00707864633243379,1.41514438043471e-06,0,0.00332675221254246,0.0023732560999558,0,0,0.00238478642752023,0,0.00721490821890022,1.96298640331003e-11,0,0.00111179426178066,0,4.59304133445018e-07,0.011023515253468,0,0.00139091405301044,1.26711200570331e-06,0.00397591872258806,0,0.000337748062968635,0,2.2172399164168e-06,0,0.00195858256004466,0.00786945943127359,0.0067162568473675,0.000180035996382362,0.00762386404588149,0.000445987949813223
2023,11,26,0.00254392994961514,0,0,0.00114456139223547,0.0156724112165168,0.00669259571704984,1.84837519293596e-06,0,0.00335561673426229,0.00242711556644465,0,0,0.00246740250425394,0,0.00719956674577466,1.17915605511093e-11,0,0.00115524581127913,0,5.55677347581739e-07,0.0110020727611025,0,0.00126408355117686,1.64207413895563e-06,0.00398395696511271,0,0.00033654639333964,0,1.87826634383129e-06,0,0.00195569311021413,0.00771973307182179,0.00673157125156904,0.000188170735579211,0.00751172426396774,0.000448445273563096
2023,12,1,0.00261789175058695,0,0,0.00119481048909701,0.0162866213748584,0.00632121947152329,2.4105518548284e-06,0,0.00338943553041536,0.00248184406673356,0,0,0.00254769972288042,0,0.00718149622553036,7.02492897748826e-12,0,0.00119997896009426,0,6.69900428998684e-07,0.01097299960792,0,0.00114761534973207,2.11305411460711e-06,0.00399168354648723,0,0.000335383170435133,0,1.5866709218827e-06,0,0.001952529442949,0.00756735512592037,0.00674286257767872,0.000196550707220586,0.00739784237254738,0.00045069624708153
2023,12,6,0.0026954378510652,0,0,0.00124535848470684,0.0169155429529942,0.00596436118431406,3.05241682187333e-06,0,0.00342815879778855,0.00253735761895743,0,0,0.00262507974344707,0,0.00716071483533596,4.15077553721419e-12,0,0.00124599588545489,0,8.04756884194392e-07,0.0109363555626411,0,0.00104060983977459,2.70005385426922e-06,0.00399913063913919,0,0.000334258053261583,0,1.33659296755351e-06,0,0.00194908775866857,0.00741263986523035,0.00675016986231825,0.000205175545491467,0.00728233249236521,0.000452735437055264
2023,12,11,0.00277610671836428,0,0,0.00129601745782756,0.0175588864544537,0.00562204179624967,3.97150654374812e-06,0,0.00347190237923316,0.00259364778276386,0,0,0.00269893800019962,0,0.00713729020505858,2.43239004626377e-12,0,0.00129332524806919,0,9.63358220398305e-07,0.010892215705356,0,0.000942335651509134,3.42596174325474e-06,0.00400626052187951,0,0.000333170707997785,0,1.12277191285841e-06,0,0.00194535859979884,0.00725584122293713,0.00675354019415646,0.000214044377981572,0.00716529381052029,0.000454557803986851
2023,12,16,0.00285963101271468,0,0,0.00134665323145662,0.0182163911844299,0.00529402217095865,5.02476636686543e-06,0,0.00352074168302594,0.00265072844866635,0,0,0.00276867487400951,0,0.00711122970275868,1.4136888897445e-12,0,0.00134197466333477,0,1.14916261763738e-06,0.0108406701673923,0,0.000851984483651728,4.3166389958166e-06,0.00401306455631081,0,0.000332120038767581,0,9.40505668269307e-07,0,0.00194135429640192,0.00709723432790512,0.00675302841798196,0.000223155805880382,0.00704685999601512,0.000456158713827094
2023,12,21,0.00294585112810543,0,0,0.00139705057067999,0.018887767942448,0.00498010938368557,6.27865927974246e-06,0,0.00357474003503208,0.00270853167842452,0,0,0.00283370667905672,0,0.00708254804576711,8.14875256063911e-13,0,0.00139197002193078,0,1.36599088432366e-06,0.0107818238229595,0,0.000769091472738146,5.40091762207542e-06,0.00401955452162296,0,0.00033110728801896,0,7.43964864789528e-07,0,0.00193705934739251,0.00693707352497959,0.00674869682036147,0.000232508244789303,0.00692708188973938,0.000457533948412692
2023,12,26,0.0030343230032774,0,0,0.00144710278273986,0.0195727625737305,0.00468008062566219,7.81349251524203e-06,0,0.00363394840057653,0.0027671432554468,0,0,0.00289347600950141,0,0.00705128473301485,4.65848900169828e-13,0,0.0014433360988489,0,1.61803885349465e-06,0.0107157959340444,0,0.000693051419224066,6.75836395585694e-06,0.00402567889390195,0,0.000330133596923242,0,6.21120026840107e-07,0,0.00193248361679929,0.00677567045621424,0.00674061479905409,0.000242098520509495,0.00680608442742317,0.000458679714692991
2023,12,31,0.00312456617510751,0,0,0.0014965675340299,0.0202708032291921,0.00439368583474019,9.71560674986503e-06,0,0.0036984051294047,0.00282646428747209,0,0,0.00294746105394549,0,0.00701744931006247,2.64128750448219e-13,0,0.00149606794345289,0,1.93311926407699e-06,0.0106427197502234,0,0.000623397874430031,8.36568779710807e-06,0.00403147872182698,0,0.000329198583940192,0,5.17047174541621e-07,0,0.00192763605664701,0.00661325302828763,0.00672885851828866,0.000251923861297764,0.00668398992005917,0.000459592652733446
2024,1,5,0.00321633473692538,0,0,0.001545289380126,0.0209817118268863,0.00412065030162977,1.19738804125283e-05,0,0.00376813572415624,0.00288652206006288,0,0,0.00299518357310222,0,0.00698108771848284,1.48526154690833e-13,0,0.00155018777741359,0,2.29667950121944e-06,0.0105627420652392,0,0.000559539294164603,1.0265180953029e-05,0.00403692857846825,0,0.000328300262595345,0,4.05709536081144e-07,0,0.00192250425934823,0.00645004856491289,0.0067135105519281,0.000261980587013996,0.00656087210274624,0.000460269842487091
2024,1,10,0.00330914837723807,0,0,0.00159305078116022,0.0217048557041213,0.00386067723811076,1.46999713406206e-05,0,0.00384315263283535,0.0029472600611528,0,0,0.00303621534152865,0,0.00694224928418328,8.28336610097324e-14,0,0.00160570780685993,0,2.73970978038655e-06,0.0104760227323576,0,0.000501005140317296,1.25114120264457e-05,0.00404201226604385,0,0.000327444970930379,0,3.36412676229489e-07,0,0.00191709492989555,0.00628635749896889,0.00669465951644385,0.000272264409267551,0.00643686074554639,0.000460708809328922
2024,1,15,0.00340290942346971,0,0,0.00163969048835895,0.0224395816074817,0.00361345029465744,1.79769304206675e-05,0,0.00392345506582213,0.00300872044637704,0,0,0.0030701829683303,0,0.00690095109441755,4.58170827642715e-14,0,0.00166262534648239,0,3.21066721765193e-06,0.0103827341406813,0,0.000447282408017503,1.51699314291203e-05,0.00404670685969292,0,0.000326629788345456,0,2.78118996860742e-07,0,0.00191139912162489,0.00612240556035697,0.00667239969550763,0.000282770419241546,0.00631204782149905,0.000460907528351575
2024,1,20,0.00349707239269037,0,0,0.001684989644757,0.0231855685279908,0.00337863601602282,2.19143726829543e-05,0,0.00400902883803095,0.00307087050834995,0,0,0.00309677112458491,0,0.00685722633115572,2.51341770033101e-14,0,0.00172099402801054,0,3.76115640703485e-06,0.0102830606547429,0,0.000398273740212094,1.82497115272802e-05,0.00405103140992432,0,0.000325854894082676,0,2.29239552135066e-07,0,0.00190542417870089,0.00595844712116698,0.00664683065787999,0.000293491469246834,0.00618658034562689,0.000460864427424154
2024,1,25,0.00359155984460054,0,0,0.00172878712808554,0.0239418753824981,0.00315588622445457,2.65941941106427e-05,0,0.00409984623688061,0.00313369479724758,0,0,0.00311572430729265,0,0.00681117842364076,1.36747237947565e-14,0,0.00178079064450288,0,4.38081383377242e-06,0.0101771980198347,0,0.00035333307142562,2.18120216090489e-05,0.00405496887416451,0,0.000325118925125993,0,1.88385934754942e-07,0,0.00189916734996888,0.005794679922196,0.00661805687013821,0.00030442478465542,0.00606056674736226,0.000460578389019352
2024,1,30,0.00368572286206688,0,0,0.00177086712768935,0.0247083098211438,0.00294484032134932,3.21489044295236e-05,0,0.00419586591679541,0.00319711982010369,0,0,0.00312684735254482,0,0.00676278628063119,7.3788573638431e-15,0,0.00184201670713094,0,5.08658819407643e-06,0.0100653527356551,0,0.000312465397035598,2.59033326709139e-05,0.00405847620869014,0,0.000324424392660153,0,1.54350079780891e-07,0,0.00189264209514437,0.00563134729398353,0.0065861873056437,0.000315561721410144,0.00593410215069498,0.000460048750817305
2024,2,4,0.0037794146062652,0,0,0.00181107319342633,0.0254834439469307,0.00274512749928616,3.87139993287257e-05,0,0.00429703282100481,0.00326122746459224,0,0,0.00313000496784375,0,0.00671216927630102,3.94890172657286e-15,0,0.00190468857233675,0,5.88777097700931e-06,0.00994774140095841,0,0.000275278663805795,3.05661111852004e-05,0.00406159990758654,0,0.000323768985825053,0,1.05988981803272e-07,0,0.00188583041837461,0.00546867790767057,0.00655133505100341,0.000326894803970824,0.00580728263073218,0.000459275305097716
2024,2,9,0.00387204708152543,0,0,0.00184919572820378,0.0262671027246636,0.00255636885750379,4.6440125098479e-05,0,0.00440327813144873,0.0033259144288334,0,0,0.00312512058115392,0,0.00665933389269556,2.09594650914142e-15,0,0.00196881192111785,0,6.81333053614378e-06,0.00982459003199195,0,0.000241716112522297,3.58431716501895e-05,0.00406428905543362,0,0.00032315211791654,0,8.6650133415164e-08,0,0.00187875201573307,0.00530684869448278,0.00651361691113531,0.000338415902023259,0.00568023909641791,0.000458258296934901
2024,2,14,0.00396356928872729,0,0,0.00188507827687204,0.0270581889331635,0.00237817941498887,5.54936346106439e-05,0,0.00451451924762591,0.00339120443807772,0,0,0.00311217480122742,0,0.00660435815093991,1.10331804694861e-15,0,0.00203439909498903,0,7.84088397996783e-06,0.00969613335758229,0,0.000211321521150629,4.17735419959383e-05,0.0040665288409897,0,0.000322581319304632,0,7.06223612852166e-08,0,0.00187139835259089,0.00514605999071974,0.00647315301390653,0.000350116229643336,0.00555308474793224,0.000456997457028949
2024,2,19,0.00405345464920781,0,0,0.00191856814432695,0.0278560841088008,0.00221017001641977,6.60569275546185e-05,0,0.00463065979524109,0.00345703856374459,0,0,0.00309120375185057,0,0.00654727674326444,5.76020457154654e-16,0,0.00210143814633168,0,9.01728733157982e-06,0.00956261409380175,0,0.000183858016568878,4.83923708310868e-05,0.00406836596463057,0,0.000322050290233088,0,5.73825330744025e-08,0,0.0018637707229112,0.00498650381105118,0.00643006641517767,0.00036198634663017,0.00542593000761253,0.000455495966579183
2024,2,24,0.00414137120449942,0,0,0.00194948982998543,0.0286597113089018,0.0020519491272499,7.83285239199953e-05,0,0.00475158966551225,0.00352346593334997,0,0,0.00306226346457374,0,0.00648817274662826,2.98257759651105e-16,0,0.00216993809917542,0,1.03350287135175e-05,0.00942428220119751,0,0.000159241602994658,5.57302333495658e-05,0.00406974251623369,0,0.000321558966557001,0,4.64816653869634e-08,0,0.00185586757710251,0.00482836829455339,0.00638448270496155,0.000374018076233272,0.00529890201792864,0.000453754317697554
2024,2,29,0.00422720584455149,0,0,0.00197769474584305,0.0294679164202963,0.0019031245152139,9.25228175398289e-05,0,0.00487718508599154,0.00359042359117875,0,0,0.00302557471821971,0,0.00642709561738141,1.531659586716e-16,0,0.00223988529848709,0,1.17955086850186e-05,0.00928139412760396,0,0.000137414144496457,6.38126321387844e-05,0.00407066424699811,0,0.000321106635703808,0,3.7536011812296e-08,0,0.00184769347367146,0.00467187294661358,0.00633652961528998,0.000386197104312892,0.0051720768597628,0.000451774526592868
2024,3,5,0.00431034254062453,0,0,0.00200302983782478,0.0302798755357694,0.00176330481649121,0.000108869455673238,0,0.00500730872373009,0.00365789138378542,0,0,0.00298128453718274,0,0.006364108912616,7.8009844824764e-17,0,0.00231130805020846,0,1.34488924125667e-05,0.00913421203958318,0,0.000117866316694511,7.26597411744605e-05,0.00407112354131186,0,0.000320698315954702,0,3.02189282233238e-08,0,0.00183925341030618,0.00451717594626335,0.00628633663028241,0.00039851375289529,0.0050455963756595,0.000449559035881732
2024,3,10,0.00439070456735756,0,0,0.00202540205797003,0.031094452451768,0.00163210098566004,0.000127612291398128,0,0.00514176860566463,0.00372584861860444,0,0,0.00292963832437152,0,0.00629927792323026,3.9405172483396e-17,0,0.00238418853855314,0,1.53165605567222e-05,0.00898300304554771,0,0.000100678796917381,8.22864290239629e-05,0.00407111228454913,0,0.000320329947409355,0,2.42535027881068e-08,0,0.00183054580401823,0.00436436818227935,0.00623403459882532,0.000410956026716737,0.00491955024979465,0.000447110706078023
2024,3,15,0.00446780496001658,0,0,0.002044680266892,0.0319106118019783,0.00150912762941706,0.000149007858274755,0,0.0052804885800297,0.00379424698791363,0,0,0.0028709310834872,0,0.0062326583037121,1.9741207343647e-17,0,0.00245852279189022,0,1.73746023081546e-05,0.00882803841361552,0,8.5477419069247e-05,9.27025798349433e-05,0.00407063585833794,0,0.000320000537432957,0,1.9405925768338e-08,0,0.00182156951957984,0.0042136603800193,0.00617975535020418,0.000423511317623332,0.00479402765625185,0.000444432806064926
2024,3,20,0.00454175459187544,0,0,0.00206076530169309,0.0327271304454239,0.00139400422482053,0.000173323321570748,0,0.00542324426826103,0.00386308035090562,0,0,0.00280550664831382,0,0.00616434197851277,9.80868630487142e-18,0,0.00253431381942942,0,1.97206873385063e-05,0.00866959278722868,0,7.21039275301449e-05,0.000103913708626608,0.00406967252566569,0,0.000319709142376802,0,1.5479564723889e-08,0,0.00181232995232206,0.00406514045914456,0.00612363131298063,0.000436166419930374,0.00466915071314239,0.000441529002585389
2024,3,25,0.00461200826741988,0,0,0.00207357268488485,0.0335428183642591,0.00128635622353452,0.000200833867505181,0,0.00556984587857381,0.00393235398975746,0,0,0.00273375664204482,0,0.00609438639555419,4.83353245700425e-18,0,0.00261152374949442,0,2.22654156888377e-05,0.00850794340153525,0,6.05288518145695e-05,0.000115990224976694,0.00406820820808217,0,0.00031945932673504,0,1.23097038849859e-08,0,0.00180283238459659,0.00391895480739388,0.00606579513737789,0.000448907548191183,0.00454502089910383,0.0004384024014328
2024,3,30,0.00467845329970719,0,0,0.00208303336160968,0.034356446643217,0.00118573808321558,0.000231819501608947,0,0.00572004705537134,0.00400203107166659,0,0,0.00265611894667211,0,0.00602286261269939,2.3623002249882e-18,0,0.00269018196112152,0,2.508132460678e-05,0.00834336930348864,0,5.05680992050246e-05,0.000128822173854856,0.00406623663790759,0,0.000319245433876568,0,9.75890185422292e-09,0,0.00179307585673569,0.00377520576997403,0.00600637932142672,0.000461720357368911,0.00442173914775816,0.000435059434953095
2024,4,4,0.00474081999091392,0,0,0.00208909431815493,0.0351667498930626,0.00109195592291371,0.000266561239468621,0,0.00587372705817604,0.00407205996436859,0,0,0.00257307547472858,0,0.00594984282396903,1.14504406946089e-18,0,0.00277026226574675,0,2.82160698910716e-05,0.00817615057856031,0,4.19916807508209e-05,0.000142459079298213,0.00406376456508032,0,0.000319073139116052,0,7.71291912546098e-09,0,0.00178306287387923,0.00363400835667902,0.00594551584113324,0.000474589965393861,0.00429941583186315,0.000431501929990086
2024,4,9,0.00479890702134434,0,0,0.0020917190740351,0.0359724289233651,0.00100456955714855,0.000305336687784952,0,0.0060305686034042,0.00414248821969563,0,0,0.00248514907193128,0,0.00587540023534693,5.50460259456059e-19,0,0.00285175265559478,0,3.16473860597175e-05,0.00800656758689108,0,3.45507909310014e-05,0.000156902650723807,0.00406076456528662,0,0.000318939676092156,0,6.07716583558259e-09,0,0.0017727931119613,0.00349552498031847,0.00588333578495767,0.000487499407403888,0.00417811279508091,0.000427739025569393
2024,4,14,0.00485250537799971,0,0,0.00209088804128697,0.0367721536617679,0.000923079179415121,0.000348415030692116,0,0.0061903764335473,0.00421324600616836,0,0,0.00239289943541717,0,0.00579960893969098,2.62449891506352e-19,0,0.0029346394196752,0,3.54285772313642e-05,0.0078349002116234,0,2.8243182409378e-05,0.00017215667302361,0.00405725874863825,0,0.000318841644535409,0,4.77362039859026e-09,0,0.0017622755258089,0.00335976298284718,0.00581996899293817,0.000500436130545754,0.00405793825674689,0.00042377405364091
2024,4,19,0.00490152361870927,0,0,0.00208659874609709,0.037564566315244,0.000847412514275935,0.000396051455388919,0,0.00635294772311041,0.00428426752376442,0,0,0.00229685846325779,0,0.00572254379105356,1.24103343749696e-19,0,0.00301890711743281,0,3.96410650395493e-05,0.00766142712206296,0,2.29883751921293e-05,0.000188228082691176,0.00405321299842739,0,0.000318780092297031,0,3.73817093573572e-09,0,0.00175150984444916,0.00322686073267162,0.00575554370085644,0.000513382024214644,0.00393897968892736,0.000419611836089946
2024,4,24,0.00494588333604901,0,0,0.00207886590943934,0.038348284767089,0.000777074546862212,0.000448481071944115,0,0.00651797320530584,0.00435558570849428,0,0,0.00219774929953865,0,0.00564426956331859,5.82019086134001e-20,0,0.00310453855463029,0,4.42110244854529e-05,0.00748642505421239,0,1.85819973667625e-05,0.000205127682240995,0.00404864951493498,0,0.000318756921372891,0,2.91833346477817e-09,0,0.00174049914998448,0.003096855848906,0.00569018618991795,0.000526320332393952,0.00382129207057739,0.00041526050194787
2024,4,29,0.00498542212886403,0,0,0.0020677213850207,0.0391219062016279,0.000711999825685425,0.000505912404144976,0,0.00668514276787823,0.00442718514097705,0,0,0.00209619604061352,0,0.0055648846446152,2.70712075625549e-20,0,0.00319151476156682,0,4.92085644239558e-05,0.00731016811110498,0,1.49087222176685e-05,0.000222943612143849,0.00404354181588182,0,0.000318767730067409,0,2.27130343059752e-09,0,0.00172923768173607,0.00296986357975826,0.00562402044250959,0.000539233908996688,0.003705038920123,0.000410724389244095
2024,5,4,0.00502006000048626,0,0,0.0020532139544915,0.0398840109468113,0.000651710278750887,0.000568520550831503,0,0.00685426371427936,0.00449902516238548,0,0,0.00199280400348308,0,0.00548445366198102,1.24880517310074e-20,0,0.00327981497373349,0,5.46820687731211e-05,0.0071329270852409,0,1.18736697694003e-05,0.000241577508848248,0.00403789850907113,0,0.000318815831022276,0,1.76230016280171e-09,0,0.00171774745402528,0.00284590642608559,0.00555716780469711,0.000552105253754039,0.00359022916887878,0.000406010262105689
2024,5,9,0.00504980424839703,0,0,0.00203540898154795,0.0406331665230723,0.000595918157387219,0.000636440139558834,0,0.00702500122788233,0.00457103605808728,0,0,0.00188822428632842,0,0.00540305326260931,5.71344969326732e-21,0,0.00336941661500246,0,6.07491937670313e-05,0.00695496880529504,0,9.44641574432222e-06,0.000261105199203632,0.00403167456703622,0,0.000318900469178493,0,1.36316707749059e-09,0,0.00170601926841258,0.00272503432235514,0.00548974665623243,0.000564916550050162,0.00347693945713372,0.000401126043053588
2024,5,14,0.00507451646507996,0,0,0.00201438792821401,0.041367931885008,0.000544347100311563,0.0007097582158263,0,0.00719705869923399,0.00464322095481665,0,0,0.00178310183803763,0,0.00532073807156225,2.59250011780675e-21,0,0.00346029528344334,0,6.7397404885208e-05,0.0067765555091234,0,7.46321834716026e-06,0.000281552343187873,0.00402493478963867,0,0.000319020991162393,0,1.05119377139598e-09,0,0.00169406003487969,0.0026072139168832,0.0054218720889534,0.000577649704596623,0.00336525865158456,0.000396079666599059
2024,5,19,0.00509424456482553,0,0,0.00199024773821202,0.0420868618406791,0.000496652937978743,0.000788507230606051,0,0.00737009184519645,0.00471556438596382,0,0,0.0016780672223047,0,0.0052376311720421,1.16669092599342e-21,0,0.00355242473985566,0,7.47080155336356e-05,0.00659794424494591,0,5.85530947654531e-06,0.000303025877729191,0.00401763922700966,0,0.000319172188076082,0,8.08129484073195e-10,0,0.00168187061504235,0.00249262619900521,0.00535365559457284,0.000590286388829564,0.00325527163497602,0.000390876578815474
2024,5,24,0.00510906958437738,0,0,0.00196310009389145,0.0427885116315774,0.000452751005396964,0.000872658305562682,0,0.00754387399970106,0.0047880232914604,0,0,0.00157369541087591,0,0.00515378494469292,5.20726301096621e-22,0,0.00364577689910211,0,8.26267788757315e-05,0.00641938630242798,0,4.56169283939892e-06,0.000325415767552592,0.00400979094198569,0,0.000319358003982769,0,6.1936064745069e-10,0,0.00166946405197813,0.00238120903940125,0.00528520476296714,0.000602806361077478,0.00314700529548851,0.000385525317892084
2024,5,29,0.00511892674346473,0,0,0.00193307055465921,0.0434714416546349,0.000411916880605542,0.000962114968245392,0,0.00771804129233246,0.00486058237569264,0,0,0.00147058807691939,0,0.00506926522419296,2.30504742814829e-22,0,0.00374032182432206,0,9.13099569622447e-05,0.00624112667522188,0,3.52892841108177e-06,0.000348797811485329,0.00400137262702522,0,0.000319573860083106,0,4.7322834182942e-10,0,0.00165683802485483,0.00227300365063774,0.0052166229921834,0.00061519459579437,0.00304053575070004,0.000380032533989465
2024,6,3,0.00512388268727575,0,0,0.00190029758622047,0.0441342223060422,0.000374588872159812,0.00105670755776375,0,0.00789226994284178,0.00493317049280881,0,0,0.00136936460670815,0,0.00498417033972227,1.01196822465444e-22,0,0.00383601368879305,0,0.000100772350782739,0.00606340355636294,0,2.71074544769101e-06,0.000373179724651989,0.00399237552773404,0,0.000319825157533801,0,3.60464390787653e-10,0,0.00164399374821556,0.00216801507422686,0.00514800921148526,0.000627430377635349,0.00293590482948525,0.000374408102200248
2024,6,8,0.00512419969419251,0,0,0.00186493149117526,0.044775438925133,0.000340295726859732,0.00115618850422045,0,0.00806618672441737,0.00500581434805131,0,0,0.00127042680754007,0,0.00489856428133268,4.40626430916786e-23,0,0.00393284809353273,0,0.000111102298740607,0.0058864478677462,0,2.06753318440316e-06,0.000398555934347856,0.00398281802565381,0,0.000320107163606145,0,2.73727526558637e-10,0,0.00163094188963816,0.00206625270444255,0.0050794576188488,0.000639494883035108,0.0028332134598082,0.000368658931956735
2024,6,13,0.00511981522411786,0,0,0.00182713325260427,0.0453936968151904,0.000308659674493185,0.00126022868179249,0,0.00823955329144076,0.00507842738998311,0,0,0.00117428938730548,0,0.0048125221311538,1.90279004948395e-23,0,0.00403077423720451,0,0.000122405445754686,0.00571048282473596,0,1.56575292663494e-06,0.000424924863145227,0.00397269090785169,0,0.000320418334924738,0,2.07223526662001e-10,0,0.00161768370232468,0.00196772643266478,0.00501105743439638,0.000651369281003738,0.00273248704087041,0.000362794967449801
2024,6,18,0.00511096974765551,0,0,0.00178707330320214,0.045987626316755,0.000279812225620801,0.00136841502532095,0,0.00841198214017071,0.00515102141580463,0,0,0.00108132303377947,0,0.00472611828395713,8.14944169423319e-24,0,0.00412975478512913,0,0.000134707857028028,0.00553572353678635,0,1.13201610685747e-06,0.000452212435199132,0.0039619924610358,0,0.000320759364302491,0,1.56395456062666e-10,0,0.00160422384580558,0.00187239829708755,0.00494289267131789,0.000663034781904947,0.00263368498543977,0.000356822273569469
2024,6,23,0.00509770228760224,0,0,0.00174493023326362,0.046555887907887,0.000253152084091738,0.00148024958329599,0,0.00858308996298974,0.00522356398859794,0,0,0.000991881972896558,0,0.00463941551679199,3.46163681104282e-24,0,0.0042297505671173,0,0.000148107226209771,0.00536237664477544,0,7.88089790155271e-07,0.000480370815843299,0.00395072806445975,0,0.00032112861228762,0,1.17672148773785e-10,0,0.00159056711344948,0.00178025185052952,0.00487504192587034,0.000674472686890083,0.00253692340385361,0.000350747277395021
2024,6,28,0.00508029383111124,0,0,0.00170088945138877,0.0470971773048593,0.000228531793289243,0.00159515015616009,0,0.00875263024274121,0.0052960091177794,0,0,0.000906266722097115,0,0.00455250914605746,1.45831654300624e-24,0,0.00433072059034915,0,0.000162707295445523,0.00519063999557909,0,5.88014469364651e-07,0.000509356255324513,0.00393887577920573,0,0.000321525195834095,0,8.82648363035483e-11,0,0.00157671842996598,0.00169131673274462,0.00480757818806785,0.000685664437808035,0.00244223106826653,0.00034457754859436
2024,7,3,0.00505886417500523,0,0,0.00165514181213949,0.0476102305359612,0.00020653315291259,0.00171245263812005,0,0.00892021034364001,0.00536832487469729,0,0,0.000824665746897883,0,0.00446545900206233,6.09310640926655e-25,0,0.00443262205552603,0,0.000178737717360862,0.00502070235423612,0,4.35410435944184e-07,0.000539012421432874,0.00392646351776622,0,0.000321948206288057,0,6.60033895626562e-11,0,0.0015626828486621,0.00160549895826696,0.00474056867467214,0.000696591667406405,0.00234970333738715,0.000338328285950104
2024,7,8,0.00503355872910319,0,0,0.00160788222504896,0.0480938289604801,0.000186356699212626,0.00183141514366368,0,0.00908544676064882,0.00544045108465148,0,0,0.000747406282057713,0,0.00437832491517241,2.52488952870515e-25,0,0.00453541037632407,0,0.00019614870862073,0.00485274315388271,0,3.19969191832468e-07,0.000569218227600788,0.00391346971734369,0,0.000322395973891147,0,4.92050005321515e-11,0,0.00154846252153733,0.00152280408695263,0.00467407468606652,0.00070723624963552,0.00225923193837946,0.00033200365985466
2024,7,13,0.00500469216643423,0,0,0.00155930825935708,0.0485468042045125,0.000167731306749603,0.00195122395751126,0,0.00924808730058833,0.00551241285193569,0,0,0.000674549311447467,0,0.00429119884125885,1.03767811666293e-25,0,0.00463903920217143,0,0.000215069009824559,0.00468693228346325,0,2.33354405321199e-07,0.000599841711922537,0.00389989609231422,0,0.000322869052659075,0,3.65693065889465e-11,0,0.00153406902733977,0.00144319693381835,0.00460815148854446,0.000717580349863941,0.00217092456622345,0.000325610071832861
2024,7,18,0.00497241962332214,0,0,0.00150961875862231,0.0489680429850465,0.000150616559745028,0.00207100129986434,0,0.00940756870014457,0.00558414695487773,0,0,0.00060616011670987,0,0.00420413709683071,4.22960288188605e-26,0,0.00474346044436355,0,0.000235638665461954,0.00452342991305729,0,1.68897162314783e-07,0.000630727094841336,0.00388576974106455,0,0.00032336568495987,0,2.709497115871e-11,0,0.00151950452019463,0.00136663381809521,0.00454284822346455,0.000727606474812123,0.00208478096395727,0.000319160804993037
2024,7,23,0.00493696281686092,0,0,0.00145901247895071,0.0493564917937693,0.000135128084206386,0.00218981484886217,0,0.00956392938473623,0.00565561995448666,0,0,0.00054229168758904,0,0.00411720647055397,1.70983100026891e-26,0,0.00484862430552282,0,0.000257953160253925,0.00436238635649953,0,1.21318550046245e-07,0.000661758317157704,0.00387106401563576,0,0.00032388486806635,0,2.00135966789584e-11,0,0.00150477153951958,0.00129311667480824,0.00447820784461867,0.000737297522009782,0.00200084796412008,0.000312660083086136
2024,7,28,0.00489843758554581,0,0,0.00140768676399455,0.049711161412278,0.000121055443564556,0.00230668891065187,0,0.00971658959980746,0.00572679806840341,0,0,0.000483011174516222,0,0.00403047230609919,6.85525222961672e-27,0,0.00495447931240121,0,0.000282212979315125,0.00420392520359404,0,8.64829665920335e-08,0.000692760938004775,0.00385578107743078,0,0.000324424826960544,0,1.47375766466464e-11,0,0.0014898819486683,0.00122249829863043,0.00441426708502763,0.000746636828582486,0.00191908528406402,0.0003061152394023
2024,8,2,0.00485731113952224,0,0,0.00135583626912001,0.0500311312308286,0.000108450102659401,0.00242061707611523,0,0.00986518326181529,0.00579764718740373,0,0,0.000428259290576449,0,0.00394399842563395,2.72590269407871e-27,0,0.00506097235201618,0,0.000308505490431247,0.00404821235767055,0,6.11832377176299e-08,0.000723502399109612,0.00383992986274139,0,0.0003249860584762,0,1.08191089178406e-11,0,0.00147483826846695,0.00115477899082057,0.00435105645422142,0.000755608219173768,0.00183953122903579,0.00029953751275003
2024,8,7,0.00481367989766089,0,0,0.00130365174624013,0.0503155533434395,9.67966141330075e-05,0.00253057615386638,0,0.0100095703679139,0.00586811894793327,0,0,0.000377896199178565,0,0.00385784705776792,1.07501349805649e-27,0,0.00516804871110203,0,0.000336911693778935,0.00389534907083698,0,4.29568909666606e-08,0.000753886177006251,0.00382351974466041,0,0.000325566706057761,0,7.91810746938447e-12,0,0.00145964039858912,0.00108990174203368,0.00428860026687825,0.000764196052810958,0.00176215672413553,0.000292935752552197
2024,8,12,0.00476777030473796,0,0,0.00125131889977314,0.0505636563930717,8.63131260666128e-05,0.00263554112346676,0,0.0101493360614449,0.00593820759673522,0,0,0.000331809344761775,0,0.00377207877004562,4.20469157020244e-28,0,0.00527565211885038,0,0.000367634795559759,0.0037454456090265,0,2.99317243364285e-08,0.000783787596832193,0.00380655347649365,0,0.000326164933940284,0,5.77717833418998e-12,0,0.00144430665437936,0.00102779118828815,0.00422691670349145,0.000772385268525722,0.00168697803036927,0.000286315789922429
2024,8,17,0.00471980452361808,0,0,0.00119901732303669,0.0507747491417392,7.70093184493191e-05,0.00273450081267392,0,0.0102842141720991,0.00600786306135618,0,0,0.000289943304807601,0,0.00368675240606758,1.63106410148728e-28,0,0.00538372479290536,0,0.00040079287108243,0.00359860222992493,0,2.06980361660532e-08,0.000813107554217598,0.00378902709545346,0,0.000326781187826327,0,4.20217987626473e-12,0,0.00142883058229542,0.000968359936201885,0.00416601790350663,0.000780161429544049,0.00161400790909801,0.000279684456427434
2024,8,22,0.00466999848837379,0,0,0.00114691952314641,0.0509482237417524,6.83657825911701e-05,0.00282647396960871,0,0.0104138077461629,0.00607702353469979,0,0,0.000252052246713598,0,0.00360191417318306,6.27515666423574e-29,0,0.00549220748857047,0,0.000436535710015895,0.00345490925437454,0,1.42044707032351e-08,0.00084182280561939,0.00377094443975987,0,0.000327413555986465,0,3.04717913767036e-12,0,0.0014132309186247,0.000911561171504456,0.00410591009112633,0.000787510765865206,0.00154318697120223,0.000273049660838634
2024,8,27,0.00461856008265928,0,0,0.00109519004117385,0.0510835586858536,6.0885532384215e-05,0.0029105253764478,0,0.0105379129999064,0.00614570874590005,0,0,0.000218003018554652,0,0.00351764197599679,2.39438936346727e-29,0,0.00560103955117553,0,0.000474909210490133,0.0033144471687429,0,9.6742983928756e-09,0.000869931449829392,0.00375230280341283,0,0.000328060905885174,0,2.20285452105127e-12,0,0.00139750427335209,0.000857440336049469,0.00404659373371844,0.000794420215054801,0.00147457250785872,0.000266419904344955
2024,9,1,0.0045656314318233,0,0,0.00104398467295719,0.0511803214157643,5.41282123017812e-05,0.00298578163681764,0,0.0106561975197721,0.00621385425506895,0,0,0.000187486942695456,0,0.00343397724970854,9.06111484067532e-30,0,0.00571015897154431,0,0.000516179777381026,0.00317728675687107,0,6.5390161664721e-09,0.000897388357044138,0.00373312125715877,0,0.000328721358862943,0,1.58758917937703e-12,0,0.00138166018264721,0.000805900845325794,0.00398805346853449,0.000800877461083721,0.00140808237333407,0.000259804355206407
2024,9,6,0.00451152097962055,0,0,0.000993449794569731,0.0512381705706078,4.82036272154378e-05,0.00305144626534228,0,0.0107682958943308,0.00628142420728475,0,0,0.000160461994387331,0,0.0033509714143655,3.40083180166053e-30,0,0.00581950244449427,0,0.000560431692664756,0.00304348926012149,0,4.38635576170026e-09,0.000924170428404598,0.00371339744356083,0,0.000329394519148975,0,1.14065662297678e-12,0,0.00136570818100813,0.000756728009421654,0.00393027997133055,0.00080687097105214,0.00134373596013857,0.000253208072015035
2024,9,11,0.00445633612583875,0,0,0.000943721795059703,0.0512568578587909,4.26990715854622e-05,0.00310681371526518,0,0.0108741411059348,0.00634838258046028,0,0,0.00013656974702146,0,0.00326867392243473,1.26591728519045e-30,0,0.0059290054302923,0,0.000607716620700453,0.00291310656396261,0,2.92007364033149e-09,0.000950584151557603,0.00369312336079697,0,0.000330079206519917,0,8.17026617814731e-13,0,0.00134965135180151,0.00070996727365384,0.00387329036282032,0.000812390029646119,0.00128153036608859,0.000246636083287767
2024,9,16,0.00440023781983946,0,0,0.000894926617700187,0.0512362295392033,3.76594715534493e-05,0.0031512819987988,0,0.0109733307523463,0.00641467961251599,0,0,0.000115544359025939,0,0.00318713222460126,4.67349911692521e-31,0,0.00603860221898176,0,0.000658241958020925,0.0027861814094532,0,1.92922225975028e-09,0.000976588501521937,0.00367233283837989,0,0.000330774259648886,0,5.83420879467409e-13,0,0.00133349620157778,0.000665485600036258,0.00381704025640196,0.000817424771183442,0.00122144043891789,0.000240098313404477
2024,9,21,0.00434337241766537,0,0,0.000847179409652008,0.0511762275000072,3.29848645359772e-05,0.00318436358450355,0,0.0110656824156474,0.006480307255003,0,0,9.71302531134243e-05,0,0.00310639174035282,1.71117985318477e-31,0,0.00614822599748823,0,0.000711986396646786,0.00266274762792727,0,1.26493798390692e-09,0.00100232091446633,0.00365101773806438,0,0.000331479195863307,0,4.15328957971866e-13,0,0.00131724632929868,0.000623225402578759,0.00376150487869375,0.000821966209115206,0.00116335839001361,0.000233600100633384
2024,9,26,0.00428587100801732,0,0,0.000800584278663046,0.0510768899258213,2.87895745627904e-05,0.00320569429578899,0,0.0111510104520437,0.0065452144158234,0,0,8.12621116593899e-05,0,0.00302649583331872,6.21392218031831e-32,0,0.00625780891940355,0,0.000769185345885722,0.00254283039712757,0,8.2310400111315e-10,0.00102800562883382,0.00362918477831051,0,0.000332192038724718,0,2.94758908884472e-13,0,0.00130091449068853,0.000583132688105018,0.00370665528826005,0.000826006262860253,0.00110740737626829,0.000227148725098367
2024,10,1,0.00422784896639892,0,0,0.000755234154222698,0.0509383515467305,2.52155068469426e-05,0.00321503998339405,0,0.0112290066366052,0.00660936465537549,0,0,6.75217440593889e-05,0,0.00294748579131747,2.23796154699199e-32,0,0.00636728217734004,0,0.000829828520443482,0.00242644651699456,0,5.31543364475577e-10,0.0010538449628434,0.00360683443712213,0,0.000332910821251804,0,2.08548058376604e-13,0,0.00128450120986047,0.00054515771790152,0.00365245873751258,0.000829537781860812,0.0010534379975615,0.000220749167824663
2024,10,6,0.00416940573932753,0,0,0.000711210749475039,0.0507608434652583,2.22593556385246e-05,0.00321230080091462,0,0.0112995774167889,0.006672707767866,0,0,5.58169633741033e-05,0,0.00286940081105512,7.99385172647267e-33,0,0.00647657607773919,0,0.000894006049674473,0.00231360470328654,0,3.4066004424546e-10,0.00108012984237155,0.00358398790458919,0,0.000333635869459811,0,1.47099041993289e-13,0,0.00126801926173173,0.00050921539115845,0.00359887905647753,0.0008325545667595,0.00100145150719007,0.000214407240178422
2024,10,11,0.00411062485699192,0,0,0.0006685846191817,0.0505446925601869,1.96974133941967e-05,0.00319751297428108,0,0.0113624870813183,0.00673523576421222,0,0,4.58287973826423e-05,0,0.00279227798740444,2.83188892602893e-33,0,0.00658562011801218,0,0.000961796905462368,0.00220430589718642,0,2.16671707214176e-10,0.00110689983321943,0.00356063915705328,0,0.000334365160941877,0,1.03437501244877e-13,0,0.00125146924056344,0.000475209583824633,0.00354587705588763,0.000835051387610256,0.000951415971080099,0.000208128497166339
2024,10,16,0.00405157416927102,0,0,0.000627415308126628,0.0502903204688922,1.65411168798375e-05,0.00317084802149562,0,0.0114175223695629,0.00679687003083653,0,0,3.7354197500368e-05,0,0.00271615230718323,9.94976905058392e-34,0,0.00669434306588244,0,0.00103316037308596,0.00209854358904036,0,1.36767126153435e-10,0.00113445884074392,0.00353681047105442,0,0.000335097463349981,0,7.25121329154451e-14,0,0.00123486404101895,0.00044308198696595,0.00349340043849122,0.000837023999048539,0.000903309675373303,0.000201917269621319
2024,10,21,0.00399230629667465,0,0,0.000587751583577519,0.0499982421526367,1.44100834980809e-05,0.00313260944572645,0,0.0114644588896326,0.0068576308002579,0,0,3.02754995274915e-05,0,0.0026410566473393,3.46710060324474e-34,0,0.00680267304079392,0,0.00110812656549422,0.00199630415437374,0,8.56761113616609e-11,0.00116301413395115,0.003512503171544,0,0.000335830814824458,0,5.06766411393612e-14,0,0.00121820723127371,0.000412700040468173,0.00344141799095791,0.000838469152359416,0.000857046951709962,0.000195780617788479
2024,10,26,0.00393285928458585,0,0,0.00054963174476914,0.0496690640520232,1.26126350713332e-05,0.00308322699077807,0,0.0115034434322959,0.00691745219554421,0,0,2.44103251411337e-05,0,0.00256702177743901,1.19821994733913e-34,0,0.00691053759724238,0,0.00118672290765205,0.00189756720033993,0,5.32643070393229e-11,0.00119281420388504,0.00348772620720806,0,0.000336564737241627,0,3.5307701556304e-14,0,0.00120150559013221,0.000384058520307575,0.0033898926791811,0.000839384604395624,0.000812674269045866,0.000189722208482775
2024,10,31,0.00387325744622883,0,0,0.000513084001854705,0.0493034818425125,1.07449007575563e-05,0.00302324861080601,0,0.0115342123182371,0.00697629798219415,0,0,1.95522136029878e-05,0,0.00249407636634631,4.10698678286849e-35,0,0.00701786380988111,0,0.00126906633216189,0.00180230592077646,0,3.28633116390422e-11,0.00122399007913232,0.00346248886796358,0,0.000337298716586326,0,2.45242398448281e-14,0,0.00118476590144416,0.000357114777882227,0.00333875657699627,0.000839769123311543,0.000770015334604047,0.000183746520435482
2024,11,5,0.00381351237710787,0,0,0.000478126916384409,0.0489022778025479,9.17550513036764e-06,0.002953330363844,0,0.0115566657466293,0.00703411815987528,0,0,1.54412105806923e-05,0,0.0024222469929701,1.39613277819826e-35,0,0.00712457836024687,0,0.00135487354741729,0.00171048745807181,0,2.0122636329928e-11,0.00125670046469437,0.00343680077519693,0,0.000338029267397366,0,1.69818947758252e-14,0,0.00116799494763325,0.000331700355332117,0.0032879723279702,0.000839622491092932,0.000729169113489473,0.000177857754357946
2024,11,10,0.00375362412130539,0,0,0.000444769895113218,0.0484663178093597,7.94177832557592e-06,0.00287422448939732,0,0.0115707727818005,0.00709089175982091,0,0,1.22144950647812e-05,0,0.00235155816094896,4.70702819949694e-36,0,0.00723060762494672,0,0.00144422557344904,0.00162207327008341,0,1.22280425389595e-11,0.00129123212784554,0.00341067187157421,0,0.000338757420548534,0,1.1723066245703e-14,0,0.00115119950321532,0.000307772657219257,0.0032375029950871,0.000838945502876305,0.000690037247631027,0.000172059831325236
2024,11,15,0.00369358246802884,0,0,0.000413013728809778,0.0479965479799441,6.51302560293765e-06,0.00278676597244802,0,0.0115763697507395,0.00714659689781592,0,0,9.56661312914519e-06,0,0.00228203231713424,1.57392319301056e-36,0,0.00733587776514141,0,0.00153699145728297,0.00153700189141983,0,7.37441395551792e-12,0.00132758742136076,0.0033841124104435,0,0.000339480446509479,0,8.0679049975853e-15,0,0.00113438335604732,0.000285326297617775,0.00318725812296603,0.000837739963065922,0.000652531323138455,0.000166356392025506
2024,11,20,0.00363336835518942,0,0,0.000382851167729247,0.0474939909769831,5.4170157520489e-06,0.00269185792848595,0,0.0115734273033796,0.00720118303557146,0,0,7.43526357548563e-06,0,0.00221368987372524,5.21959646553333e-37,0,0.00744031481715703,0,0.00163308305386335,0.00145524598652622,0,4.41363681708493e-12,0.00136594384171083,0.00335713294484938,0,0.000340197866181624,0,5.53534653858206e-15,0,0.0011175594097561,0.000264214772478322,0.00313723563741138,0.000836008678270319,0.000616691362605793,0.000160750796856397
2024,11,25,0.00357295535560138,0,0,0.000354267525517486,0.046959742001587,4.52277553553315e-06,0.00259045616577729,0,0.0115620152793153,0.00725461496181002,0,0,5.70308408912286e-06,0,0.0021465378872427,1.71674969919862e-37,0,0.00754384478405239,0,0.00173244778931409,0.00137676590440126,0,2.6215864522284e-12,0.00140646001301661,0.00332973739667878,0,0.000340909927911471,0,3.7861109547686e-15,0,0.00110072807346214,0.000244486316203463,0.00308738556399706,0.000833755447094159,0.000582468970520338,0.000155245161933624
2024,11,30,0.00351231122062705,0,0,0.000327241303523869,0.0463949644966762,3.65126485560668e-06,0.00248355329158258,0,0.0115421263839721,0.007306843815308,0,0,4.39505364976701e-06,0,0.00208061648597963,5.600073020427e-38,0,0.00764639372796645,0,0.00183486741714162,0.00130145181604241,0,1.54536219500346e-12,0.00144932945389967,0.00330195117843646,0,0.000341613080948397,0,2.58170337325897e-15,0,0.00108390244571253,0.00022593012150391,0.00303766204543176,0.000830985046834808,0.000549735297263037,0.000149844332823427
2024,12,5,0.00345139945576436,0,0,0.000301744827804661,0.0458008855865564,3.05149602150803e-06,0.00237216272842778,0,0.0115136705454647,0.00735786400179713,0,0,3.29595337664815e-06,0,0.00201592770154633,1.81174494450482e-38,0,0.00774788786306689,0,0.00194030986286019,0.00122931501112559,0,9.0405508352098e-13,0.00149470616437072,0.00327377826957974,0,0.000342307647135534,0,1.755027112941e-15,0,0.00106708582598359,0.000208618058047336,0.00298800053108169,0.000827703217146368,0.00051851296565141,0.000144549748110038
2024,12,10,0.00339018090278055,0,0,0.000277744891487613,0.0451787912797723,2.41792795122155e-06,0.00225730299521252,0,0.0114767369236059,0.00740762622725141,0,0,2.4806646301779e-06,0,0.00195248410312702,5.81322435908486e-39,0,0.0078482536489189,0,0.00204846794644917,0.00116025179179024,0,5.24877565951894e-13,0.0015426373476351,0.00324523030670658,0,0.000342990866341951,0,1.18939415784454e-15,0,0.00105028480808281,0.000192399224310128,0.00293833931247348,0.000823916640746853,0.00048873960235442,0.000139363665375185
2024,12,15,0.00332861530352772,0,0,0.000255203395629375,0.044530021463628,2.13565753342134e-06,0.00213998258668636,0,0.0114313779782338,0.00745609671147615,0,0,1.84536571955394e-06,0,0.00189029638468047,1.84992350095542e-39,0,0.00794741788409089,0,0.00215927648539367,0.0010941771799124,0,3.02426357160339e-13,0.00159338083293975,0.00321631916603653,0,0.000343662297831873,0,8.0358580155533e-16,0,0.00103350593315002,0.000177315013807268,0.00288871705096023,0.000819632921256732,0.000460355589593603,0.000134288074105837
2024,12,20,0.00326666282151576,0,0,0.000234077982218305,0.0438559647198392,1.62541154239423e-06,0.00202118575474096,0,0.0113776667125604,0.00750324212011414,0,0,1.38607492180989e-06,0,0.00182937340561823,5.8385783535767e-40,0,0.00804530779981279,0,0.00227249844484782,0.00103104096826641,0,1.72933756345296e-13,0.0016470806833228,0.00318705695056068,0,0.000344321515140349,0,5.41256582677339e-16,0,0.0010167527474331,0.000163210095024492,0.00283900927103148,0.00081486055826905,0.000433333395611413,0.000129323769616947
2024,12,25,0.00320428549864066,0,0,0.000214322653544094,0.0431580529916172,1.43477838941038e-06,0.00190185945743857,0,0.0113157323307986,0.00754901594774334,0,0,1.00324433685781e-06,0,0.00176972223396003,1.82758301978747e-40,0,0.00814185115350151,0,0.00238790179064542,0.000970784174270043,0,9.8138275238438e-14,0.00170394457018285,0.00315745597695981,0,0.00034496652179003,0,3.63444926442984e-16,0,0.00100003775794354,0.000150131909876747,0.00278927171331854,0.000809608919762824,0.0004076100941895,0.000124474189734369
2024,12,30,0.00314144862613987,0,0,0.000195888372759892,0.0424377561330761,1.17624065449674e-06,0.00178290169830859,0,0.0112455389148375,0.00759341421510754,0,0,7.43538923781245e-07,0,0.00171134819178558,5.67366610756578e-41,0,0.00823697632196786,0,0.00250527683631345,0.000913313715302883,0,5.52707778197833e-14,0.00176418499898053,0.00312752876231395,0,0.000345596135775256,0,2.43297985469709e-16,0,0.000983364142896472,0.000137954719577869,0.00273940798675693,0.000803888211982198,0.000383190019214451,0.000119739498630859
2025,1,4,0.00307812201083287,0,0,0.000178723641090499,0.0416965763721996,9.43440992970516e-07,0.00166515143091798,0,0.0111673590463263,0.00763637711191377,0,0,5.46903217490923e-07,0,0.00165425490280101,1.74689616888243e-41,0,0.00833061239411951,0,0.00262443816305273,0.000858552693891308,0,3.08923709428115e-14,0.001827972297982,0.00309728801062719,0,0.000346209186687279,0,1.62368918559411e-16,0,0.000966738173489705,0.000126571197282879,0.00268940606423368,0.000797709446913976,0.000359976775475868,0.000115119679991173
2025,1,9,0.00301428111996183,0,0,0.000162775047780205,0.0409360427187055,8.31235260550508e-07,0.00154938015383276,0,0.0110812844380913,0.00767790099372735,0,0,3.99233546372635e-07,0,0.00159844434183714,5.33441831056965e-42,0,0.00842268926297501,0,0.00274513528760456,0.000806406011105802,0,1.71358406510748e-14,0.00189550276695864,0.00306674659919108,0,0.000346803783926312,0,1.08026863347925e-16,0,0.000950166038621052,0.000115982719781818,0.00263925532729199,0.000791084407505578,0.000337974856802841,0.000110617554417044
2025,1,14,0.00294990809042612,0,0,0.000147987789515171,0.0401577053480003,7.31514787906178e-07,0.00143628527059972,0,0.0109875271866463,0.00771794096256111,0,0,2.89236670174053e-07,0,0.00154391688609723,1.61556227612465e-42,0,0.00851313771680566,0,0.00286715783957265,0.000756829675887119,0,9.43317949131814e-15,0.00196693983977647,0.00303591756481067,0,0.000347379535786041,0,7.16514720256898e-17,0,0.000933650861379044,0.000106224068882893,0.00258892875077516,0.000784025610774045,0.000317119270774663,0.000106232507343292
2025,1,19,0.00288499259085565,0,0,0.000134306156688097,0.0393631299920402,5.48678284164728e-07,0.00132648523996445,0,0.0108862057234643,0.00775646714237321,0,0,2.07964620503509e-07,0,0.00149067136797222,4.85262796713669e-43,0,0.00860188952922315,0,0.00299022820381637,0.00070972430639386,0,5.15358318654555e-15,0.00204240004622226,0.00300481408991649,0,0.000347936082064332,0,4.73786793486766e-17,0,0.00091720482571415,9.71752022236767e-05,0.00253845324859943,0.00077654626896453,0.000297282948862766,0.000101963875832046
2025,1,24,0.0028195325277382,0,0,0.000121656645411419,0.038553892367298,3.9770813752045e-07,0.00122051649473358,0,0.0107775131214676,0.00779343691059477,0,0,1.48400492087017e-07,0,0.00143870512924261,1.44559603487092e-43,0,0.00868887754803397,0,0.0031141506894198,0.000664974400606777,0,2.79420967688251e-15,0.00212200986022322,0.00297344948858635,0,0.000348470788983465,0,3.12323934844792e-17,0,0.000900830627426632,8.88312081386613e-05,0.00248778606941986,0.000768660248923653,0.000278533727411937,9.78137116403931e-05
2025,1,29,0.00275353458965127,0,0,0.000110020562538959,0.0377315726692116,2.62868248721608e-07,0.00111883206481758,0,0.0106616578915773,0.00782884976941552,0,0,3.54887270442396e-08,0,0.00138801407648813,4.27103920669262e-44,0,0.00877403578268365,0,0.00323864057343243,0.000622555060430573,0,1.50351305493296e-15,0.00220577863820349,0.00294183719250034,0,0.000348983291223464,0,2.0525420682942e-17,0,0.000884531089638726,8.10516896076403e-05,0.00243686116972239,0.000760382029859133,0.000260760372881463,9.37808070602847e-05
2025,2,3,0.0026868917884951,0,0,9.93214267387534e-05,0.0368977501614457,2.31416186527441e-07,0.00102180180215182,0,0.0105388633492207,0.00786266350846157,0,0,2.49504022935605e-08,0,0.00133858166350878,1.25151721039e-44,0,0.00885729949011799,0,0.00336356749090037,0.000582364925959671,0,8.0288607135507e-16,0.00229359337289448,0.00290999073685235,0,0.000349471791270255,0,1.34475556269885e-17,0,0.000868318098426665,7.38846464937948e-05,0.00238580057300426,0.000751726659662254,0.000244034223765018,8.98638956292627e-05
2025,2,8,0.00261989574287607,0,0,8.95041078794901e-05,0.036053997887065,2.03482260339881e-07,0.00092971407322243,0,0.0104093669291043,0.00789485129398692,0,0,1.74090248012086e-08,0,0.00129042423364612,3.63711265239098e-45,0,0.00893860525889171,0,0.00348856803155486,0.000544322558797104,0,4.25499597265913e-16,0.00238534181605141,0.00287792374624126,0,0.000349936773435905,0,8.78332827517904e-18,0,0.000852194019123918,6.7300970129556e-05,0.00233450976161915,0.000742709709973938,0.00022820932254617,8.6064400277656e-05
2025,2,13,0.0025524342384502,0,0,8.05144443481887e-05,0.035201877527306,1.78704961105023e-07,0.000842778759378986,0,0.0102734194506954,0.00792538714247771,0,0,1.20553853283487e-08,0,0.00124352158346672,1.04831871108505e-45,0,0.00901789109135973,0,0.00361341846195557,0.000508346928262976,0,2.23791141887393e-16,0.00248072263689508,0.00284564992056458,0,0.000350376402335979,0,5.71925371390778e-18,0,0.000836164319856017,6.11616607098274e-05,0.00228305444943593,0.000733347230178444,0.000213251422370707,8.23805653416698e-05
2025,2,18,0.00248449251519943,0,0,7.22995084188955e-05,0.0343429344320548,1.5675590739144e-07,0.000761131386284115,0,0.0101312377951464,0.00795424595644703,0,0,8.28509532476945e-09,0,0.00119786445742682,2.99672285807992e-46,0,0.00909509648379072,0,0.00373794399421517,0.000474358250792583,0,1.16811376173521e-16,0.0025793728450382,0.0028131830209373,0,0.000350789636152944,0,3.71265072375693e-18,0,0.000820234346519552,5.5583434247993e-05,0.00223145709042495,0.000723655700511049,0.000199120666928793,7.88106266766804e-05
2025,2,23,0.00241625250148604,0,0,6.48078353253418e-05,0.0334786928444209,1.37337295140633e-07,0.000684838191752329,0,0.00998319642790052,0.00798140355974787,0,0,5.65097887352005e-09,0,0.0011534424534009,8.49603869907757e-47,0,0.00917016250424826,0,0.00386189657289436,0.000442259587735901,0,6.05098251412571e-17,0.00268083084125995,0.00278053685565789,0,0.000351176215967792,0,2.4026654745595e-18,0,0.000804409318629133,5.04088716476153e-05,0.00217971962586941,0.000713651984467443,0.000185781407266022,7.5355409798401e-05
2025,2,28,0.00234764717482349,0,0,5.79732521554133e-05,0.0326106513399464,1.20179486697006e-07,0.000613901935648782,0,0.00982947579384009,0.00800683673233179,0,0,3.82524819237718e-09,0,0.00111024408177287,2.38892789513979e-47,0,0.00924303186809027,0,0.00398507193778845,0.000411989574673104,0,3.11075039317379e-17,0.00278440656732569,0.00274772526624353,0,0.000351534379643672,0,1.55012601376098e-18,0,0.000788694325367673,4.5673632236533e-05,0.00212785249770698,0.000703353280702966,0.000173266491908544,7.2012723261735e-05
2025,3,5,0.00227887326745197,0,0,5.1783186407712e-05,0.0317402784990407,1.05038738335234e-07,0.000548268256023878,0,0.00967048334354502,0.0080305099144018,0,0,2.5698354417736e-09,0,0.0010682568245721,6.66202502486613e-48,0,0.00931364901094377,0,0.0041072790963131,0.000383472693672663,0,1.58709506318845e-17,0.00288937466901833,0.00271476211355586,0,0.000351862404976716,0,9.97023016374587e-19,0,0.000773094321845167,4.13453694008118e-05,0.00207586407205047,0.000692777074609341,0.00016145072761746,6.87803068154399e-05
2025,3,10,0.0022098743662062,0,0,4.61721238663512e-05,0.0308690088291903,9.1695064505576e-08,0.000487832381647931,0,0.00950646444623563,0.00805242958306063,0,0,1.71340792381269e-09,0,0.00102746719450667,1.84257908028804e-48,0,0.00938196015901836,0,0.00422827711532927,0.00035663028110709,0,8.03598701023332e-18,0.00299487033744412,0.00268166126403825,0,0.000352160924672438,0,6.39304625505559e-19,0,0.000757614125570614,3.73641213538367e-05,0.00202380205265086,0.000681941089755149,0.000150322423850623,6.56577461853077e-05
2025,3,15,0.00214081814766424,0,0,4.10961278537311e-05,0.0299982389513917,7.99502361601063e-08,0.000432446021844223,0,0.00933773258906899,0.00807256116110778,0,0,1.13377268182242e-09,0,0.000987860793751752,5.05431925761639e-49,0,0.00944791339662896,0,0.00434795183273123,0.000331408741621463,0,4.03807165042213e-18,0.00309992149678954,0.00264843657608499,0,0.000352428221113158,0,4.08672102393765e-19,0,0.000742258413141226,3.37826858426775e-05,0.0019716808284428,0.000670863239373917,0.000139847712171538,6.26443253521387e-05
2025,3,20,0.00207184163261111,0,0,3.65133711373704e-05,0.0291293240631052,6.96259097961418e-08,0.000381924269169244,0,0.00916460836192582,0.00809088559182625,0,0,7.4456217029564e-10,0,0.000949422372357179,1.37504168379465e-49,0,0.0095114587308052,0,0.00446598116989973,0.000307711224940117,0,2.01375821253789e-18,0.00320346665743899,0.00261510188656239,0,0.000352662649622535,0,2.6043936049543e-19,0,0.000727031717152564,3.04168351883748e-05,0.00191961101666332,0.000659561578080612,0.000130090226310456,5.97355105475264e-05
2025,3,25,0.00200297236215527,0,0,3.23473721674538e-05,0.0282635746878576,6.05618832483661e-08,0.000336052368175348,0,0.00898741844784215,0.00810738493721026,0,0,4.85272528046945e-10,0,0.000912135886144047,3.71010085130936e-50,0,0.00957254815287282,0,0.00458227406216237,0.000285469183227294,0,9.96641891490153e-19,0.00330437522367912,0.00258167099750114,0,0.000352864143313234,0,1.65463699944718e-19,0,0.000711938423332687,2.74371876947989e-05,0.00186747983321242,0.000648054253993216,0.000120914060613533,5.69324378484924e-05
2025,3,30,0.00193431025588764,0,0,2.86226313943407e-05,0.0274021749039726,5.26144737689592e-08,0.000294592223323073,0,0.0088064945965149,0.00812204240788125,0,0,3.13891970237897e-10,0,0.000875984553966907,9.92823903541137e-51,0,0.00963113569689999,0,0.00469655665070406,0.000264546080255989,0,4.89518895433325e-19,0.0034014715031033,0.00254815766297859,0,0.000353031169459257,0,1.04800492933115e-19,0,0.000696982767902941,2.47177676196236e-05,0.00181548651246968,0.000636359461431328,0.000112291257983121,5.42321133475364e-05
2025,4,4,0.00186595817526633,0,0,2.5298266802418e-05,0.0265465049651334,4.56550135460388e-08,0.000257288540220612,0,0.00862217258536906,0.00813484239194023,0,0,2.01504368998588e-10,0,0.000840950914224348,2.63496828798399e-51,0,0.00968717749490966,0,0.00480869921359511,0.000244979530041558,0,2.38615302650294e-19,0.00349356162915627,0.00251457557620927,0,0.000353165109059255,0,6.61741546759689e-20,0,0.000682168835167451,2.22100966787626e-05,0.00176363615453237,0.000624495394358133,0.00010420845469371,5.16326414816371e-05
2025,4,9,0.001798020928169,0,0,2.23036098954704e-05,0.0256976348128879,3.95684575155839e-08,0.000223874515945087,0,0.00843479117276563,0.00814577048268665,0,0,1.2838033027968e-10,0,0.00080700554146324,6.93577856396485e-52,0,0.00974063182876755,0,0.00491847519674879,0.000226665721724322,0,1.15431843880727e-19,0.00357946244418461,0.00248093835686086,0,0.000353262899375142,0,4.16560381067613e-20,0,0.000667500555332873,1.99586718165443e-05,0.0017119388605667,0.000612480200725788,9.66416715444002e-05,4.91327992552736e-05
2025,4,14,0.00173054674189182,0,0,1.96439670988346e-05,0.024856433919819,3.42520981115586e-08,0.000194077015512157,0,0.00824464083037211,0.00815481350513469,0,0,8.11749951272308e-11,0,0.000774153468433815,1.81063830461399e-52,0,0.00979145917866352,0,0.0050256969890243,0.000209544093739028,0,5.54180810337203e-20,0.00365804306766953,0.00244725953861276,0,0.000353323835813839,0,2.61415903359976e-20,0,0.000652981702559512,1.79120443993781e-05,0.00166044547048498,0.000600331937877368,8.95603541457727e-05,4.67284760938674e-05
2025,4,19,0.00166376613731587,0,0,1.72707333251866e-05,0.0240244531766812,2.96143814642036e-08,0.000167621191972779,0,0.00805217021722786,0.00816195954125973,0,0,5.09396333454007e-11,0,0.000742351544741154,4.68797024731559e-53,0,0.00983962226811324,0,0.0051301748464593,0.000193566399006917,0,2.64043720155382e-20,0.00372819959515404,0.00241355255697294,0,0.000353348697333298,0,1.63549993058806e-20,0,0.000638615893244307,1.59905045676811e-05,0.00160922486469501,0.000588068529150897,8.29084417187174e-05,4.44176742932396e-05
2025,4,24,0.00159771494799204,0,0,1.51403659035905e-05,0.023202414146037,2.55738194888559e-08,0.00014423452660529,0,0.0078576630427375,0.00816719795390929,0,0,3.17248165134125e-11,0,0.000711604252257924,1.20380085654858e-53,0,0.00988508610541568,0,0.00523170888958429,0.000178603753971131,0,1.24852922296903e-20,0.00378903224394261,0.00237983073736884,0,0.000353336740094374,0,1.02007836905756e-20,0,0.000624406584535791,1.4272311390856e-05,0.00155832723229265,0.000575707721822913,7.66931087340682e-05,4.22001696795385e-05
2025,4,29,0.00153249616040107,0,0,1.32287581956863e-05,0.0223912493349118,2.20579922989006e-08,0.000123650282829248,0,0.00766145962417108,0.00817051940931482,0,0,1.96088526970106e-11,0,0.000681878890644729,3.06578085340321e-54,0,0.00992781802151077,0,0.005330094410483,0.000164618890940683,0,5.85895402393003e-21,0.00383963893324702,0.00234610728352665,0,0.000353286520619935,0,6.34280017621323e-21,0,0.000610357073080584,1.26863653042773e-05,0.00150779259274156,0.000563267046520346,7.09235793337392e-05,4.00734490605623e-05
2025,5,4,0.00146814623490063,0,0,1.15706346840647e-05,0.0215917515426181,1.90026354187989e-08,0.000105610382504147,0,0.00746389806062801,0.00817191589814265,0,0,1.202859797836e-11,0,0.000653143835196682,7.74362343584326e-55,0,0.00996778770419101,0,0.00542516729301997,0.000151665096220921,0,2.72860064537459e-21,0.00387926987679061,0.00231239526615301,0,0.000353197400323972,0,3.93181435250517e-21,0,0.000596470494000505,1.12888730440403e-05,0.00145764065817012,0.000550763778220431,6.5524142972268e-05,3.80341956738137e-05
2025,5,9,0.00140489971742749,0,0,1.00844421659937e-05,0.020804902693786,1.63508063592456e-08,8.98677260122436e-05,0,0.00726531323778435,0.00817138075502478,0,0,7.32297576573402e-12,0,0.000625401820950031,1.9398314751278e-55,0,0.0100049672286294,0,0.00551663150102032,0.000139589637444866,0,1.26112569467806e-21,0.00390750153751963,0.00227870761193208,0,0.00035306877066631,0,2.42979402978015e-21,0,0.000582749820098959,1.00291078296019e-05,0.00140796588609421,0.000538214898948892,6.04584679602636e-05,3.60791590563328e-05
2025,5,14,0.0013427725034708,0,0,8.71939598027813e-06,0.020031288789084,1.4052125239552e-08,7.61879878853339e-05,0,0.00706603585691169,0.0081689086765131,0,0,4.42455853083585e-12,0,0.000598619553961323,4.8194828186248e-56,0,0.0100393310841952,0,0.00560430152341162,0.000128396732257058,0,5.78462593402234e-22,0.00392390675476318,0.00224505709285041,0,0.000352900053555126,0,1.49696070544271e-21,0,0.000569197861294748,8.93800945056374e-06,0.00135878729859663,0.000525637062276832,5.58075010630723e-05,3.42070435303834e-05
2025,5,19,0.00128185179358807,0,0,7.57024150932591e-06,0.0192717586163309,1.20620842960597e-08,6.4350927737637e-05,0,0.00686639149243823,0.00816448274181047,0,0,2.65315152078947e-12,0,0.000572775834869763,1.18755444416778e-56,0,0.0100708561975393,0,0.00568794957933004,0.000117966640495242,0,2.63324152823585e-22,0.00392826924464833,0.00221145631586103,0,0.000352689237021005,0,9.19423972631287e-22,0,0.000555817264281036,7.87888728753058e-06,0.00131021976311805,0.0005130465597067,5.14433271285956e-05,3.2416330313378e-05
2025,5,24,0.00122221906916849,0,0,6.55963832803973e-06,0.0185268575889012,1.03414212939571e-08,5.4151262006293e-05,0,0.0066666996821511,0.00815812740892063,0,0,1.5789338029472e-12,0,0.000547849285527967,2.90217288695217e-57,0,0.0100995219519369,0,0.00576734284431544,0.000108270929865974,0,1.18961003829433e-22,0.00392069791678692,0.00217791771289743,0,0.000352438811644679,0,5.62970617409761e-22,0,0.000542607539128608,6.99021479201494e-06,0.00126224559581411,0.000500459289027398,4.73208252713061e-05,3.07017691991258e-05
2025,5,29,0.00116359195171381,0,0,5.67316387580343e-06,0.0177971560820532,8.85555205806077e-09,4.53991456363798e-05,0,0.00646727305394094,0.00814982748413445,0,0,9.32557357326492e-13,0,0.000523818391552431,7.0341186561846e-58,0,0.010125310202888,0,0.00584224411111062,9.92475993515386e-05,0,5.33355839209907e-23,0.0039013292826233,0.00214445353124734,0,0.000352145992686355,0,3.43652982297014e-22,0,0.000529568310510019,6.14525510764428e-06,0.00121497727718497,0.000487890724708196,4.35588951178515e-05,2.90630269452676e-05
2025,6,3,0.0011068150072039,0,0,4.86090364829243e-06,0.0170831651265874,7.5740575511871e-09,3.79203145855525e-05,0,0.006268416492765,0.00813958326275625,0,0,5.46634381435009e-13,0,0.000500650760985085,1.69087988557787e-58,0,0.0101482052899825,0,0.0059124131924861,9.09072733747436e-05,0,2.37316534249811e-23,0.0038705324097802,0.00211106909757732,0,0.000351811118463723,0,2.09131276576238e-22,0,0.000516716906458722,5.45100754534088e-06,0.00116840435095798,0.000475355890390555,4.00296045714325e-05,2.7498715573088e-05
2025,6,8,0.00105145559810291,0,0,4.20294151382203e-06,0.0163853373335714,6.47022115244318e-09,3.15559401043334e-05,0,0.00607042635125755,0.00812739646604326,0,0,3.18000714511686e-13,0,0.000478347257015902,4.03118272322324e-59,0,0.010168194045045,0,0.0059776086341466,8.32221668334537e-05,0,1.04794249025919e-23,0.00382883600863067,0.00207779015945127,0,0.000351434526673768,0,1.26876836819049e-22,0,0.000504045759542996,4.82807997055963e-06,0.00112257196202422,0.000462869333526444,3.68067608395084e-05,2.60044755122442e-05
2025,6,13,0.000997713343493196,0,0,3.60869084907248e-06,0.0157040680176905,5.5206120183464e-09,2.61622444303516e-05,0,0.0058735347008834,0.00811327024869009,0,0,1.83598449225472e-13,0,0.000456874367348754,9.53166715840479e-60,0,0.0101852657965856,0,0.00603758978562415,7.61007845573863e-05,0,4.59246030884622e-24,0.00377691065880497,0.00204462115839314,0,0.000351015029796766,0,7.67379476271728e-23,0,0.000491553638707664,4.2393510244017e-06,0.00107753628990725,0.000450445102201183,3.37674136783573e-05,2.45790340994146e-05
2025,6,18,0.000945557417036432,0,0,3.09260123677864e-06,0.0150396965038496,4.70471064384402e-09,2.15874301690271e-05,0,0.00567813592804174,0.00809720920442526,0,0,1.0520095498276e-13,0,0.000436210431630323,2.23522842370938e-60,0,0.0101994123705877,0,0.00609211919721798,6.95901845344746e-05,0,1.99733946196484e-24,0.00371554771788814,0.00201157351593231,0,0.000350552271906988,0,4.62703196384935e-23,0,0.000479248582648757,3.71449992625698e-06,0.00103330573295447,0.000438096724168404,3.10170271639394e-05,2.32218215233599e-05
2025,6,23,0.000895028872103517,0,0,2.60498356936552e-06,0.0143924270093769,4.00457297518393e-09,1.7766068542362e-05,0,0.00548443335800042,0.00807921936968942,0,0,5.98246431456669e-14,0,0.0004163113764118,5.19866236640306e-61,0,0.0102106280876746,0,0.00614096529938381,6.3581620436949e-05,0,8.62098447267118e-25,0.00364563581446729,0.00197865842642159,0,0.000350045186018243,0,2.7813734354478e-23,0,0.000467128797324851,3.26157130460096e-06,0.000989985156284416,0.000425837188114425,2.84857484724434e-05,2.19266442580012e-05
2025,6,28,0.000846043287450969,0,0,2.21877488847444e-06,0.0137625776982274,3.40452965972333e-09,1.45454574201998e-05,0,0.00529268240281261,0.00805930822536939,0,0,3.37637217124779e-14,0,0.000397158474244043,1.19916231544145e-61,0,0.0102189097567026,0,0.0061839053102376,5.79709871058413e-05,0,3.69283881929653e-25,0.00356813586871712,0.00194588684973446,0,0.000349495007837054,0,1.66678885589591e-23,0,0.000455192635173872,2.8578092730524e-06,0.000947577507932957,0.000413678927159207,2.61259756779775e-05,2.06951008131591e-05
2025,7,3,0.000798822646990183,0,0,1.86622072516986e-06,0.0131503421799865,2.89091724708002e-09,1.18396207116537e-05,0,0.00510312673876504,0.00803748469656589,0,0,1.89116868624734e-14,0,0.000378786339290591,2.7433485525814e-62,0,0.0102242566648384,0,0.00622072830740891,5.28032340992331e-05,0,1.56986516037928e-25,0.00348405557871462,0.00191326950436805,0,0.000348900694659257,0,9.95786780785409e-24,0,0.000443444575500315,2.50070274738178e-06,0.000906072574939317,0.000401633804591151,2.3958871052647e-05,1.95199561762339e-05
2025,7,8,0.000753306707704794,0,0,1.59858782747424e-06,0.0125559171912927,2.45183837979305e-09,9.61317933459084e-06,0,0.00491599783550349,0.0080137591503772,0,0,1.0512838319619e-14,0,0.000361137970965558,6.2244454606748e-63,0,0.010226670564181,0,0.00625123839271406,4.80149130585924e-05,0,6.62312359506857e-26,0.00339442426382636,0.00188081686095486,0,0.000348262021451089,0,5.93084546403215e-24,0,0.000431888554497746,2.15457240729622e-06,0.000865606747159512,0.000389713101823454,2.1907411135826e-05,1.84014782874172e-05
2025,7,13,0.000709451936599998,0,0,1.33173740329419e-06,0.0119793000497396,2.07694822845305e-09,7.72466843655746e-06,0,0.004731514544197,0.00798814339168519,0,0,5.79988607823256e-15,0,0.000344192987281925,1.40067378475495e-63,0,0.0102261556550014,0,0.00627525787232992,4.36505401019836e-05,0,2.77307666937506e-26,0.00330018647465958,0.00184853913618602,0,0.000347578796030034,0,3.52152959328808e-24,0,0.000420522274806949,1.86182889301987e-06,0.000826097402193433,0.000377925918285895,2.00283231155524e-05,1.733739166341e-05
2025,7,18,0.000667465241187927,0,0,1.0827651059413e-06,0.0114205302195259,1.75726463496383e-09,6.17957190068004e-06,0,0.0045498827455875,0.00796065065693462,0,0,3.17562126858779e-15,0,0.000327907618622431,3.12600733812673e-64,0,0.0102227185656742,0,0.006292608878371,3.96271917968106e-05,0,1.15228366096255e-26,0.00320253358122295,0.00181644628714755,0,0.000346849375979335,0,2.08454156636334e-24,0,0.000409343485884354,1.61727834168373e-06,0.000787646815321126,0.000366285711856346,1.82478201184604e-05,1.6330449407118e-05
2025,7,23,0.000627129014923869,0,0,9.04435306315499e-07,0.0108795179133563,1.48499962733191e-09,4.8406178055037e-06,0,0.00437124147007776,0.00793129560590065,0,0,1.72563007628148e-15,0,0.000312306570713617,6.91925990725976e-65,0,0.0102163683293855,0,0.00630320696057982,3.60172734501921e-05,0,4.75177031156127e-27,0.00310231056946768,0.0017845480060708,0,0.000346076679163999,0,1.23013920410791e-24,0,0.000398355850515391,1.40162082485618e-06,0.00075023120009537,0.000354800169774318,1.66410904840084e-05,1.53732934558215e-05
2025,7,28,0.000588569092767218,0,0,7.14842729244201e-07,0.0103563170263234,1.25341015951849e-09,3.84297139549564e-06,0,0.00419582863778616,0.0079000943114445,0,0,9.306287433402e-16,0,0.00029734512253609,1.51895865794184e-65,0,0.0102071163577041,0,0.00630691995263709,3.25911441744326e-05,0,1.94468822740763e-27,0.00300041649517303,0.00175285371549704,0,0.000345258321829863,0,7.23706448597263e-25,0,0.000387560146834879,1.22652031290605e-06,0.000713861228889006,0.000343478171172349,1.517776847705e-05,1.44630076653768e-05
2025,8,2,0.000551699709612615,0,0,6.08667474932031e-07,0.00985092659145661,1.05666610998975e-09,3.00851841590049e-06,0,0.00402386643103589,0.00786706424726117,0,0,4.980982126037e-16,0,0.000282982820215542,3.30711213897575e-66,0,0.0101949764111118,0,0.00630367243945005,2.95360760012193e-05,0,7.8984712142814e-28,0.00289767526433829,0.00172137256385584,0,0.00034439573100531,0,4.24458376095657e-25,0,0.000376956290340824,1.07156595820215e-06,0.000678613719246899,0.00033232798514728,1.38304272395571e-05,1.3601735006779e-05
2025,8,7,0.000516436751149704,0,0,4.43397751471277e-07,0.00936289082467397,8.89733742411882e-10,2.33725638567352e-06,0,0.00385544290958114,0.00783222427362784,0,0,2.64583809665233e-16,0,0.000269254989227156,7.14115644456355e-67,0,0.0101799645665896,0,0.00629342049173287,2.67036979543241e-05,0,3.18371807890552e-28,0.00279482535196534,0.00169010680402321,0,0.000343487379920898,0,2.48183129661404e-25,0,0.000366541822455267,9.3467902554315e-07,0.000644464820689701,0.000321357271313455,1.25759749308642e-05,1.2784338416261e-05
2025,8,12,0.000482836160766442,0,0,3.19427206983807e-07,0.00889256607216497,7.4827299135407e-10,1.76842663128917e-06,0,0.00369069613233614,0.0077955946211661,0,0,1.3948300926104e-16,0,0.000256095284807166,1.52934276139434e-67,0,0.0101620991823653,0,0.00627615329392401,2.4137195154436e-05,0,1.27357544399383e-28,0.00269246226114449,0.00165907869620285,0,0.000342534778175157,0,1.44668469974144e-25,0,0.00035632259607881,7.83956133115937e-07,0.000611362943261759,0.000310573082253473,1.14227770567244e-05,1.20081387908011e-05
2025,8,17,0.000450869507656494,0,0,2.37243416355928e-07,0.00843949360765244,6.28547084911299e-10,1.33918232474542e-06,0,0.00352969498821882,0.00775719687263555,0,0,7.29775219616962e-17,0,0.00024349652991624,3.24831228454831e-68,0,0.0101414008599285,0,0.00625189428339306,2.18079398326437e-05,0,5.05607210977846e-29,0.00259120275748653,0.00162828269993469,0,0.000341537188063197,0,8.40697977725117e-26,0,0.0003462953620777,6.82300074676215e-07,0.000579378427547287,0.000299981867792235,1.03958623460052e-05,1.12741258371224e-05
2025,8,22,0.000420496834277664,0,0,1.65878238103747e-07,0.00800337981334844,5.27343154980826e-10,9.37779096358387e-07,0,0.00337266788705888,0.0077170539427807,0,0,3.78936707229717e-17,0,0.000231440611751544,6.84269804080693e-69,0,0.0101178924034255,0,0.00622070176252883,1.9682193858647e-05,0,1.99205053235083e-29,0.00249154225650665,0.00159774080412176,0,0.000340494677980221,0,4.8704669425145e-26,0,0.000336456811967845,5.92851742499347e-07,0.000548506517532572,0.000289589481014544,9.40581243955261e-06,1.0582535862351e-05
2025,8,27,0.000391688331048985,0,0,1.41474126360116e-07,0.00758406757172903,4.41902614747714e-10,6.24292514710445e-07,0,0.00321964803922454,0.00767519005625775,0,0,1.95278307591706e-17,0,0.000219919104101502,1.42959702236775e-69,0,0.0100915987765489,0,0.00618266895913689,1.77600416158841e-05,0,7.78907619052758e-30,0.0023937727178749,0.00156744659291013,0,0.000339407348074828,0,2.81297375430248e-26,0,0.000326804239523567,4.99382144912114e-07,0.000518766001914699,0.000279401185941656,8.56297067784209e-06,9.92644840223452e-06
2025,9,1,0.000364402578368602,0,0,1.20422410457747e-07,0.00718121867702572,3.69860202062238e-10,4.70863603599473e-07,0,0.00307071883127803,0.00763163072367193,0,0,9.98736884004219e-18,0,0.000208901958982712,2.96221483509152e-70,0,0.0100625470570385,0,0.0061379235253274,1.60072855490255e-05,0,3.02252611786923e-30,0.00229806084982616,0.00153742177182591,0,0.000338275329983588,0,1.61966517031096e-26,0,0.00031734908291356,4.32786831171933e-07,0.00049011924281281,0.000269421666777815,7.75873762623765e-06,9.30810206861146e-06
2025,9,6,0.000338533990900942,0,0,8.21765728259377e-08,0.00679462816663988,3.09190697186062e-10,3.49700533163908e-07,0,0.00292595036414178,0.00758640271576052,0,0,5.06941605829717e-18,0,0.0001983495704545,6.08746011304425e-71,0,0.0100307663889147,0,0.00608662648026426,1.43955228456183e-05,0,1.16399920023883e-30,0.00220482512815295,0.00150764592057646,0,0.000337098786538011,0,9.29713824878129e-27,0,0.000308087211412334,3.59050403094645e-07,0.000462563264899057,0.000259655038634062,6.9885368159276e-06,8.72026428163317e-06
2025,9,11,0.000314174175144442,0,0,6.98979999753384e-08,0.00642415020611857,2.58162424253639e-10,2.02895830532204e-07,0,0.00278539972013134,0.00753953403576085,0,0,2.55372744747606e-18,0,0.000188245511018304,1.24071594310915e-71,0,0.00999628793256668,0,0.00602897061727601,1.29289620515582e-05,0,4.44870707727908e-31,0.00211403316832864,0.0014781675657046,0,0.00033587641974315,0,5.32032077466795e-27,0,0.000299011706729129,3.10405245947466e-07,0.000436111116383946,0.000250104859633473,6.31640953294637e-06,8.16888459550099e-06
2025,9,16,0.000291196888554294,0,0,5.93342017161042e-08,0.00606910867134142,2.15296738179602e-10,1.37155502657127e-07,0,0.00264905246616873,0.00749105389000674,0,0,1.276735438349e-18,0,0.000178631092351686,2.50798685292641e-72,0,0.0099591448128178,0,0.00596517841039534,1.16168070969399e-05,0,1.68738214366289e-31,0.00202572766991172,0.00144897167465085,0,0.000334611515868047,0,3.03522457126129e-27,0,0.000290131194395762,2.67901573859909e-07,0.000410720997149595,0.000240774144299361,5.70192509368892e-06,7.64752518938442e-06
2025,9,21,0.00026962221080239,0,0,5.02653950070995e-08,0.00572933170496242,1.79332783105154e-10,1.07782491367946e-07,0,0.00251700756677915,0.0074409926568007,0,0,6.33486031540338e-19,0,0.000169451933202087,5.02799464553875e-73,0,0.00991937206509508,0,0.00589549946891362,1.04243269423992e-05,0,6.35172367673863e-32,0.00193989382031316,0.00142005758620651,0,0.000333302002063019,0,1.72626841245396e-27,0,0.000281432077827755,2.30830913913634e-07,0.000386453475368555,0.000231665378126007,5.12610490017138e-06,7.1529949811215e-06
2025,9,26,0.000249327126005575,0,0,4.24968508431114e-08,0.00540447431783364,1.4919688529192e-10,8.43514089083509e-08,0,0.00238934212249265,0.00738938185361345,0,0,3.11948523022367e-19,0,0.000160670925044531,9.9972606629899e-74,0,0.00987700657982742,0,0.00582020760056045,9.24293857895692e-06,0,2.3728388981471e-32,0.00185647006170265,0.00139143862899506,0,0.000331949708335481,0,9.78791752338388e-28,0,0.000272919424194645,1.98556946373033e-07,0.000363225053275915,0.000222780533230036,4.6160948294376e-06,6.69061427415827e-06
2025,10,1,0.000230135597232114,0,0,3.58565137091927e-08,0.00509415415632271,1.23976013120767e-10,3.98353984806327e-08,0,0.00226599764905289,0.00733625410266559,0,0,1.52453916316766e-19,0,0.000152294590160236,1.97144144983349e-74,0,0.00983208704519931,0,0.00573959755404748,8.19286213625944e-06,0,8.79717880465077e-33,0.00177531495279777,0.00136312739873326,0,0.000330553413797096,0,5.53269540515878e-28,0,0.00026459556078159,1.56566271754088e-07,0.00034099084677311,0.000214121084979656,4.16852875024738e-06,6.25488884635653e-06
2025,10,6,0.000212277076625839,0,0,3.01927762730878e-08,0.00479799827992078,1.02894800015174e-10,3.10044804450968e-08,0,0.00214697179134565,0.00728164309495041,0,0,7.394418006281e-20,0,0.00014432055053972,3.85570154393185e-75,0,0.00978465388838626,0,0.00565398151962342,7.29122832362256e-06,0,3.23680916034268e-33,0.00169640648283483,0.00133512184629102,0,0.000329114979893489,0,3.11779606432134e-28,0,0.000256449821306686,1.34388265149456e-07,0.000319789389251814,0.000205688029498669,3.7435831147925e-06,5.83972642901983e-06
2025,10,11,0.000195549064171026,0,0,2.53724101038211e-08,0.00451569661707219,8.5295683155335e-11,2.40316643955711e-08,0,0.00203225157305922,0.00722558355275987,0,0,3.55941946259972e-20,0,0.000136741941625246,7.47893215598655e-76,0,0.00973474921539809,0,0.00556368547172104,6.47931141205806e-06,0,1.18192325876046e-33,0.00161954622201464,0.0013074204656887,0,0.000327633996796559,0,1.7515523843459e-28,0,0.000248495938256112,1.151569085369e-07,0.000299572758766495,0.00019748190194235,3.33989423791384e-06,5.4539591650081e-06
2025,10,16,0.000179902836188354,0,0,2.12786510581254e-08,0.00424683229898528,7.06217622408331e-11,1.85501469213921e-08,0,0.00192181390787238,0.00716811119077937,0,0,1.70045093338106e-20,0,0.000129509019925844,1.43877351987509e-76,0,0.0096824167496553,0,0.0054690454405788,5.71225349507256e-06,0,4.28311734512953e-34,0.00154454537448711,0.00128004165364515,0,0.000326110863538496,0,9.80986519174577e-29,0,0.000240722928117953,9.85108667187535e-08,0.000280355592923835,0.000189502795442942,3.00581585063445e-06,5.08892565035619e-06
2025,10,21,0.000165289698065674,0,0,1.78094361851995e-08,0.003990486932412,5.84020287414972e-11,1.42598507075156e-08,0,0.00181562613144221,0.00710926267582002,0,0,8.06229713093161e-21,0,0.000122586923197002,2.74512381249791e-77,0,0.00962770176942288,0,0.00537040379982322,5.05405924438268e-06,0,1.54038462850759e-34,0.00147132137706611,0.00125298285636002,0,0.000324546006545152,0,5.47731138183214e-29,0,0.000233129238091958,6.86742110222195e-08,0.000262099657333585,0.000181750380623766,2.71751458002473e-06,4.74678248017506e-06
2025,10,26,0.000151661229713908,0,0,1.48757875383564e-08,0.00374699949040203,4.82386574748229e-11,1.09165833816036e-08,0,0.00171364655068286,0.00704907558525985,0,0,3.79370236690335e-21,0,0.000116042027674035,5.19455197821287e-78,0,0.0095706510442245,0,0.00526810565443402,4.44387981060637e-06,0,5.49790066210316e-35,0.00139978669720512,0.00122623462482593,0,0.000322939879099489,0,3.04885173751578e-29,0,0.000225707294300968,5.86425493016667e-08,0.000244769431180805,0.000174223925582509,2.38895576299195e-06,4.42532560225011e-06
2025,10,31,0.000138904167202265,0,0,1.2400337121581e-08,0.00351556149520119,3.97960893711843e-11,8.32266927490366e-09,0,0.00161582500685193,0.00698758836426864,0,0,1.77164813804904e-21,0,0.000109756900995912,9.74879445706654e-79,0,0.00951131277035841,0,0.00516247490416521,3.89597180834857e-06,0,1.9474356246487e-35,0.00132976269639585,0.00119980206356905,0,0.000321292960784316,0,1.69188041473689e-29,0,0.000218461587045028,4.99911299380618e-08,0.000228297143987226,0.00016692231624639,2.10888210487725e-06,4.12334231539731e-06
2025,11,5,0.000127113023393658,0,0,1.03159863107888e-08,0.00329604204364512,3.27916673200954e-11,6.31891759211499e-09,0,0.00152210344900979,0.00692484028189307,0,0,8.21110204797478e-22,0,0.000103812287846992,1.81455605840206e-79,0,0.0094497365056344,0,0.00505387725657407,3.4685720226068e-06,0,6.84585728759455e-36,0.00126115579346181,0.00117372310808916,0,0.000319605022916803,0,9.3598201406822e-30,0,0.000211381435347783,4.25435778200076e-08,0.000212741917552529,0.000159844077004338,1.8710684968297e-06,3.83811739378927e-06
2025,11,10,0.000116163209359007,0,0,8.564692444305e-09,0.00308766283216909,2.69876163948351e-11,4.77778838577815e-09,0,0.00143235996669309,0.00686087138608178,0,0,3.77689740519191e-22,0,9.81592114632849e-05,3.34970470999619e-80,0,0.00938597310344898,0,0.00494261984985017,3.01595690965053e-06,0,2.38831211507397e-36,0.00119385299299764,0.00114797277412914,0,0.000317878102633508,0,5.16214056932883e-30,0,0.000204474794006638,2.22777214823723e-08,0.000198010342626882,0.000152987391524209,1.67231886244637e-06,3.57234430141543e-06
2025,11,15,0.000106009603721788,0,0,7.0963748456956e-09,0.00289010972870261,2.21841858684972e-11,3.59762012472279e-09,0,0.00134664306015243,0.00679572245773164,0,0,1.72416445318309e-22,0,9.279595819162e-05,6.13280726561983e-81,0,0.0093200746463135,0,0.00482910307700604,2.64337940744837e-06,0,8.26899694087124e-37,0.00112782273237403,0.0011225750676447,0,0.000316111234800818,0,2.83828912133773e-30,0,0.000197751287995729,1.89300916182953e-08,0.000184119057863219,0.000146350123666265,1.50812930136626e-06,3.32320136594048e-06
2025,11,20,9.66081703617276e-05,0,0,5.86793229633929e-09,0.00270334389375035,1.82137935785364e-11,2.6977883982032e-09,0,0.00126475308107324,0.00672943496383891,0,0,7.81145521309535e-23,0,8.76883977971968e-05,1.11359883329697e-81,0,0.00925209437894707,0,0.00471356073857653,2.35999476502486e-06,0,2.84127382298523e-37,0.00106318604062636,0.00109751146005282,0,0.000314306528499254,0,1.5557790591484e-30,0,0.000191190057550541,1.60580613484549e-08,0.000170984912484763,0.000139929838407647,1.3271646355016e-06,3.08865389140067e-06
2025,11,25,8.79160673957997e-05,0,0,4.84236388809874e-09,0.00252657903274624,1.49360336628774e-11,2.01467342022507e-09,0,0.00118672669726544,0.00666205100984019,0,0,3.51232720804337e-23,0,8.28355771013895e-05,2.00546402787326e-82,0,0.00918208664104365,0,0.00459634265053148,2.07152718244661e-06,0,9.68884165558043e-38,0.000999835745370534,0.0010727847710725,0,0.000312463799184623,0,8.50165923241853e-31,0,0.00018479563278458,1.35985299068791e-08,0.000158653880609218,0.000133723822696422,1.16361326161969e-06,2.87094049399504e-06
2025,11,30,7.97678344285097e-05,0,0,3.98798523277288e-09,0.00235935033384636,1.22334267498877e-11,1.49832365677833e-09,0,0.00111235482645157,0.00659361329123007,0,0,1.56735635693521e-23,0,7.82160045178506e-05,3.58193453231339e-83,0,0.00911010679981904,0,0.00447770740166716,1.81226988227687e-06,0,3.27890727822014e-38,0.000937810333389111,0.00104841145915765,0,0.000310583671646285,0,4.63152431147373e-31,0,0.000178571724998044,1.149606629965e-08,0.000147049244188173,0.000127729106157797,1.04769400836147e-06,2.66515829959767e-06
2025,12,5,7.23921759724428e-05,0,0,3.27773216120942e-09,0.00220153823971406,1.00078075865537e-11,1.10971340495682e-09,0,0.00104166294665612,0.0065241650445434,0,0,6.94145147830409e-24,0,7.38412412020562e-05,6.34507952626777e-84,0,0.00903621118244085,0,0.00435792651660347,1.56342509565698e-06,0,1.10124746698513e-38,0.000877171468901046,0.00102437205635148,0,0.000308666036461129,0,2.51540943525401e-31,0,0.000172509601163959,9.70208354204989e-09,0.00013615396798981,0.000121940741078246,9.2681929848754e-07,2.47264401809302e-06
2025,12,10,6.56019010079972e-05,0,0,2.68854428953137e-09,0.00205281991225237,8.17725906275821e-12,8.18502958923247e-10,0,0.000974437049654058,0.00645374999779093,0,0,3.05100272578688e-24,0,6.96461397769912e-05,1.11473889300933e-84,0,0.00896045700844053,0,0.00423723495830827,1.3395171023049e-06,0,3.67061824115958e-39,0.000817953713888628,0.00100070372890665,0,0.000306713113484542,0,1.36193978298501e-31,0,0.000166604260851713,8.17408615927502e-09,0.000125907144725028,0.000116357296210842,8.00778244435246e-07,2.29070726459575e-06
2025,12,15,5.93602034424763e-05,0,0,2.20082114350482e-09,0.00191254865549526,6.67351384345567e-12,6.01220681089577e-10,0,0.000910633682817101,0.0063824123204385,0,0,1.33089765518966e-24,0,6.57238763714423e-05,1.9423428725908e-85,0,0.00888290232220368,0,0.00411589529915624,1.17465798526189e-06,0,1.21420501923396e-39,0.000760279321342995,0.000977352441587539,0,0.000304724793157567,0,7.35142632811445e-32,0,0.000160853288822685,6.87498671635599e-09,0.00011628151762759,0.000110973403469919,7.03915122808072e-07,2.12277710181379e-06
2025,12,20,5.36316967922945e-05,0,0,1.7979438973693e-09,0.00178034022576842,5.43975554477249e-12,4.39796546432087e-10,0,0.000849983504402204,0.00631019657301973,0,0,5.76177752277955e-25,0,6.20037892511581e-05,3.35656681882175e-86,0,0.00880360592563064,0,0.00399416122512791,1.02774129889932e-06,0,3.98605547317695e-40,0.000704301439208672,0.000954382133217865,0,0.000302701046946999,0,3.95594090631532e-32,0,0.000155254570409147,5.77248704242196e-09,0.000107302276250497,0.000105790475422901,6.16497505271909e-07,1.96599497695954e-06
2025,12,25,4.83116829104733e-05,0,0,1.4658561853033e-09,0.00165611252516122,4.42876075694275e-12,3.2038632723609e-10,0,0.000792799546581133,0.00623714765647325,0,0,2.47558630212636e-25,0,5.84767833469309e-05,5.75282755785667e-87,0,0.00872262731105612,0,0.00387219022854246,9.12705445730798e-07,0,1.29865311709883e-40,0.000650230235647145,0.000931771591380304,0,0.000300644114333021,0,2.12223007367845e-32,0,0.000149821407680884,4.83851978395175e-09,9.88962685878273e-05,0.000100800758869109,5.53642229565711e-07,1.81957035290535e-06
2025,12,30,4.35211798736685e-05,0,0,1.19269786896235e-09,0.00153905852949224,3.601331382253e-12,2.32434397473741e-10,0,0.000738714369247628,0.00616331076129516,0,0,1.0556243945209e-25,0,5.51333797907413e-05,9.77876644425099e-88,0,0.00864002659451272,0,0.00375023138593788,7.44124199877712e-07,0,4.19895765965848e-41,0.000597932814346512,0.000909494158087586,0,0.000298553222854828,0,1.1350098132743e-32,0,0.00014453812191956,4.04874595063137e-09,9.1057631771741e-05,9.60001659062384e-05,4.9672908325585e-07,1.68384574578064e-06
